date,van_id,driver,route_id,km,km_source,start_time,end_time,stops,max_load_kg
2026-06-15,P-01,Grzegorz Pawlak,N-R14,201.2,odometer,05:27,12:21,18,709
2026-06-15,P-02,Anna Sadowska,S-R08,75.3,odometer,05:26,11:24,34,993
2026-06-15,P-03,Dariusz Kaczmarek,N-R03,107.8,odometer,04:29,10:39,28,1044
2026-06-15,P-04,Paweł Zieliński,N-R09,143.2,odometer,05:06,12:04,27,835
2026-06-15,P-05,Janusz Kozłowski,S-R03,139.9,odometer,04:48,12:12,30,883
2026-06-15,P-06,Katarzyna Wójcik,N-R21,79.9,odometer,05:22,11:50,34,874
2026-06-15,P-07,Zbigniew Michalski,S-R01,108.1,odometer,04:41,10:50,26,957
2026-06-15,P-09,Adam Mazur,N-R02,119.3,odometer,04:37,10:53,24,712
2026-06-15,P-09,Kamil Krawczyk,N-R19,116.6,odometer,13:33,20:41,22,757
2026-06-15,P-10,Joanna Król,S-R12,93.3,odometer,05:38,11:52,35,841
2026-06-15,P-11,Jacek Wieczorek,N-R11,86.1,odometer,05:18,11:45,34,1001
2026-06-15,P-12,Henryk Walczak,S-R05,100.6,odometer,05:21,10:50,22,775
2026-06-15,P-12,Damian Stępień,S-R15,83.9,odometer,12:59,18:18,20,682
2026-06-15,P-13,Sebastian Jabłoński,N-R07,146.6,odometer,05:10,12:47,29,807
2026-06-15,P-14,Artur Pietrzak,N-R16,85.8,odometer,05:49,10:58,22,759
2026-06-15,P-15,Stanisław Czarnecki,S-R10,92.7,odometer,05:49,11:50,31,934
2026-06-15,P-16,Monika Kubiak,N-R12,161.3,odometer,05:36,13:17,31,977
2026-06-15,P-17B,Waldemar Kasprzak,S-R06,111.3,odometer,05:00,11:49,30,870
2026-06-15,P-18,Ryszard Mróz,S-R11,89.0,odometer,05:36,11:26,33,891
2026-06-15,P-19,Robert Wróbel,N-R01,134.4,odometer,05:08,11:14,21,893
2026-06-15,P-20,Leszek Ostrowski,S-R07,135.7,odometer,05:34,12:34,25,849
2026-06-15,P-21,Michał Kowalczyk,N-R10,143.8,odometer,05:23,11:59,23,820
2026-06-15,P-22,Wojciech Nowicki,N-R06,106.8,odometer,05:36,12:08,27,970
2026-06-15,P-23,Jerzy Tomaszewski,S-R02,134.6,odometer,05:06,11:46,26,958
2026-06-15,P-24,Mariusz Grabowski,N-R04,141.9,odometer,05:06,12:07,23,829
2026-06-15,P-24,Przemysław Olszewski,N-R20,117.4,odometer,13:15,18:20,17,614
2026-06-15,P-25,Marcin Pawłowski,S-R04,136.3,odometer,05:02,11:56,25,984
2026-06-15,P-27,Magdalena Jankowska,S-R13,108.4,odometer,05:37,12:37,29,901
2026-06-15,P-28,Bartosz Sikora,N-R18,114.6,odometer,06:03,11:56,25,629
2026-06-15,P-29,Dawid Majewski,S-R14,214.6,odometer,04:51,11:27,18,916
2026-06-15,P-30,Tadeusz Baran,N-R08,137.0,odometer,05:03,11:28,26,752
2026-06-15,P-31,Szymon Wróblewski,S-R09,135.1,odometer,05:10,12:01,25,733
2026-06-15,P-32,Andrzej Zając,S-R16,110.6,odometer,05:59,12:09,24,945
2026-06-15,P-33,Krzysztof Górski,N-R15,187.5,odometer,05:12,11:28,15,847
2026-06-15,P-34,Wiesław Kołodziej,S-R17,145.4,odometer,04:45,11:23,25,981
2026-06-15,P-35,Marek Zawadzki,N-R22,108.8,odometer,04:39,10:42,30,1110
2026-06-15,P-36,Ireneusz Wysocki,S-R18,113.0,odometer,04:35,10:29,22,948
2026-06-15,P-36,Patryk Borkowski,S-R19,96.6,odometer,13:06,19:30,24,751
2026-06-15,P-37,Piotr Adamczyk,N-R23,198.8,odometer,05:09,12:19,18,1011
2026-06-15,P-38,Arkadiusz Lis,S-R20,210.4,odometer,05:17,11:44,14,993
2026-06-16,P-01,Grzegorz Pawlak,N-R14,220.4,odometer,05:29,12:31,15,911
2026-06-16,P-02,Anna Sadowska,S-R08,72.4,odometer,05:34,10:26,25,922
2026-06-16,P-03,Dariusz Kaczmarek,N-R03,103.2,odometer,05:07,11:14,27,978
2026-06-16,P-04,Paweł Zieliński,N-R09,137.5,odometer,04:25,11:45,29,888
2026-06-16,P-05,Janusz Kozłowski,S-R03,123.7,odometer,05:16,11:18,28,765
2026-06-16,P-06,Katarzyna Wójcik,N-R21,77.4,odometer,05:39,12:25,33,848
2026-06-16,P-07,Zbigniew Michalski,S-R01,122.9,odometer,04:54,11:32,28,1063
2026-06-16,P-08,Rafał Dudek,N-R05,85.7,odometer,04:56,10:51,23,698
2026-06-16,P-08,Łukasz Szymański,N-R17,78.6,odometer,12:43,17:52,21,718
2026-06-16,P-09,Adam Mazur,N-R02,135.3,odometer,04:51,11:33,25,689
2026-06-16,P-09,Kamil Krawczyk,N-R19,112.1,odometer,13:08,18:54,24,551
2026-06-16,P-11,Jacek Wieczorek,N-R11,94.9,odometer,05:23,12:39,36,817
2026-06-16,P-12,Henryk Walczak,S-R05,95.8,odometer,04:54,11:06,22,651
2026-06-16,P-12,Damian Stępień,S-R15,86.0,odometer,13:08,17:22,19,531
2026-06-16,P-13,Sebastian Jabłoński,N-R07,140.8,odometer,04:57,11:53,27,1031
2026-06-16,P-14,Artur Pietrzak,N-R16,100.0,odometer,05:57,11:36,28,818
2026-06-16,P-15,Stanisław Czarnecki,S-R10,81.2,odometer,05:36,11:22,28,834
2026-06-16,P-16,Monika Kubiak,N-R12,138.1,odometer,05:37,13:17,37,622
2026-06-16,P-17B,Waldemar Kasprzak,S-R06,112.3,odometer,05:15,11:34,26,731
2026-06-16,P-19,Robert Wróbel,N-R01,143.3,odometer,04:37,11:05,22,808
2026-06-16,P-20,Leszek Ostrowski,S-R07,135.4,odometer,05:09,11:34,25,848
2026-06-16,P-21,Konrad Szewczyk,N-R10,132.7,odometer,05:19,12:01,33,795
2026-06-16,P-22,Wojciech Nowicki,N-R06,116.1,odometer,05:32,13:25,30,950
2026-06-16,P-23,Jerzy Tomaszewski,S-R02,122.1,odometer,04:34,11:25,25,1146
2026-06-16,P-24,Mariusz Grabowski,N-R04,147.5,odometer,05:06,10:39,18,593
2026-06-16,P-24,Przemysław Olszewski,N-R20,116.7,odometer,13:07,19:00,17,690
2026-06-16,P-25,Marcin Pawłowski,S-R04,140.0,odometer,04:58,12:52,29,875
2026-06-16,P-26,Agnieszka Lewandowska,N-R13,113.3,odometer,05:26,11:53,29,771
2026-06-16,P-27,Magdalena Jankowska,S-R13,87.9,odometer,05:30,11:21,29,952
2026-06-16,P-28,Bartosz Sikora,N-R18,124.7,odometer,05:57,11:53,21,636
2026-06-16,P-29,Dawid Majewski,S-R14,200.8,odometer,05:18,12:19,19,901
2026-06-16,P-30,Tadeusz Baran,N-R08,132.3,odometer,05:03,12:23,37,748
2026-06-16,P-31,Szymon Wróblewski,S-R09,135.3,odometer,04:42,11:10,26,849
2026-06-16,P-32,Andrzej Zając,S-R16,98.6,odometer,05:56,12:33,29,742
2026-06-16,P-33,Krzysztof Górski,N-R15,193.6,odometer,05:05,11:21,18,701
2026-06-16,P-36,Ireneusz Wysocki,S-R18,119.2,odometer,04:59,11:34,26,769
2026-06-16,P-36,Patryk Borkowski,S-R19,103.9,odometer,13:03,18:46,23,711
2026-06-16,P-37,Piotr Adamczyk,N-R23,219.9,odometer,05:08,11:41,18,799
2026-06-16,P-38,Arkadiusz Lis,S-R20,202.2,odometer,05:29,11:49,18,869
2026-06-17,P-01,Grzegorz Pawlak,N-R14,199.1,odometer,05:10,11:46,19,838
2026-06-17,P-02,Anna Sadowska,S-R08,87.0,odometer,05:36,12:56,33,891
2026-06-17,P-03,Dariusz Kaczmarek,N-R03,122.5,odometer,04:49,10:54,21,811
2026-06-17,P-04,Paweł Zieliński,N-R09,134.1,odometer,04:53,11:42,31,968
2026-06-17,P-05,Janusz Kozłowski,S-R03,126.4,odometer,05:15,11:25,24,783
2026-06-17,P-06,Katarzyna Wójcik,N-R21,92.4,odometer,05:40,11:39,35,711
2026-06-17,P-07,Radosław Kalinowski,S-R01,150.7,odometer,04:46,12:07,30,779
2026-06-17,P-08,Rafał Dudek,N-R05,87.4,odometer,04:59,09:45,23,718
2026-06-17,P-08,Łukasz Szymański,N-R17,82.8,odometer,13:01,18:13,21,666
2026-06-17,P-09,Adam Mazur,N-R02,126.5,odometer,05:05,11:17,26,697
2026-06-17,P-09,Kamil Krawczyk,N-R19,105.4,odometer,13:24,18:32,20,636
2026-06-17,P-10,Joanna Król,S-R12,116.9,odometer,05:50,15:10,31,736
2026-06-17,P-11,Jacek Wieczorek,N-R11,89.1,odometer,05:29,12:02,36,925
2026-06-17,P-12,Henryk Walczak,S-R05,106.3,odometer,05:07,10:36,22,640
2026-06-17,P-12,Damian Stępień,S-R15,75.7,odometer,12:43,17:39,21,730
2026-06-17,P-14,Artur Pietrzak,N-R16,83.5,odometer,05:43,11:11,27,857
2026-06-17,P-15,Stanisław Czarnecki,S-R10,94.1,odometer,05:38,11:42,30,1038
2026-06-17,P-16,Monika Kubiak,N-R12,133.9,odometer,04:45,12:46,36,821
2026-06-17,P-18,Ryszard Mróz,S-R11,115.8,odometer,05:47,13:12,37,966
2026-06-17,P-19,Robert Wróbel,N-R01,127.2,odometer,04:51,10:53,22,690
2026-06-17,P-20,Leszek Ostrowski,S-R07,136.0,odometer,05:24,12:14,30,762
2026-06-17,P-21,Michał Kowalczyk,N-R10,140.3,odometer,05:06,11:30,25,888
2026-06-17,P-22,Wojciech Nowicki,N-R06,117.3,odometer,05:16,10:55,26,945
2026-06-17,P-23,Jerzy Tomaszewski,S-R02,134.1,odometer,05:10,12:14,30,1154
2026-06-17,P-24,Mariusz Grabowski,N-R04,135.8,odometer,04:54,11:13,21,716
2026-06-17,P-24,Przemysław Olszewski,N-R20,135.6,odometer,13:22,19:08,17,660
2026-06-17,P-25,Marcin Pawłowski,S-R04,136.4,odometer,05:02,11:10,26,823
2026-06-17,P-26,Agnieszka Lewandowska,N-R13,121.2,odometer,05:01,13:00,32,892
2026-06-17,P-27,Magdalena Jankowska,S-R13,125.9,odometer,05:35,12:10,26,1012
2026-06-17,P-28,Bartosz Sikora,N-R18,122.0,odometer,05:52,12:35,26,783
2026-06-17,P-29,Dawid Majewski,S-R14,218.4,odometer,04:53,12:07,15,806
2026-06-17,P-30,Tadeusz Baran,N-R08,131.2,odometer,05:25,11:49,22,846
2026-06-17,P-31,Szymon Wróblewski,S-R09,140.7,odometer,05:13,12:30,27,871
2026-06-17,P-32,Andrzej Zając,S-R16,120.3,odometer,05:55,12:21,26,753
2026-06-17,P-33,Krzysztof Górski,N-R15,191.2,odometer,05:04,11:03,16,698
2026-06-17,P-34,Wiesław Kołodziej,S-R17,157.3,odometer,04:30,11:53,29,949
2026-06-17,P-35,Marek Zawadzki,N-R22,113.4,odometer,04:48,11:03,26,1111
2026-06-17,P-36,Ireneusz Wysocki,S-R18,148.3,odometer,05:03,11:24,23,618
2026-06-17,P-36,Patryk Borkowski,S-R19,105.1,odometer,13:06,18:25,19,872
2026-06-17,P-37,Piotr Adamczyk,N-R23,216.1,odometer,05:05,11:47,17,629
2026-06-17,P-38,Arkadiusz Lis,S-R20,234.2,odometer,05:05,12:17,17,823
2026-06-18,P-01,Grzegorz Pawlak,N-R14,244.4,odometer,05:02,12:30,16,1054
2026-06-18,P-02,Anna Sadowska,S-R08,86.3,odometer,05:18,11:48,34,930
2026-06-18,P-03,Dariusz Kaczmarek,N-R03,116.7,odometer,04:49,11:42,29,1061
2026-06-18,P-04,Paweł Zieliński,N-R09,136.1,odometer,05:04,12:25,31,940
2026-06-18,P-05,Janusz Kozłowski,S-R03,119.3,odometer,04:59,11:51,29,859
2026-06-18,P-06,Katarzyna Wójcik,N-R21,69.6,odometer,05:41,11:45,35,691
2026-06-18,P-07,Zbigniew Michalski,S-R01,115.9,odometer,05:00,11:09,29,994
2026-06-18,P-08,Rafał Dudek,N-R05,101.5,odometer,04:57,10:22,21,779
2026-06-18,P-08,Łukasz Szymański,N-R17,72.9,odometer,12:51,17:35,18,630
2026-06-18,P-09,Adam Mazur,N-R02,125.5,odometer,04:59,10:58,24,763
2026-06-18,P-09,Kamil Krawczyk,N-R19,111.9,odometer,12:44,18:10,21,663
2026-06-18,P-10,Joanna Król,S-R12,111.9,odometer,05:37,12:19,32,745
2026-06-18,P-11,Jacek Wieczorek,N-R11,128.1,odometer,05:30,13:28,33,907
2026-06-18,P-12,Henryk Walczak,S-R05,91.8,odometer,04:57,10:20,24,797
2026-06-18,P-12,Damian Stępień,S-R15,88.6,odometer,12:51,17:58,21,726
2026-06-18,P-13,Sebastian Jabłoński,N-R07,135.1,odometer,05:13,12:15,29,915
2026-06-18,P-14,Artur Pietrzak,N-R16,107.8,odometer,05:35,11:19,23,768
2026-06-18,P-16,Monika Kubiak,N-R12,152.6,odometer,05:17,14:01,34,805
2026-06-18,P-17B,Waldemar Kasprzak,S-R06,98.8,odometer,05:22,11:50,29,763
2026-06-18,P-18,Ryszard Mróz,S-R11,121.7,odometer,06:01,13:29,37,743
2026-06-18,P-19,Robert Wróbel,N-R01,135.5,odometer,04:31,11:51,20,875
2026-06-18,P-20,Leszek Ostrowski,S-R07,126.7,odometer,05:23,12:17,28,806
2026-06-18,P-21,Michał Kowalczyk,N-R10,134.3,odometer,05:09,12:02,27,904
2026-06-18,P-22,Wojciech Nowicki,N-R06,107.4,odometer,05:30,12:47,32,1042
2026-06-18,P-23,Jerzy Tomaszewski,S-R02,118.2,odometer,05:05,10:32,25,1257
2026-06-18,P-24,Mariusz Grabowski,N-R04,143.4,odometer,04:35,10:22,19,744
2026-06-18,P-24,Przemysław Olszewski,N-R20,122.7,odometer,13:20,18:33,20,633
2026-06-18,P-25,Marcin Pawłowski,S-R04,141.7,odometer,05:09,11:46,25,822
2026-06-18,P-27,Magdalena Jankowska,S-R13,86.1,odometer,05:38,10:35,29,1034
2026-06-18,P-29,Dawid Majewski,S-R14,265.3,odometer,04:42,12:53,16,992
2026-06-18,P-30,Tadeusz Baran,N-R08,132.8,odometer,05:20,11:59,26,814
2026-06-18,P-31,Szymon Wróblewski,S-R09,133.0,odometer,04:54,12:21,26,910
2026-06-18,P-32,Andrzej Zając,S-R16,101.8,odometer,06:14,12:02,27,876
2026-06-18,P-33,Krzysztof Górski,N-R15,189.9,odometer,04:52,11:47,18,785
2026-06-18,P-34,Wiesław Kołodziej,S-R17,126.6,odometer,05:14,11:50,24,1258
2026-06-18,P-35,Marek Zawadzki,N-R22,105.1,odometer,04:40,09:52,24,1145
2026-06-18,P-36,Ireneusz Wysocki,S-R18,114.4,odometer,05:23,11:13,26,787
2026-06-18,P-36,Patryk Borkowski,S-R19,99.9,odometer,12:48,17:45,19,686
2026-06-18,P-37,Piotr Adamczyk,N-R23,218.4,odometer,04:41,11:55,14,758
2026-06-18,P-38,Arkadiusz Lis,S-R20,210.6,odometer,05:09,12:23,19,977
2026-06-19,P-01,Grzegorz Pawlak,N-R14,206.5,odometer,05:01,11:52,19,809
2026-06-19,P-03,Dariusz Kaczmarek,N-R03,124.3,odometer,04:45,11:31,25,1029
2026-06-19,P-05,Janusz Kozłowski,S-R03,125.9,odometer,04:55,11:34,26,670
2026-06-19,P-07,Zbigniew Michalski,S-R01,144.1,odometer,04:51,13:32,40,1107
2026-06-19,P-08,Rafał Dudek,N-R05,83.2,odometer,05:04,09:32,21,622
2026-06-19,P-08,Łukasz Szymański,N-R17,80.4,odometer,13:05,18:58,19,638
2026-06-19,P-09,Adam Mazur,N-R02,130.3,odometer,05:13,11:23,25,687
2026-06-19,P-09,Kamil Krawczyk,N-R19,112.8,odometer,13:12,18:06,23,718
2026-06-19,P-10,Joanna Król,S-R12,88.3,odometer,05:36,11:35,32,657
2026-06-19,P-11,Jacek Wieczorek,N-R11,86.2,odometer,05:06,11:44,34,939
2026-06-19,P-12,Henryk Walczak,S-R05,91.8,odometer,05:05,11:01,25,755
2026-06-19,P-12,Damian Stępień,S-R15,96.6,odometer,13:13,19:02,21,678
2026-06-19,P-13,Sebastian Jabłoński,N-R07,135.1,odometer,05:15,11:05,26,680
2026-06-19,P-15,Stanisław Czarnecki,S-R10,107.8,odometer,05:40,11:46,29,839
2026-06-19,P-16,Monika Kubiak,N-R12,142.5,odometer,05:04,12:45,34,810
2026-06-19,P-17B,Waldemar Kasprzak,S-R06,110.8,odometer,04:54,11:45,29,991
2026-06-19,P-18,Ryszard Mróz,S-R11,85.8,odometer,05:57,11:32,32,996
2026-06-19,P-19,Robert Wróbel,N-R01,136.4,odometer,05:02,11:57,22,996
2026-06-19,P-20,Leszek Ostrowski,S-R07,133.0,odometer,05:21,12:29,29,787
2026-06-19,P-21,Michał Kowalczyk,N-R10,148.6,odometer,05:36,12:37,26,836
2026-06-19,P-22,Wojciech Nowicki,N-R06,88.7,odometer,05:08,10:15,25,952
2026-06-19,P-23,Jerzy Tomaszewski,S-R02,123.0,odometer,05:03,12:54,27,1214
2026-06-19,P-24,Mariusz Grabowski,N-R04,145.6,odometer,05:23,11:06,21,720
2026-06-19,P-24,Przemysław Olszewski,N-R20,145.3,odometer,13:09,18:53,18,583
2026-06-19,P-25,Marcin Pawłowski,S-R04,140.5,odometer,04:52,11:37,25,925
2026-06-19,P-26,Agnieszka Lewandowska,N-R13,120.8,odometer,05:21,11:54,26,913
2026-06-19,P-28,Bartosz Sikora,N-R18,99.7,odometer,05:37,11:57,29,817
2026-06-19,P-29,Dawid Majewski,S-R14,226.3,odometer,04:49,11:57,16,632
2026-06-19,P-30,Tadeusz Baran,N-R08,131.9,odometer,05:13,11:43,27,874
2026-06-19,P-31,Szymon Wróblewski,S-R09,130.9,odometer,05:03,11:01,26,808
2026-06-19,P-32,Andrzej Zając,S-R16,124.5,odometer,06:07,13:12,27,843
2026-06-19,P-34,Wiesław Kołodziej,S-R17,115.0,odometer,04:36,10:00,24,983
2026-06-19,P-35,Marek Zawadzki,N-R22,130.8,odometer,05:02,12:23,31,1168
2026-06-19,P-36,Ireneusz Wysocki,S-R18,110.3,odometer,05:16,10:59,25,720
2026-06-19,P-36,Patryk Borkowski,S-R19,92.0,odometer,13:20,17:49,20,698
2026-06-19,P-37,Piotr Adamczyk,N-R23,226.5,odometer,04:59,11:36,14,858
2026-06-19,P-38,Arkadiusz Lis,S-R20,189.8,odometer,05:23,12:02,18,985
2026-06-20,P-02,Anna Sadowska,S-R08,71.0,odometer,05:14,11:30,31,988
2026-06-20,P-03,Dariusz Kaczmarek,N-R03,112.3,odometer,04:31,10:42,22,917
2026-06-20,P-04,Paweł Zieliński,N-R09,106.4,odometer,04:50,11:06,25,808
2026-06-20,P-05,Janusz Kozłowski,S-R03,93.0,odometer,04:36,10:21,25,754
2026-06-20,P-07,Zbigniew Michalski,S-R01,111.6,odometer,04:25,11:13,26,1087
2026-06-20,P-08,Rafał Dudek,N-R05,96.6,odometer,04:21,09:34,20,801
2026-06-20,P-09,Adam Mazur,N-R02,100.1,odometer,04:24,09:07,21,723
2026-06-20,P-11,Jacek Wieczorek,N-R11,77.0,odometer,04:50,10:32,29,1021
2026-06-20,P-12,Henryk Walczak,S-R05,85.4,odometer,04:34,09:06,20,621
2026-06-20,P-13,Sebastian Jabłoński,N-R07,114.9,odometer,04:51,09:40,22,886
2026-06-20,P-16,Monika Kubiak,N-R12,123.5,odometer,04:52,11:59,28,894
2026-06-20,P-17B,Waldemar Kasprzak,S-R06,81.8,odometer,05:11,10:02,23,991
2026-06-20,P-19,Robert Wróbel,N-R01,107.4,odometer,04:48,09:56,22,754
2026-06-20,P-22,Wojciech Nowicki,N-R06,87.2,odometer,04:59,10:28,26,958
2026-06-20,P-23,Jerzy Tomaszewski,S-R02,87.2,odometer,04:34,09:15,22,1177
2026-06-20,P-24,Mariusz Grabowski,N-R04,111.7,odometer,04:36,09:57,19,772
2026-06-20,P-25,Marcin Pawłowski,S-R04,103.4,odometer,04:44,10:35,25,751
2026-06-20,P-26,Agnieszka Lewandowska,N-R13,111.6,odometer,05:29,11:07,20,759
2026-06-20,P-30,Tadeusz Baran,N-R08,120.2,odometer,04:32,10:57,25,854
2026-06-20,P-31,Szymon Wróblewski,S-R09,98.3,odometer,04:51,10:52,21,759
2026-06-20,P-33,Krzysztof Górski,N-R15,154.7,odometer,04:34,09:53,16,821
2026-06-20,P-35,Marek Zawadzki,N-R22,87.5,odometer,04:36,10:02,23,808
2026-06-22,P-02,Anna Sadowska,S-R08,82.3,odometer,05:40,13:04,35,752
2026-06-22,P-03,Dariusz Kaczmarek,N-R03,122.4,odometer,05:08,12:01,30,931
2026-06-22,P-04,Paweł Zieliński,N-R09,146.5,odometer,05:17,13:04,28,852
2026-06-22,P-07,Zbigniew Michalski,S-R01,120.3,odometer,04:35,10:54,28,1033
2026-06-22,P-08,Rafał Dudek,N-R05,93.0,odometer,05:06,10:18,23,698
2026-06-22,P-08,Łukasz Szymański,N-R17,69.4,odometer,13:16,18:05,20,578
2026-06-22,P-09,Adam Mazur,N-R02,129.8,odometer,04:37,11:17,23,771
2026-06-22,P-09,Kamil Krawczyk,N-R19,106.2,odometer,13:04,19:04,22,630
2026-06-22,P-10,Joanna Król,S-R12,106.3,odometer,05:46,12:03,35,717
2026-06-22,P-11,Jacek Wieczorek,N-R11,90.1,odometer,05:31,12:16,35,730
2026-06-22,P-12,Henryk Walczak,S-R05,96.7,odometer,04:53,10:23,19,602
2026-06-22,P-12,Damian Stępień,S-R15,75.7,odometer,12:56,18:05,20,687
2026-06-22,P-13,Sebastian Jabłoński,N-R07,143.3,odometer,05:14,12:28,25,857
2026-06-22,P-14,Artur Pietrzak,N-R16,90.6,odometer,06:06,12:06,23,913
2026-06-22,P-15,Stanisław Czarnecki,S-R10,86.7,odometer,05:39,12:06,29,881
2026-06-22,P-16,Monika Kubiak,N-R12,133.8,odometer,05:31,14:10,34,966
2026-06-22,P-17B,Waldemar Kasprzak,S-R06,118.4,odometer,04:50,11:12,24,831
2026-06-22,P-18,Ryszard Mróz,S-R11,96.9,odometer,05:21,13:17,36,984
2026-06-22,P-19,Robert Wróbel,N-R01,135.7,odometer,04:55,11:19,24,876
2026-06-22,P-20,Leszek Ostrowski,S-R07,131.0,odometer,04:49,11:16,24,844
2026-06-22,P-21,Michał Kowalczyk,N-R10,137.4,odometer,05:05,11:51,28,917
2026-06-22,P-23,Jerzy Tomaszewski,S-R02,102.7,odometer,04:52,10:42,25,1084
2026-06-22,P-24,Mariusz Grabowski,N-R04,155.2,odometer,05:15,11:38,19,666
2026-06-22,P-24,Przemysław Olszewski,N-R20,122.8,odometer,13:25,18:55,18,567
2026-06-22,P-25,Marcin Pawłowski,S-R04,139.1,odometer,04:58,11:50,20,651
2026-06-22,P-26,Agnieszka Lewandowska,N-R13,114.3,odometer,05:29,11:00,23,676
2026-06-22,P-27,Magdalena Jankowska,S-R13,108.2,odometer,05:20,12:12,29,901
2026-06-22,P-29,Dawid Majewski,S-R14,204.1,odometer,04:45,11:17,15,826
2026-06-22,P-30,Tadeusz Baran,N-R08,126.4,odometer,05:39,12:12,26,792
2026-06-22,P-31,Szymon Wróblewski,S-R09,132.6,odometer,05:17,12:44,27,763
2026-06-22,P-32,Andrzej Zając,S-R16,123.8,odometer,06:16,13:18,24,781
2026-06-22,P-33,Krzysztof Górski,N-R15,196.8,odometer,04:52,11:42,19,880
2026-06-22,P-34,Wiesław Kołodziej,S-R17,125.1,odometer,04:32,11:06,26,1124
2026-06-22,P-35,Marek Zawadzki,N-R22,129.2,odometer,04:47,11:29,32,820
2026-06-22,P-36,Kinga Dziedzic,S-R18,123.9,odometer,04:47,11:32,25,776
2026-06-22,P-36,Patryk Borkowski,S-R19,91.9,odometer,13:16,18:14,21,788
2026-06-22,P-37,Piotr Adamczyk,N-R23,206.8,odometer,04:43,11:02,17,714
2026-06-22,P-38,Arkadiusz Lis,S-R20,189.0,odometer,05:13,11:33,18,831
2026-06-23,P-01,Grzegorz Pawlak,N-R14,192.8,odometer,05:02,11:18,18,836
2026-06-23,P-02,Anna Sadowska,S-R08,73.7,odometer,05:38,10:44,31,965
2026-06-23,P-03,Dariusz Kaczmarek,N-R03,134.5,odometer,04:10,11:09,27,986
2026-06-23,P-04,Paweł Zieliński,N-R09,135.1,odometer,04:54,12:00,31,708
2026-06-23,P-05,Janusz Kozłowski,S-R03,143.6,odometer,04:56,11:52,23,921
2026-06-23,P-07,Zbigniew Michalski,S-R01,116.7,odometer,05:01,11:18,29,1028
2026-06-23,P-08,Rafał Dudek,N-R05,96.7,odometer,05:03,10:16,24,651
2026-06-23,P-08,Łukasz Szymański,N-R17,79.6,odometer,13:16,17:52,19,664
2026-06-23,P-09,Adam Mazur,N-R02,112.8,odometer,04:54,10:15,21,614
2026-06-23,P-09,Kamil Krawczyk,N-R19,113.4,odometer,13:21,18:53,22,710
2026-06-23,P-10,Joanna Król,S-R12,85.7,odometer,05:37,12:13,38,898
2026-06-23,P-11,Jacek Wieczorek,N-R11,100.3,odometer,05:36,12:35,36,984
2026-06-23,P-12,Henryk Walczak,S-R05,104.2,odometer,05:08,11:16,23,546
2026-06-23,P-12,Damian Stępień,S-R15,83.5,odometer,13:02,17:55,19,755
2026-06-23,P-13,Sebastian Jabłoński,N-R07,136.0,odometer,05:05,11:40,27,830
2026-06-23,P-14,Artur Pietrzak,N-R16,89.1,odometer,05:22,12:00,29,831
2026-06-23,P-16,Monika Kubiak,N-R12,135.3,odometer,05:05,12:39,36,711
2026-06-23,P-17B,Kinga Dziedzic,S-R06,122.9,odometer,05:11,11:55,25,922
2026-06-23,P-18,Radosław Kalinowski,S-R11,84.9,odometer,06:01,12:11,31,913
2026-06-23,P-19,Robert Wróbel,N-R01,134.5,odometer,04:43,10:54,23,822
2026-06-23,P-20,Leszek Ostrowski,S-R07,125.3,odometer,05:32,11:25,26,647
2026-06-23,P-21,Michał Kowalczyk,N-R10,144.0,odometer,05:32,12:13,24,745
2026-06-23,P-22,Wojciech Nowicki,N-R06,109.0,odometer,05:35,12:41,28,812
2026-06-23,P-23,Jerzy Tomaszewski,S-R02,122.7,odometer,04:34,11:20,26,1165
2026-06-23,P-24,Mariusz Grabowski,N-R04,139.1,odometer,05:32,10:39,18,663
2026-06-23,P-24,Przemysław Olszewski,N-R20,120.2,odometer,13:12,18:31,18,660
2026-06-23,P-25,Marcin Pawłowski,S-R04,140.4,odometer,05:00,11:26,27,894
2026-06-23,P-26,Agnieszka Lewandowska,N-R13,115.3,odometer,05:24,11:25,28,812
2026-06-23,P-27,Magdalena Jankowska,S-R13,88.9,odometer,05:24,10:53,27,1045
2026-06-23,P-28,Bartosz Sikora,N-R18,107.1,odometer,06:15,11:29,22,708
2026-06-23,P-30,Tadeusz Baran,N-R08,134.0,odometer,05:12,11:42,23,985
2026-06-23,P-31,Szymon Wróblewski,S-R09,134.2,odometer,04:41,11:08,26,770
2026-06-23,P-32,Andrzej Zając,S-R16,93.5,odometer,05:47,11:32,24,871
2026-06-23,P-33,Emil Sobczak,N-R15,192.9,odometer,05:09,11:10,15,791
2026-06-23,P-35,Marek Zawadzki,N-R22,118.5,odometer,04:24,11:39,26,820
2026-06-23,P-36,Ireneusz Wysocki,S-R18,122.7,odometer,04:53,11:29,25,780
2026-06-23,P-36,Patryk Borkowski,S-R19,110.2,odometer,13:16,20:17,24,784
2026-06-23,P-37,Piotr Adamczyk,N-R23,203.8,odometer,05:02,10:42,12,808
2026-06-23,P-38,Arkadiusz Lis,S-R20,217.6,odometer,04:57,11:45,20,932
2026-06-24,P-01,Grzegorz Pawlak,N-R14,218.9,odometer,05:09,12:21,21,929
2026-06-24,P-02,Anna Sadowska,S-R08,81.4,odometer,05:28,12:16,33,889
2026-06-24,P-03,Dariusz Kaczmarek,N-R03,119.1,odometer,04:55,11:18,26,873
2026-06-24,P-04,Paweł Zieliński,N-R09,136.1,odometer,05:04,11:53,28,712
2026-06-24,P-05,Janusz Kozłowski,S-R03,122.9,odometer,04:59,11:33,27,992
2026-06-24,P-07,Zbigniew Michalski,S-R01,120.5,odometer,04:51,11:30,27,1105
2026-06-24,P-08,Rafał Dudek,N-R05,94.6,odometer,04:55,11:07,24,640
2026-06-24,P-08,Łukasz Szymański,N-R17,77.4,odometer,13:16,17:46,17,653
2026-06-24,P-09,Adam Mazur,N-R02,116.7,odometer,05:12,11:54,27,774
2026-06-24,P-09,Kamil Krawczyk,N-R19,114.9,odometer,13:33,19:44,20,636
2026-06-24,P-10,Joanna Król,S-R12,97.7,odometer,06:01,12:40,30,670
2026-06-24,P-12,Henryk Walczak,S-R05,92.7,odometer,05:13,11:01,21,716
2026-06-24,P-12,Damian Stępień,S-R15,79.3,odometer,12:54,17:23,18,614
2026-06-24,P-13,Sebastian Jabłoński,N-R07,138.9,odometer,04:56,13:45,28,858
2026-06-24,P-14,Artur Pietrzak,N-R16,105.4,odometer,05:47,12:00,23,1038
2026-06-24,P-15,Stanisław Czarnecki,S-R10,100.7,odometer,05:48,11:50,27,809
2026-06-24,P-16,Monika Kubiak,N-R12,134.8,odometer,05:25,13:40,33,620
2026-06-24,P-17B,Waldemar Kasprzak,S-R06,103.9,odometer,05:18,11:53,32,706
2026-06-24,P-18,Ryszard Mróz,S-R11,83.4,odometer,06:00,11:45,35,919
2026-06-24,P-19,Robert Wróbel,N-R01,131.8,odometer,05:03,11:08,22,716
2026-06-24,P-20,Leszek Ostrowski,S-R07,130.6,odometer,04:59,12:11,28,817
2026-06-24,P-21,Michał Kowalczyk,N-R10,144.7,odometer,05:13,11:38,25,930
2026-06-24,P-22,Wojciech Nowicki,N-R06,144.3,odometer,05:15,12:01,26,939
2026-06-24,P-23,Jerzy Tomaszewski,S-R02,124.6,odometer,04:56,11:53,28,1066
2026-06-24,P-24,Mariusz Grabowski,N-R04,135.1,odometer,04:42,10:15,20,713
2026-06-24,P-24,Przemysław Olszewski,N-R20,132.8,odometer,13:23,18:56,17,571
2026-06-24,P-25,Marcin Pawłowski,S-R04,143.1,odometer,04:51,11:34,27,807
2026-06-24,P-26,Agnieszka Lewandowska,N-R13,126.7,odometer,04:52,12:02,28,933
2026-06-24,P-27,Magdalena Jankowska,S-R13,104.7,odometer,05:26,11:25,28,853
2026-06-24,P-28,Bartosz Sikora,N-R18,123.1,odometer,06:08,13:10,26,745
2026-06-24,P-29,Dawid Majewski,S-R14,205.7,odometer,05:17,11:55,17,673
2026-06-24,P-30,Tadeusz Baran,N-R08,128.5,odometer,05:01,11:47,28,997
2026-06-24,P-31,Szymon Wróblewski,S-R09,136.7,odometer,05:06,12:16,26,665
2026-06-24,P-32,Andrzej Zając,S-R16,105.2,odometer,06:00,12:07,21,588
2026-06-24,P-33,Krzysztof Górski,N-R15,198.5,odometer,04:45,11:59,17,867
2026-06-24,P-34,Wiesław Kołodziej,S-R17,116.8,odometer,04:54,10:53,27,955
2026-06-24,P-35,Marek Zawadzki,N-R22,108.8,odometer,04:19,09:58,27,992
2026-06-24,P-36,Ireneusz Wysocki,S-R18,112.8,odometer,04:53,10:45,26,814
2026-06-24,P-36,Patryk Borkowski,S-R19,103.1,odometer,13:39,19:18,23,823
2026-06-24,P-37,Piotr Adamczyk,N-R23,263.8,odometer,05:18,13:30,16,777
2026-06-24,P-38,Arkadiusz Lis,S-R20,179.3,odometer,05:24,11:37,18,1129
2026-06-25,P-01,Grzegorz Pawlak,N-R14,195.4,odometer,05:15,11:47,20,878
2026-06-25,P-02,Anna Sadowska,S-R08,90.1,odometer,05:53,14:04,40,802
2026-06-25,P-03,Dariusz Kaczmarek,N-R03,127.2,odometer,04:42,11:17,28,762
2026-06-25,P-04,Paweł Zieliński,N-R09,133.5,odometer,05:14,11:19,26,750
2026-06-25,P-05,Janusz Kozłowski,S-R03,125.7,odometer,04:58,11:49,26,696
2026-06-25,P-06,Katarzyna Wójcik,N-R21,84.7,odometer,05:19,12:04,32,953
2026-06-25,P-07,Zbigniew Michalski,S-R01,120.1,odometer,04:52,10:59,26,987
2026-06-25,P-08,Rafał Dudek,N-R05,95.0,odometer,05:03,10:31,21,718
2026-06-25,P-08,Emil Sobczak,N-R17,69.1,odometer,13:04,17:47,21,673
2026-06-25,P-09,Adam Mazur,N-R02,112.6,odometer,05:07,11:33,24,679
2026-06-25,P-09,Kamil Krawczyk,N-R19,113.2,odometer,12:58,18:56,24,641
2026-06-25,P-10,Joanna Król,S-R12,97.4,odometer,05:59,13:29,35,828
2026-06-25,P-11,Jacek Wieczorek,N-R11,84.9,odometer,05:41,11:21,34,884
2026-06-25,P-12,Henryk Walczak,S-R05,99.1,odometer,04:55,10:34,22,747
2026-06-25,P-12,Damian Stępień,S-R15,79.2,odometer,12:48,17:21,19,671
2026-06-25,P-13,Sebastian Jabłoński,N-R07,142.7,odometer,04:56,11:35,25,782
2026-06-25,P-15,Stanisław Czarnecki,S-R10,103.1,odometer,05:46,12:41,32,947
2026-06-25,P-16,Monika Kubiak,N-R12,159.3,odometer,05:23,13:11,33,726
2026-06-25,P-18,Ryszard Mróz,S-R11,84.8,odometer,05:56,13:12,38,779
2026-06-25,P-19,Robert Wróbel,N-R01,140.1,odometer,04:57,11:52,24,808
2026-06-25,P-20,Leszek Ostrowski,S-R07,123.8,odometer,05:32,12:10,26,766
2026-06-25,P-21,Michał Kowalczyk,N-R10,136.7,odometer,05:27,11:55,28,910
2026-06-25,P-22,Wojciech Nowicki,N-R06,109.0,odometer,05:36,12:27,32,1033
2026-06-25,P-23,Jerzy Tomaszewski,S-R02,114.9,odometer,05:00,10:36,23,1009
2026-06-25,P-24,Mariusz Grabowski,N-R04,146.6,odometer,05:07,11:23,20,555
2026-06-25,P-24,Przemysław Olszewski,N-R20,131.3,odometer,13:17,19:04,17,583
2026-06-25,P-25,Marcin Pawłowski,S-R04,141.9,odometer,05:03,12:57,25,816
2026-06-25,P-26,Agnieszka Lewandowska,N-R13,115.9,odometer,05:34,12:52,28,748
2026-06-25,P-27,Magdalena Jankowska,S-R13,90.2,odometer,05:22,11:04,26,1055
2026-06-25,P-28,Bartosz Sikora,N-R18,106.0,odometer,05:49,11:57,23,688
2026-06-25,P-30,Tadeusz Baran,N-R08,128.6,odometer,04:55,11:45,29,778
2026-06-25,P-31,Szymon Wróblewski,S-R09,142.6,odometer,04:51,11:21,24,783
2026-06-25,P-32,Andrzej Zając,S-R16,103.9,odometer,05:36,12:17,28,890
2026-06-25,P-33,Krzysztof Górski,N-R15,190.2,odometer,04:39,11:24,18,806
2026-06-25,P-34,Wiesław Kołodziej,S-R17,117.7,odometer,04:38,10:53,25,966
2026-06-25,P-35,Marek Zawadzki,N-R22,117.0,odometer,04:41,10:42,26,805
2026-06-25,P-36,Radosław Kalinowski,S-R18,111.9,odometer,05:08,11:02,23,717
2026-06-25,P-36,Patryk Borkowski,S-R19,122.7,odometer,13:02,18:25,18,785
2026-06-25,P-37,Piotr Adamczyk,N-R23,203.5,odometer,04:55,12:35,18,935
2026-06-25,P-38,Arkadiusz Lis,S-R20,285.1,odometer,05:12,14:22,21,941
2026-06-26,P-01,Grzegorz Pawlak,N-R14,247.2,odometer,05:12,12:44,16,1001
2026-06-26,P-02,Anna Sadowska,S-R08,88.6,odometer,05:43,11:33,33,681
2026-06-26,P-03,Dariusz Kaczmarek,N-R03,125.6,odometer,05:06,12:10,29,925
2026-06-26,P-04,Konrad Szewczyk,N-R09,135.9,odometer,04:50,10:49,25,853
2026-06-26,P-05,Janusz Kozłowski,S-R03,132.0,odometer,05:09,11:54,25,892
2026-06-26,P-06,Katarzyna Wójcik,N-R21,73.8,odometer,05:31,11:28,35,950
2026-06-26,P-07,Zbigniew Michalski,S-R01,129.8,odometer,04:30,10:57,23,971
2026-06-26,P-08,Rafał Dudek,N-R05,90.7,odometer,05:06,10:00,22,774
2026-06-26,P-08,Łukasz Szymański,N-R17,78.7,odometer,13:09,19:16,31,586
2026-06-26,P-10,Joanna Król,S-R12,84.9,odometer,05:34,11:24,32,833
2026-06-26,P-11,Jacek Wieczorek,N-R11,98.1,odometer,05:39,12:55,30,930
2026-06-26,P-12,Henryk Walczak,S-R05,99.3,odometer,04:44,09:29,21,768
2026-06-26,P-12,Damian Stępień,S-R15,85.7,odometer,12:47,18:10,21,542
2026-06-26,P-13,Sebastian Jabłoński,N-R07,140.8,odometer,05:03,11:38,24,844
2026-06-26,P-14,Artur Pietrzak,N-R16,90.4,odometer,05:48,12:03,26,667
2026-06-26,P-15,Stanisław Czarnecki,S-R10,103.4,odometer,05:32,11:42,26,651
2026-06-26,P-16,Monika Kubiak,N-R12,133.0,odometer,04:56,12:31,34,701
2026-06-26,P-18,Ryszard Mróz,S-R11,104.9,odometer,05:48,12:44,32,902
2026-06-26,P-19,Robert Wróbel,N-R01,135.7,odometer,04:56,10:53,23,854
2026-06-26,P-20,Leszek Ostrowski,S-R07,125.3,odometer,05:15,11:16,27,897
2026-06-26,P-21,Michał Kowalczyk,N-R10,139.9,odometer,05:13,11:56,27,836
2026-06-26,P-22,Wojciech Nowicki,N-R06,108.4,odometer,05:24,11:45,28,900
2026-06-26,P-23,Jerzy Tomaszewski,S-R02,130.3,odometer,04:45,11:18,25,1038
2026-06-26,P-24,Mariusz Grabowski,N-R04,140.6,odometer,05:14,12:10,18,634
2026-06-26,P-24,Przemysław Olszewski,N-R20,121.3,odometer,13:04,18:56,18,575
2026-06-26,P-25,Marcin Pawłowski,S-R04,137.7,odometer,05:08,11:25,25,863
2026-06-26,P-26,Agnieszka Lewandowska,N-R13,117.1,odometer,05:50,12:10,25,734
2026-06-26,P-27,Magdalena Jankowska,S-R13,91.9,odometer,05:20,11:02,28,970
2026-06-26,P-28,Bartosz Sikora,N-R18,96.4,odometer,06:23,12:39,25,908
2026-06-26,P-30,Emil Sobczak,N-R08,141.2,odometer,05:18,11:28,27,859
2026-06-26,P-31,Szymon Wróblewski,S-R09,136.3,odometer,04:49,10:59,26,787
2026-06-26,P-33,Krzysztof Górski,N-R15,197.0,odometer,05:22,12:22,22,651
2026-06-26,P-34,Wiesław Kołodziej,S-R17,129.7,odometer,04:47,11:07,26,1236
2026-06-26,P-35,Marek Zawadzki,N-R22,104.9,odometer,04:28,10:33,25,1284
2026-06-26,P-36,Ireneusz Wysocki,S-R18,116.3,odometer,05:07,10:44,24,834
2026-06-26,P-36,Patryk Borkowski,S-R19,98.0,odometer,12:58,18:17,21,705
2026-06-26,P-37,Piotr Adamczyk,N-R23,209.0,odometer,05:11,11:19,15,515
2026-06-26,P-38,Kinga Dziedzic,S-R20,170.3,odometer,05:03,11:00,16,876
2026-06-27,P-02,Anna Sadowska,S-R08,58.7,odometer,05:03,10:00,26,679
2026-06-27,P-03,Dariusz Kaczmarek,N-R03,89.7,odometer,04:32,11:12,24,909
2026-06-27,P-04,Paweł Zieliński,N-R09,106.6,odometer,04:30,10:25,27,656
2026-06-27,P-05,Janusz Kozłowski,S-R03,93.3,odometer,04:58,09:46,24,856
2026-06-27,P-07,Zbigniew Michalski,S-R01,131.2,odometer,04:28,11:00,26,1190
2026-06-27,P-08,Rafał Dudek,N-R05,97.8,odometer,04:48,09:11,19,660
2026-06-27,P-09,Adam Mazur,N-R02,97.5,odometer,04:38,09:43,23,665
2026-06-27,P-11,Jacek Wieczorek,N-R11,85.7,odometer,04:56,11:58,30,935
2026-06-27,P-12,Henryk Walczak,S-R05,92.2,odometer,04:46,09:40,20,811
2026-06-27,P-13,Sebastian Jabłoński,N-R07,119.6,odometer,04:49,10:22,24,828
2026-06-27,P-16,Monika Kubiak,N-R12,126.5,odometer,05:11,13:05,31,896
2026-06-27,P-17B,Waldemar Kasprzak,S-R06,70.7,odometer,04:58,09:31,24,902
2026-06-27,P-19,Robert Wróbel,N-R01,112.5,odometer,04:47,09:51,20,775
2026-06-27,P-22,Wojciech Nowicki,N-R06,94.8,odometer,05:10,10:34,26,974
2026-06-27,P-23,Jerzy Tomaszewski,S-R02,91.8,odometer,04:43,09:56,22,1100
2026-06-27,P-26,Agnieszka Lewandowska,N-R13,98.8,odometer,05:03,10:34,22,868
2026-06-27,P-33,Krzysztof Górski,N-R15,149.8,odometer,04:44,11:37,15,835
2026-06-27,P-34,Wiesław Kołodziej,S-R17,105.1,odometer,04:03,09:38,23,1145
2026-06-27,P-35,Marek Zawadzki,N-R22,92.1,odometer,04:39,09:55,26,1031
2026-06-27,P-36,Ireneusz Wysocki,S-R18,100.3,odometer,04:25,09:21,21,788
2026-06-29,P-01,Grzegorz Pawlak,N-R14,178.4,odometer,04:59,11:19,17,876
2026-06-29,P-02,Anna Sadowska,S-R08,74.4,odometer,05:30,12:07,33,940
2026-06-29,P-03,Dariusz Kaczmarek,N-R03,113.1,odometer,04:39,11:15,26,990
2026-06-29,P-04,Paweł Zieliński,N-R09,150.9,odometer,04:40,12:00,28,898
2026-06-29,P-05,Janusz Kozłowski,S-R03,123.8,odometer,05:09,11:32,26,928
2026-06-29,P-06,Katarzyna Wójcik,N-R21,93.0,odometer,05:35,11:48,31,895
2026-06-29,P-07,Zbigniew Michalski,S-R01,135.5,odometer,04:40,11:51,27,1146
2026-06-29,P-08,Rafał Dudek,N-R05,90.8,odometer,05:13,10:23,21,738
2026-06-29,P-08,Łukasz Szymański,N-R17,84.4,odometer,12:54,17:57,22,685
2026-06-29,P-09,Adam Mazur,N-R02,145.8,odometer,04:51,11:11,26,722
2026-06-29,P-09,Kamil Krawczyk,N-R19,114.8,odometer,12:59,18:44,18,658
2026-06-29,P-10,Joanna Król,S-R12,83.9,odometer,05:56,13:38,33,728
2026-06-29,P-11,Jacek Wieczorek,N-R11,94.8,odometer,05:29,12:40,36,938
2026-06-29,P-12,Henryk Walczak,S-R05,113.8,odometer,04:59,11:35,24,678
2026-06-29,P-12,Damian Stępień,S-R15,87.6,odometer,13:05,18:39,19,629
2026-06-29,P-13,Konrad Szewczyk,N-R07,134.9,odometer,04:59,11:22,25,796
2026-06-29,P-14,Artur Pietrzak,N-R16,97.4,odometer,05:49,11:03,19,769
2026-06-29,P-15,Stanisław Czarnecki,S-R10,85.3,odometer,05:35,11:35,29,1008
2026-06-29,P-16,Monika Kubiak,N-R12,139.2,odometer,05:08,13:02,35,610
2026-06-29,P-17B,Waldemar Kasprzak,S-R06,112.7,odometer,05:07,12:20,30,799
2026-06-29,P-18,Kinga Dziedzic,S-R11,114.8,odometer,05:41,12:54,33,951
2026-06-29,P-19,Robert Wróbel,N-R01,133.4,odometer,04:59,12:06,22,640
2026-06-29,P-20,Leszek Ostrowski,S-R07,131.1,odometer,05:16,12:30,29,915
2026-06-29,P-22,Wojciech Nowicki,N-R06,115.0,odometer,05:19,11:22,28,986
2026-06-29,P-23,Jerzy Tomaszewski,S-R02,123.7,odometer,04:52,11:07,26,1034
2026-06-29,P-24,Mariusz Grabowski,N-R04,159.8,odometer,04:48,11:43,20,677
2026-06-29,P-24,Przemysław Olszewski,N-R20,125.4,odometer,13:18,19:08,18,731
2026-06-29,P-25,Marcin Pawłowski,S-R04,140.6,odometer,04:52,11:35,24,859
2026-06-29,P-26,Agnieszka Lewandowska,N-R13,125.4,odometer,05:26,12:33,29,791
2026-06-29,P-27,Magdalena Jankowska,S-R13,116.3,odometer,05:36,11:52,30,962
2026-06-29,P-28,Bartosz Sikora,N-R18,119.8,odometer,05:53,12:15,24,851
2026-06-29,P-29,Dawid Majewski,S-R14,222.2,odometer,04:54,12:08,19,802
2026-06-29,P-30,Tadeusz Baran,N-R08,130.1,odometer,05:01,11:55,27,829
2026-06-29,P-31,Szymon Wróblewski,S-R09,150.4,odometer,05:14,11:55,24,892
2026-06-29,P-32,Radosław Kalinowski,S-R16,99.6,odometer,06:22,12:31,26,806
2026-06-29,P-33,Krzysztof Górski,N-R15,192.8,odometer,05:22,12:20,18,777
2026-06-29,P-34,Wiesław Kołodziej,S-R17,132.5,odometer,04:57,11:46,23,1093
2026-06-29,P-35,Marek Zawadzki,N-R22,107.2,odometer,05:00,11:05,28,832
2026-06-29,P-36,Ireneusz Wysocki,S-R18,126.8,odometer,05:17,12:00,25,636
2026-06-29,P-36,Patryk Borkowski,S-R19,95.6,odometer,13:00,18:19,23,934
2026-06-29,P-37,Emil Sobczak,N-R23,201.6,odometer,04:48,11:26,15,799
2026-06-29,P-38,Arkadiusz Lis,S-R20,223.8,odometer,05:19,12:29,19,1083
2026-06-30,P-01,Grzegorz Pawlak,N-R14,197.6,odometer,05:29,12:18,16,825
2026-06-30,P-02,Anna Sadowska,S-R08,86.1,odometer,05:48,12:25,36,878
2026-06-30,P-03,Dariusz Kaczmarek,N-R03,110.5,odometer,04:35,09:51,20,1137
2026-06-30,P-04,Paweł Zieliński,N-R09,134.1,odometer,04:56,11:10,26,940
2026-06-30,P-05,Janusz Kozłowski,S-R03,120.3,odometer,04:50,10:43,27,983
2026-06-30,P-06,Katarzyna Wójcik,N-R21,92.3,odometer,05:59,12:57,32,956
2026-06-30,P-07,Zbigniew Michalski,S-R01,123.5,odometer,04:59,11:56,26,1130
2026-06-30,P-08,Rafał Dudek,N-R05,95.7,odometer,04:53,11:20,24,591
2026-06-30,P-08,Łukasz Szymański,N-R17,74.1,odometer,12:58,17:06,20,662
2026-06-30,P-09,Adam Mazur,N-R02,123.5,odometer,05:16,11:19,22,627
2026-06-30,P-09,Kamil Krawczyk,N-R19,115.4,odometer,12:52,18:25,21,677
2026-06-30,P-10,Joanna Król,S-R12,93.7,odometer,05:46,12:07,33,641
2026-06-30,P-11,Jacek Wieczorek,N-R11,103.9,odometer,05:33,12:05,30,768
2026-06-30,P-12,Henryk Walczak,S-R05,98.0,odometer,05:14,10:37,21,637
2026-06-30,P-12,Damian Stępień,S-R15,82.4,odometer,12:58,17:52,22,577
2026-06-30,P-13,Konrad Szewczyk,N-R07,135.6,odometer,05:05,12:16,27,853
2026-06-30,P-14,Artur Pietrzak,N-R16,105.1,odometer,05:32,11:37,26,949
2026-06-30,P-15,Stanisław Czarnecki,S-R10,114.3,odometer,05:29,12:22,26,1071
2026-06-30,P-16,Monika Kubiak,N-R12,173.7,odometer,05:03,14:33,35,839
2026-06-30,P-17B,Waldemar Kasprzak,S-R06,97.7,odometer,04:48,11:02,30,1013
2026-06-30,P-18,Kinga Dziedzic,S-R11,81.5,odometer,05:52,11:55,36,806
2026-06-30,P-19,Robert Wróbel,N-R01,128.3,odometer,04:59,11:31,26,753
2026-06-30,P-20,Leszek Ostrowski,S-R07,126.8,odometer,05:24,11:30,26,858
2026-06-30,P-21,Michał Kowalczyk,N-R10,139.9,odometer,05:12,12:07,28,825
2026-06-30,P-22,Emil Sobczak,N-R06,104.5,odometer,05:37,12:17,30,906
2026-06-30,P-23,Jerzy Tomaszewski,S-R02,120.2,odometer,05:14,11:23,23,1099
2026-06-30,P-24,Mariusz Grabowski,N-R04,148.7,odometer,05:08,11:09,22,700
2026-06-30,P-24,Przemysław Olszewski,N-R20,121.9,odometer,13:14,18:48,20,700
2026-06-30,P-25,Marcin Pawłowski,S-R04,143.7,odometer,04:46,12:05,27,722
2026-06-30,P-26,Agnieszka Lewandowska,N-R13,119.8,odometer,05:07,12:03,26,863
2026-06-30,P-27,Magdalena Jankowska,S-R13,122.2,odometer,05:38,12:25,28,818
2026-06-30,P-28,Bartosz Sikora,N-R18,110.7,odometer,06:10,12:07,23,655
2026-06-30,P-29,Dawid Majewski,S-R14,194.4,odometer,04:39,10:33,15,768
2026-06-30,P-30,Tadeusz Baran,N-R08,127.2,odometer,05:16,13:06,29,881
2026-06-30,P-31,Szymon Wróblewski,S-R09,140.8,odometer,05:13,12:27,26,900
2026-06-30,P-32,Radosław Kalinowski,S-R16,101.7,odometer,06:02,11:06,22,879
2026-06-30,P-33,Krzysztof Górski,N-R15,190.3,odometer,04:57,11:44,18,785
2026-06-30,P-34,Wiesław Kołodziej,S-R17,132.8,odometer,04:08,11:05,28,1042
2026-06-30,P-35,Marek Zawadzki,N-R22,101.6,odometer,04:29,10:29,24,987
2026-06-30,P-36,Ireneusz Wysocki,S-R18,115.4,odometer,05:00,10:43,23,873
2026-06-30,P-36,Patryk Borkowski,S-R19,93.9,odometer,13:14,18:44,21,779
2026-06-30,P-37,Piotr Adamczyk,N-R23,196.7,odometer,05:05,11:08,19,899
2026-06-30,P-38,Arkadiusz Lis,S-R20,192.2,odometer,05:09,11:18,19,940
2026-07-01,P-01,Grzegorz Pawlak,N-R14,200.3,odometer,05:17,12:00,19,641
2026-07-01,P-02,Radosław Kalinowski,S-R08,82.9,odometer,05:54,13:07,33,809
2026-07-01,P-04,Paweł Zieliński,N-R09,135.2,odometer,05:05,11:30,29,950
2026-07-01,P-05,Janusz Kozłowski,S-R03,127.3,odometer,04:30,10:46,22,836
2026-07-01,P-06,Katarzyna Wójcik,N-R21,70.5,odometer,05:47,12:19,33,921
2026-07-01,P-07,Zbigniew Michalski,S-R01,118.6,odometer,04:54,11:07,30,1074
2026-07-01,P-08,Rafał Dudek,N-R05,86.0,odometer,04:50,10:03,20,703
2026-07-01,P-08,Łukasz Szymański,N-R17,74.1,odometer,13:06,17:45,19,546
2026-07-01,P-09,Adam Mazur,N-R02,118.5,odometer,04:45,11:06,24,714
2026-07-01,P-09,Kamil Krawczyk,N-R19,113.2,odometer,13:11,19:17,25,678
2026-07-01,P-11,Jacek Wieczorek,N-R11,105.7,odometer,05:30,12:00,34,1118
2026-07-01,P-12,Henryk Walczak,S-R05,94.5,odometer,05:04,10:33,22,713
2026-07-01,P-12,Damian Stępień,S-R15,83.6,odometer,12:53,18:29,23,787
2026-07-01,P-13,Konrad Szewczyk,N-R07,141.2,odometer,05:20,12:16,29,881
2026-07-01,P-15,Stanisław Czarnecki,S-R10,83.0,odometer,05:37,10:38,26,955
2026-07-01,P-16,Monika Kubiak,N-R12,135.1,odometer,05:11,12:52,36,876
2026-07-01,P-17B,Waldemar Kasprzak,S-R06,109.4,odometer,05:06,12:06,30,697
2026-07-01,P-18,Kinga Dziedzic,S-R11,88.3,odometer,05:36,11:55,34,843
2026-07-01,P-19,Robert Wróbel,N-R01,129.9,odometer,04:52,11:25,26,881
2026-07-01,P-20,Leszek Ostrowski,S-R07,126.0,odometer,05:24,11:31,26,844
2026-07-01,P-21,Michał Kowalczyk,N-R10,140.2,odometer,05:14,11:44,29,786
2026-07-01,P-22,Wojciech Nowicki,N-R06,121.8,odometer,05:28,11:55,27,755
2026-07-01,P-24,Mariusz Grabowski,N-R04,141.8,odometer,05:14,11:17,23,692
2026-07-01,P-24,Przemysław Olszewski,N-R20,138.5,odometer,13:30,19:09,19,708
2026-07-01,P-25,Marcin Pawłowski,S-R04,144.4,odometer,05:03,11:49,24,755
2026-07-01,P-26,Agnieszka Lewandowska,N-R13,122.7,odometer,05:12,11:54,28,875
2026-07-01,P-27,Magdalena Jankowska,S-R13,104.0,odometer,05:24,12:01,31,806
2026-07-01,P-28,Bartosz Sikora,N-R18,112.1,odometer,06:01,12:01,26,766
2026-07-01,P-29,Dawid Majewski,S-R14,205.1,odometer,04:45,11:38,17,622
2026-07-01,P-30,Tadeusz Baran,N-R08,129.5,odometer,05:23,11:41,27,767
2026-07-01,P-31,Szymon Wróblewski,S-R09,133.7,odometer,04:55,10:21,17,977
2026-07-01,P-32,Andrzej Zając,S-R16,112.5,odometer,06:04,12:15,27,815
2026-07-01,P-33,Krzysztof Górski,N-R15,191.7,odometer,04:50,12:30,26,962
2026-07-01,P-34,Wiesław Kołodziej,S-R17,131.0,odometer,04:33,10:47,25,1218
2026-07-01,P-35,Marek Zawadzki,N-R22,116.6,odometer,04:51,11:12,24,1035
2026-07-01,P-36,Ireneusz Wysocki,S-R18,121.0,odometer,04:56,11:31,23,867
2026-07-01,P-36,Patryk Borkowski,S-R19,95.8,odometer,13:05,18:26,24,932
2026-07-01,P-37,Emil Sobczak,N-R23,184.1,odometer,05:09,11:02,16,962
2026-07-01,P-38,Arkadiusz Lis,S-R20,247.3,odometer,05:06,13:06,22,692
2026-07-02,P-01,Grzegorz Pawlak,N-R14,234.9,odometer,04:58,11:52,18,895
2026-07-02,P-02,Kinga Dziedzic,S-R08,112.8,odometer,05:43,13:56,39,959
2026-07-02,P-03,Dariusz Kaczmarek,N-R03,108.7,odometer,04:42,10:24,25,1007
2026-07-02,P-04,Paweł Zieliński,N-R09,135.2,odometer,05:04,11:46,28,831
2026-07-02,P-06,Katarzyna Wójcik,N-R21,92.3,odometer,05:44,12:59,33,914
2026-07-02,P-07,Zbigniew Michalski,S-R01,150.8,odometer,04:38,11:26,27,1077
2026-07-02,P-08,Rafał Dudek,N-R05,84.4,odometer,05:23,11:02,21,695
2026-07-02,P-08,Łukasz Szymański,N-R17,92.9,odometer,12:51,18:04,19,739
2026-07-02,P-09,Adam Mazur,N-R02,139.2,odometer,05:00,11:40,27,747
2026-07-02,P-09,Kamil Krawczyk,N-R19,102.3,odometer,12:47,18:45,25,704
2026-07-02,P-10,Radosław Kalinowski,S-R12,89.4,odometer,05:52,12:05,30,570
2026-07-02,P-11,Jacek Wieczorek,N-R11,112.0,odometer,05:29,13:28,37,960
2026-07-02,P-12,Henryk Walczak,S-R05,87.1,odometer,05:08,10:42,25,797
2026-07-02,P-12,Damian Stępień,S-R15,84.0,odometer,13:13,18:20,21,591
2026-07-02,P-13,Konrad Szewczyk,N-R07,137.8,odometer,04:58,11:02,26,669
2026-07-02,P-14,Artur Pietrzak,N-R16,82.9,odometer,05:10,10:54,24,951
2026-07-02,P-15,Stanisław Czarnecki,S-R10,94.5,odometer,05:48,11:37,26,904
2026-07-02,P-16,Monika Kubiak,N-R12,162.5,odometer,05:22,14:29,39,772
2026-07-02,P-17B,Waldemar Kasprzak,S-R06,124.9,odometer,05:12,12:28,28,1024
2026-07-02,P-18,Ryszard Mróz,S-R11,92.2,odometer,05:52,13:15,35,792
2026-07-02,P-19,Robert Wróbel,N-R01,137.7,odometer,05:20,11:29,23,876
2026-07-02,P-20,Leszek Ostrowski,S-R07,139.7,odometer,05:07,11:07,24,735
2026-07-02,P-21,Michał Kowalczyk,N-R10,136.5,odometer,05:26,11:51,22,826
2026-07-02,P-22,Wojciech Nowicki,N-R06,110.4,odometer,05:43,12:18,31,771
2026-07-02,P-23,Jerzy Tomaszewski,S-R02,117.7,odometer,05:02,11:08,28,995
2026-07-02,P-24,Mariusz Grabowski,N-R04,149.6,odometer,05:11,11:45,22,837
2026-07-02,P-24,Przemysław Olszewski,N-R20,122.3,odometer,13:18,19:12,17,629
2026-07-02,P-25,Marcin Pawłowski,S-R04,143.4,odometer,05:07,11:59,26,855
2026-07-02,P-27,Magdalena Jankowska,S-R13,100.6,odometer,05:34,11:13,23,972
2026-07-02,P-28,Bartosz Sikora,N-R18,106.5,odometer,06:24,11:32,17,843
2026-07-02,P-29,Dawid Majewski,S-R14,216.0,odometer,04:47,12:05,17,842
2026-07-02,P-30,Tadeusz Baran,N-R08,131.6,odometer,05:12,12:29,26,690
2026-07-02,P-31,Szymon Wróblewski,S-R09,139.5,odometer,05:03,11:36,29,725
2026-07-02,P-32,Andrzej Zając,S-R16,111.0,odometer,06:06,11:56,27,926
2026-07-02,P-33,Krzysztof Górski,N-R15,189.6,odometer,05:00,13:00,16,819
2026-07-02,P-35,Marek Zawadzki,N-R22,101.4,odometer,04:51,10:55,25,965
2026-07-02,P-36,Ireneusz Wysocki,S-R18,125.9,odometer,04:57,11:35,25,800
2026-07-02,P-36,Patryk Borkowski,S-R19,101.3,odometer,12:52,17:55,21,720
2026-07-02,P-37,Emil Sobczak,N-R23,208.0,odometer,05:06,11:36,18,817
2026-07-02,P-38,Arkadiusz Lis,S-R20,217.9,odometer,05:12,11:59,19,1019
2026-07-03,P-01,Grzegorz Pawlak,N-R14,271.4,odometer,05:11,14:10,20,874
2026-07-03,P-02,Anna Sadowska,S-R08,80.6,odometer,05:21,11:14,34,858
2026-07-03,P-03,Dariusz Kaczmarek,N-R03,148.1,odometer,04:47,11:57,26,1016
2026-07-03,P-04,Paweł Zieliński,N-R09,133.5,odometer,05:02,12:15,28,822
2026-07-03,P-05,Kinga Dziedzic,S-R03,135.9,odometer,04:58,11:36,27,728
2026-07-03,P-08,Rafał Dudek,N-R05,93.9,odometer,04:51,09:51,20,766
2026-07-03,P-08,Łukasz Szymański,N-R17,74.6,odometer,12:58,17:49,21,645
2026-07-03,P-09,Adam Mazur,N-R02,134.3,odometer,05:09,11:26,23,731
2026-07-03,P-09,Kamil Krawczyk,N-R19,112.2,odometer,13:13,20:13,22,672
2026-07-03,P-10,Joanna Król,S-R12,90.4,odometer,05:53,12:43,35,711
2026-07-03,P-11,Jacek Wieczorek,N-R11,91.3,odometer,05:36,12:33,33,882
2026-07-03,P-12,Henryk Walczak,S-R05,99.1,odometer,05:10,10:36,22,770
2026-07-03,P-12,Damian Stępień,S-R15,79.2,odometer,12:44,18:12,23,686
2026-07-03,P-13,Konrad Szewczyk,N-R07,141.1,odometer,05:09,11:54,27,946
2026-07-03,P-14,Artur Pietrzak,N-R16,109.6,odometer,05:36,11:36,27,755
2026-07-03,P-15,Stanisław Czarnecki,S-R10,89.9,odometer,05:54,11:57,31,934
2026-07-03,P-16,Monika Kubiak,N-R12,143.5,odometer,05:19,13:43,36,743
2026-07-03,P-18,Radosław Kalinowski,S-R11,85.3,odometer,05:34,11:34,37,857
2026-07-03,P-20,Leszek Ostrowski,S-R07,129.9,odometer,05:13,11:27,24,747
2026-07-03,P-21,Michał Kowalczyk,N-R10,141.8,odometer,04:58,11:00,24,776
2026-07-03,P-22,Wojciech Nowicki,N-R06,149.8,odometer,05:20,13:22,31,1063
2026-07-03,P-23,Jerzy Tomaszewski,S-R02,138.5,odometer,04:44,10:31,19,1013
2026-07-03,P-24,Mariusz Grabowski,N-R04,147.0,odometer,04:59,10:54,21,741
2026-07-03,P-24,Przemysław Olszewski,N-R20,124.3,odometer,13:18,18:30,19,605
2026-07-03,P-25,Marcin Pawłowski,S-R04,138.0,odometer,05:28,11:24,24,893
2026-07-03,P-26,Agnieszka Lewandowska,N-R13,137.7,odometer,05:24,11:50,25,769
2026-07-03,P-27,Magdalena Jankowska,S-R13,86.8,odometer,05:40,11:44,27,978
2026-07-03,P-28,Bartosz Sikora,N-R18,92.8,odometer,06:09,11:26,24,976
2026-07-03,P-29,Dawid Majewski,S-R14,191.8,odometer,04:52,11:13,17,919
2026-07-03,P-30,Tadeusz Baran,N-R08,128.3,odometer,05:21,12:04,30,742
2026-07-03,P-31,Szymon Wróblewski,S-R09,137.2,odometer,04:55,11:40,24,839
2026-07-03,P-32,Andrzej Zając,S-R16,102.4,odometer,06:00,11:56,23,729
2026-07-03,P-33,Krzysztof Górski,N-R15,184.2,odometer,05:09,11:58,21,775
2026-07-03,P-34,Wiesław Kołodziej,S-R17,121.0,odometer,04:36,10:39,25,1035
2026-07-03,P-35,Marek Zawadzki,N-R22,105.5,odometer,04:48,11:41,25,895
2026-07-03,P-36,Ireneusz Wysocki,S-R18,121.2,odometer,05:14,11:34,25,806
2026-07-03,P-36,Patryk Borkowski,S-R19,111.9,odometer,13:10,18:48,22,850
2026-07-03,P-37,Emil Sobczak,N-R23,219.8,odometer,05:13,12:26,14,936
2026-07-04,P-02,Anna Sadowska,S-R08,59.5,odometer,05:21,10:18,30,886
2026-07-04,P-04,Paweł Zieliński,N-R09,114.2,odometer,04:15,11:25,26,849
2026-07-04,P-05,Janusz Kozłowski,S-R03,100.1,odometer,04:46,09:57,20,863
2026-07-04,P-07,Zbigniew Michalski,S-R01,139.8,odometer,04:17,11:09,26,945
2026-07-04,P-08,Rafał Dudek,N-R05,83.6,odometer,04:39,09:25,18,604
2026-07-04,P-09,Adam Mazur,N-R02,100.8,odometer,04:55,10:33,23,738
2026-07-04,P-11,Jacek Wieczorek,N-R11,74.6,odometer,05:14,10:15,31,916
2026-07-04,P-12,Henryk Walczak,S-R05,82.1,odometer,04:38,09:13,19,660
2026-07-04,P-13,Konrad Szewczyk,N-R07,120.7,odometer,04:14,09:47,24,911
2026-07-04,P-16,Monika Kubiak,N-R12,117.5,odometer,05:05,12:06,31,899
2026-07-04,P-17B,Waldemar Kasprzak,S-R06,80.8,odometer,04:55,09:41,25,787
2026-07-04,P-19,Robert Wróbel,N-R01,116.5,odometer,04:25,10:12,20,920
2026-07-04,P-21,Michał Kowalczyk,N-R10,113.5,odometer,04:39,10:30,25,879
2026-07-04,P-23,Jerzy Tomaszewski,S-R02,94.5,odometer,04:56,10:10,22,1191
2026-07-04,P-25,Marcin Pawłowski,S-R04,109.6,odometer,04:22,09:39,23,770
2026-07-04,P-26,Agnieszka Lewandowska,N-R13,101.6,odometer,05:05,10:55,24,854
2026-07-04,P-30,Tadeusz Baran,N-R08,118.3,odometer,04:57,10:39,20,929
2026-07-04,P-31,Szymon Wróblewski,S-R09,109.0,odometer,04:35,09:51,24,785
2026-07-04,P-33,Krzysztof Górski,N-R15,150.8,odometer,04:28,09:28,14,813
2026-07-04,P-34,Wiesław Kołodziej,S-R17,80.4,odometer,04:15,09:17,25,982
2026-07-04,P-35,Marek Zawadzki,N-R22,96.4,odometer,04:03,09:15,23,1075
2026-07-04,P-36,Ireneusz Wysocki,S-R18,122.3,odometer,04:48,10:40,20,871
2026-07-06,P-01,Grzegorz Pawlak,N-R14,221.7,odometer,05:14,12:48,19,1034
2026-07-06,P-02,Anna Sadowska,S-R08,83.6,odometer,05:49,13:07,35,670
2026-07-06,P-03,Dariusz Kaczmarek,N-R03,111.8,odometer,05:15,12:15,27,1026
2026-07-06,P-04,Paweł Zieliński,N-R09,138.4,odometer,05:24,12:51,31,867
2026-07-06,P-05,Kinga Dziedzic,S-R03,126.1,odometer,05:02,11:45,25,835
2026-07-06,P-06,Katarzyna Wójcik,N-R21,104.3,odometer,05:39,12:31,32,964
2026-07-06,P-07,Radosław Kalinowski,S-R01,133.2,odometer,05:02,12:56,31,1068
2026-07-06,P-08,Rafał Dudek,N-R05,95.3,odometer,05:16,10:50,25,713
2026-07-06,P-08,Łukasz Szymański,N-R17,73.1,odometer,13:20,18:19,22,664
2026-07-06,P-09,Adam Mazur,N-R02,128.3,odometer,05:14,11:22,22,533
2026-07-06,P-09,Kamil Krawczyk,N-R19,114.3,odometer,12:57,19:25,23,700
2026-07-06,P-10,Joanna Król,S-R12,103.4,odometer,05:48,13:17,32,802
2026-07-06,P-11,Jacek Wieczorek,N-R11,97.3,odometer,05:31,13:28,38,834
2026-07-06,P-12,Henryk Walczak,S-R05,91.7,odometer,04:58,09:46,18,634
2026-07-06,P-12,Damian Stępień,S-R15,81.0,odometer,13:08,18:21,23,631
2026-07-06,P-14,Artur Pietrzak,N-R16,94.4,odometer,05:49,10:55,22,646
2026-07-06,P-15,Stanisław Czarnecki,S-R10,87.5,odometer,06:09,12:11,31,714
2026-07-06,P-16,Monika Kubiak,N-R12,138.6,odometer,05:08,12:44,34,685
2026-07-06,P-17B,Waldemar Kasprzak,S-R06,108.7,odometer,05:14,11:24,24,1104
2026-07-06,P-18,Ryszard Mróz,S-R11,94.6,odometer,05:44,12:34,37,773
2026-07-06,P-19,Robert Wróbel,N-R01,137.2,odometer,04:46,12:08,25,755
2026-07-06,P-20,Leszek Ostrowski,S-R07,134.0,odometer,05:16,12:04,26,873
2026-07-06,P-21,Michał Kowalczyk,N-R10,134.6,odometer,05:21,12:38,27,803
2026-07-06,P-22,Wojciech Nowicki,N-R06,125.1,odometer,05:21,12:28,28,972
2026-07-06,P-23,Jerzy Tomaszewski,S-R02,113.6,odometer,04:46,11:13,27,1194
2026-07-06,P-24,Mariusz Grabowski,N-R04,147.5,odometer,04:42,11:20,21,712
2026-07-06,P-24,Przemysław Olszewski,N-R20,124.3,odometer,13:09,18:04,16,546
2026-07-06,P-25,Marcin Pawłowski,S-R04,139.4,odometer,05:03,11:53,24,886
2026-07-06,P-27,Magdalena Jankowska,S-R13,97.0,odometer,05:28,11:51,31,899
2026-07-06,P-28,Bartosz Sikora,N-R18,91.4,odometer,05:58,11:21,20,719
2026-07-06,P-29,Dawid Majewski,S-R14,213.1,odometer,04:51,11:51,16,785
2026-07-06,P-30,Tadeusz Baran,N-R08,138.0,odometer,05:09,12:17,26,761
2026-07-06,P-31,Szymon Wróblewski,S-R09,137.7,odometer,05:06,12:39,31,835
2026-07-06,P-32,Andrzej Zając,S-R16,115.6,odometer,06:01,13:18,23,866
2026-07-06,P-33,Krzysztof Górski,N-R15,186.7,odometer,05:11,12:02,19,780
2026-07-06,P-34,Wiesław Kołodziej,S-R17,102.7,odometer,04:44,11:42,32,901
2026-07-06,P-35,Marek Zawadzki,N-R22,144.2,odometer,04:46,11:33,29,1045
2026-07-06,P-36,Ireneusz Wysocki,S-R18,110.7,odometer,05:18,11:01,24,735
2026-07-06,P-36,Patryk Borkowski,S-R19,93.7,odometer,12:53,18:12,22,719
2026-07-06,P-37,Emil Sobczak,N-R23,214.0,odometer,05:17,12:07,16,715
2026-07-06,P-38,Arkadiusz Lis,S-R20,208.6,odometer,04:50,11:35,17,754
2026-07-07,P-03,Dariusz Kaczmarek,N-R03,129.9,odometer,04:47,11:24,27,972
2026-07-07,P-04,Paweł Zieliński,N-R09,140.7,odometer,05:01,12:09,25,907
2026-07-07,P-05,Janusz Kozłowski,S-R03,125.2,odometer,05:14,11:47,27,903
2026-07-07,P-07,Zbigniew Michalski,S-R01,131.2,odometer,04:37,11:31,31,1061
2026-07-07,P-08,Rafał Dudek,N-R05,97.0,odometer,04:59,11:55,22,748
2026-07-07,P-08,Łukasz Szymański,N-R17,73.1,odometer,12:51,18:28,19,606
2026-07-07,P-10,Joanna Król,S-R12,97.7,odometer,05:44,11:48,31,513
2026-07-07,P-11,Jacek Wieczorek,N-R11,75.6,odometer,05:43,11:32,30,735
2026-07-07,P-12,Henryk Walczak,S-R05,101.7,odometer,05:21,10:39,21,752
2026-07-07,P-12,Kinga Dziedzic,S-R15,76.8,odometer,12:51,17:19,13,766
2026-07-07,P-14,Artur Pietrzak,N-R16,91.1,odometer,05:55,11:50,30,733
2026-07-07,P-15,Stanisław Czarnecki,S-R10,92.2,odometer,05:53,11:47,25,952
2026-07-07,P-16,Monika Kubiak,N-R12,137.9,odometer,04:56,11:52,32,845
2026-07-07,P-17B,Waldemar Kasprzak,S-R06,115.1,odometer,05:17,12:05,26,979
2026-07-07,P-18,Radosław Kalinowski,S-R11,79.3,odometer,06:05,12:28,31,895
2026-07-07,P-19,Robert Wróbel,N-R01,126.1,odometer,04:55,10:33,15,869
2026-07-07,P-20,Leszek Ostrowski,S-R07,126.3,odometer,04:54,11:35,25,858
2026-07-07,P-21,Michał Kowalczyk,N-R10,142.8,odometer,05:25,12:14,26,906
2026-07-07,P-22,Wojciech Nowicki,N-R06,110.3,odometer,05:15,12:21,32,912
2026-07-07,P-23,Jerzy Tomaszewski,S-R02,117.9,odometer,04:47,11:46,27,1230
2026-07-07,P-24,Mariusz Grabowski,N-R04,142.9,odometer,04:56,11:28,22,591
2026-07-07,P-24,Przemysław Olszewski,N-R20,125.8,odometer,13:19,18:37,20,680
2026-07-07,P-26,Agnieszka Lewandowska,N-R13,113.5,odometer,05:35,12:36,26,852
2026-07-07,P-27,Magdalena Jankowska,S-R13,89.3,odometer,05:42,11:57,27,834
2026-07-07,P-28,Bartosz Sikora,N-R18,98.1,odometer,05:58,11:48,27,803
2026-07-07,P-29,Dawid Majewski,S-R14,197.9,odometer,05:10,11:58,17,975
2026-07-07,P-30,Tadeusz Baran,N-R08,136.7,odometer,05:24,11:24,22,904
2026-07-07,P-31,Szymon Wróblewski,S-R09,130.2,odometer,05:02,10:59,24,817
2026-07-07,P-32,Andrzej Zając,S-R16,114.2,odometer,06:08,11:40,23,900
2026-07-07,P-33,Krzysztof Górski,N-R15,203.8,odometer,05:01,11:58,20,823
2026-07-07,P-34,Wiesław Kołodziej,S-R17,119.7,odometer,04:19,09:57,22,1003
2026-07-07,P-35,Marek Zawadzki,N-R22,113.3,odometer,04:23,10:45,26,869
2026-07-07,P-36,Ireneusz Wysocki,S-R18,110.8,odometer,05:06,11:28,25,919
2026-07-07,P-36,Patryk Borkowski,S-R19,106.5,odometer,13:00,18:45,24,679
2026-07-07,P-37,Emil Sobczak,N-R23,203.6,odometer,04:59,12:05,16,869
2026-07-07,P-38,Arkadiusz Lis,S-R20,199.0,odometer,05:12,11:57,20,773
2026-07-08,P-02,Anna Sadowska,S-R08,80.2,odometer,05:50,12:48,35,1007
2026-07-08,P-03,Dariusz Kaczmarek,N-R03,113.9,odometer,04:41,10:46,29,709
2026-07-08,P-04,Konrad Szewczyk,N-R09,139.6,odometer,04:42,11:12,29,819
2026-07-08,P-06,Katarzyna Wójcik,N-R21,78.5,odometer,05:56,11:31,35,888
2026-07-08,P-07,Zbigniew Michalski,S-R01,129.5,odometer,04:46,11:57,23,1054
2026-07-08,P-08,Rafał Dudek,N-R05,85.3,odometer,04:52,09:37,22,753
2026-07-08,P-08,Łukasz Szymański,N-R17,74.6,odometer,13:07,17:18,19,601
2026-07-08,P-09,Adam Mazur,N-R02,126.0,odometer,04:55,10:53,23,518
2026-07-08,P-09,Kamil Krawczyk,N-R19,103.0,odometer,13:22,19:31,24,663
2026-07-08,P-10,Joanna Król,S-R12,98.0,odometer,06:05,11:46,22,748
2026-07-08,P-11,Jacek Wieczorek,N-R11,79.7,odometer,05:40,11:34,35,935
2026-07-08,P-12,Henryk Walczak,S-R05,84.1,odometer,05:07,09:38,19,800
2026-07-08,P-12,Damian Stępień,S-R15,81.3,odometer,12:58,18:27,22,554
2026-07-08,P-13,Emil Sobczak,N-R07,148.8,odometer,05:11,11:44,26,799
2026-07-08,P-14,Artur Pietrzak,N-R16,90.2,odometer,06:17,10:53,22,850
2026-07-08,P-16,Monika Kubiak,N-R12,137.1,odometer,05:14,12:38,35,651
2026-07-08,P-17B,Waldemar Kasprzak,S-R06,120.5,odometer,05:20,11:58,27,942
2026-07-08,P-18,Kinga Dziedzic,S-R11,89.6,odometer,06:22,12:04,33,876
2026-07-08,P-19,Robert Wróbel,N-R01,135.7,odometer,05:06,11:45,27,886
2026-07-08,P-20,Leszek Ostrowski,S-R07,129.3,odometer,05:19,12:24,27,882
2026-07-08,P-21,Michał Kowalczyk,N-R10,139.1,odometer,05:23,12:44,27,843
2026-07-08,P-22,Wojciech Nowicki,N-R06,135.7,odometer,05:43,12:56,30,829
2026-07-08,P-23,Jerzy Tomaszewski,S-R02,123.9,odometer,04:38,10:55,25,1057
2026-07-08,P-24,Mariusz Grabowski,N-R04,139.1,odometer,04:58,10:34,19,670
2026-07-08,P-24,Przemysław Olszewski,N-R20,120.9,odometer,13:28,18:40,20,711
2026-07-08,P-25,Marcin Pawłowski,S-R04,142.6,odometer,05:31,12:54,28,744
2026-07-08,P-26,Agnieszka Lewandowska,N-R13,118.8,odometer,05:18,11:35,28,957
2026-07-08,P-27,Magdalena Jankowska,S-R13,102.5,odometer,05:31,12:42,30,1004
2026-07-08,P-28,Bartosz Sikora,N-R18,118.7,odometer,05:30,11:38,25,908
2026-07-08,P-29,Dawid Majewski,S-R14,195.8,odometer,05:10,11:34,15,794
2026-07-08,P-30,Tadeusz Baran,N-R08,138.6,odometer,05:08,11:28,27,747
2026-07-08,P-31,Szymon Wróblewski,S-R09,146.2,odometer,04:57,12:05,27,749
2026-07-08,P-32,Radosław Kalinowski,S-R16,145.3,odometer,06:11,13:03,21,841
2026-07-08,P-33,Krzysztof Górski,N-R15,189.5,odometer,04:39,11:06,17,877
2026-07-08,P-34,Wiesław Kołodziej,S-R17,110.7,odometer,04:44,11:38,27,1011
2026-07-08,P-36,Ireneusz Wysocki,S-R18,110.9,odometer,04:54,10:17,24,934
2026-07-08,P-36,Patryk Borkowski,S-R19,104.3,odometer,13:07,18:19,21,926
2026-07-08,P-37,Piotr Adamczyk,N-R23,193.1,odometer,04:56,10:46,15,820
2026-07-08,P-38,Arkadiusz Lis,S-R20,214.2,odometer,05:09,11:42,17,894
2026-07-09,P-02,Anna Sadowska,S-R08,74.5,odometer,05:35,11:30,36,797
2026-07-09,P-03,Dariusz Kaczmarek,N-R03,112.8,odometer,05:03,12:01,22,947
2026-07-09,P-04,Paweł Zieliński,N-R09,134.2,odometer,05:06,11:39,27,890
2026-07-09,P-05,Janusz Kozłowski,S-R03,122.3,odometer,05:25,11:25,23,881
2026-07-09,P-06,Katarzyna Wójcik,N-R21,84.4,odometer,05:37,11:14,33,821
2026-07-09,P-07,Zbigniew Michalski,S-R01,118.5,odometer,04:44,11:05,26,1113
2026-07-09,P-08,Rafał Dudek,N-R05,84.4,odometer,05:18,10:07,19,664
2026-07-09,P-08,Łukasz Szymański,N-R17,75.3,odometer,12:43,18:43,25,709
2026-07-09,P-09,Adam Mazur,N-R02,122.7,odometer,05:14,11:26,25,761
2026-07-09,P-09,Kamil Krawczyk,N-R19,128.5,odometer,13:06,20:01,24,733
2026-07-09,P-11,Jacek Wieczorek,N-R11,86.2,odometer,05:02,11:55,34,1048
2026-07-09,P-12,Henryk Walczak,S-R05,99.1,odometer,05:07,11:33,22,650
2026-07-09,P-12,Damian Stępień,S-R15,76.8,odometer,13:03,18:08,22,563
2026-07-09,P-13,Konrad Szewczyk,N-R07,136.0,odometer,05:08,12:46,29,913
2026-07-09,P-14,Artur Pietrzak,N-R16,130.9,odometer,05:56,12:02,24,636
2026-07-09,P-16,Monika Kubiak,N-R12,135.9,odometer,05:35,13:54,40,848
2026-07-09,P-17B,Waldemar Kasprzak,S-R06,111.0,odometer,05:10,11:41,26,896
2026-07-09,P-18,Kinga Dziedzic,S-R11,94.5,odometer,05:44,12:37,34,851
2026-07-09,P-19,Robert Wróbel,N-R01,128.5,odometer,04:37,10:02,20,793
2026-07-09,P-20,Leszek Ostrowski,S-R07,126.7,odometer,05:00,10:48,26,863
2026-07-09,P-21,Michał Kowalczyk,N-R10,134.7,odometer,05:04,11:22,26,873
2026-07-09,P-22,Wojciech Nowicki,N-R06,113.3,odometer,05:39,12:18,26,951
2026-07-09,P-23,Jerzy Tomaszewski,S-R02,126.4,odometer,05:12,11:36,24,1079
2026-07-09,P-24,Mariusz Grabowski,N-R04,152.3,odometer,05:20,11:02,17,760
2026-07-09,P-24,Przemysław Olszewski,N-R20,122.5,odometer,13:28,18:46,19,668
2026-07-09,P-25,Marcin Pawłowski,S-R04,141.2,odometer,04:45,11:36,23,931
2026-07-09,P-26,Agnieszka Lewandowska,N-R13,115.1,odometer,05:30,12:04,26,749
2026-07-09,P-27,Magdalena Jankowska,S-R13,106.5,odometer,05:45,12:34,30,979
2026-07-09,P-28,Bartosz Sikora,N-R18,90.8,odometer,06:01,11:58,24,841
2026-07-09,P-29,Dawid Majewski,S-R14,219.6,odometer,04:42,11:35,20,781
2026-07-09,P-30,Tadeusz Baran,N-R08,132.9,odometer,05:09,12:01,27,909
2026-07-09,P-32,Radosław Kalinowski,S-R16,94.1,odometer,05:53,11:47,26,887
2026-07-09,P-33,Krzysztof Górski,N-R15,201.3,odometer,04:40,11:37,18,810
2026-07-09,P-35,Marek Zawadzki,N-R22,136.4,odometer,04:46,11:39,28,1022
2026-07-09,P-36,Ireneusz Wysocki,S-R18,119.6,odometer,04:37,10:19,24,812
2026-07-09,P-36,Patryk Borkowski,S-R19,100.8,odometer,13:12,18:56,22,725
2026-07-09,P-37,Emil Sobczak,N-R23,221.4,odometer,04:52,11:27,17,981
2026-07-09,P-38,Arkadiusz Lis,S-R20,205.8,odometer,04:55,11:41,17,1071
2026-07-10,P-02,Anna Sadowska,S-R08,124.3,odometer,05:37,12:54,36,782
2026-07-10,P-03,Dariusz Kaczmarek,N-R03,112.3,odometer,05:10,11:14,26,1156
2026-07-10,P-04,Paweł Zieliński,N-R09,139.5,odometer,05:15,12:17,31,958
2026-07-10,P-05,Kinga Dziedzic,S-R03,130.7,odometer,05:10,11:18,25,735
2026-07-10,P-07,Zbigniew Michalski,S-R01,124.9,odometer,04:36,10:56,28,923
2026-07-10,P-08,Konrad Szewczyk,N-R05,96.8,odometer,05:08,10:37,21,732
2026-07-10,P-08,Łukasz Szymański,N-R17,72.5,odometer,13:06,17:48,21,612
2026-07-10,P-11,Jacek Wieczorek,N-R11,86.5,odometer,05:15,11:17,34,929
2026-07-10,P-12,Radosław Kalinowski,S-R05,99.5,odometer,04:57,10:55,23,617
2026-07-10,P-12,Damian Stępień,S-R15,84.8,odometer,13:15,17:46,19,639
2026-07-10,P-13,Emil Sobczak,N-R07,135.9,odometer,05:11,11:42,27,777
2026-07-10,P-14,Artur Pietrzak,N-R16,106.0,odometer,05:56,11:01,21,769
2026-07-10,P-15,Stanisław Czarnecki,S-R10,76.7,odometer,05:39,11:48,29,907
2026-07-10,P-16,Monika Kubiak,N-R12,132.1,odometer,05:04,12:53,33,657
2026-07-10,P-17B,Waldemar Kasprzak,S-R06,109.9,odometer,05:18,12:09,26,900
2026-07-10,P-18,Ryszard Mróz,S-R11,100.4,odometer,05:39,11:56,33,919
2026-07-10,P-19,Robert Wróbel,N-R01,130.2,odometer,04:47,10:33,22,769
2026-07-10,P-20,Leszek Ostrowski,S-R07,127.6,odometer,05:11,11:12,26,850
2026-07-10,P-21,Michał Kowalczyk,N-R10,133.6,odometer,05:41,12:01,26,829
2026-07-10,P-22,Wojciech Nowicki,N-R06,100.9,odometer,05:25,11:34,28,763
2026-07-10,P-23,Jerzy Tomaszewski,S-R02,129.4,odometer,04:58,12:21,26,971
2026-07-10,P-24,Mariusz Grabowski,N-R04,150.7,odometer,04:57,11:33,23,597
2026-07-10,P-24,Przemysław Olszewski,N-R20,125.2,odometer,13:22,19:18,21,723
2026-07-10,P-25,Marcin Pawłowski,S-R04,137.8,odometer,04:54,10:59,26,1003
2026-07-10,P-26,Agnieszka Lewandowska,N-R13,119.7,odometer,05:01,11:48,28,887
2026-07-10,P-27,Magdalena Jankowska,S-R13,93.9,odometer,05:28,11:29,28,902
2026-07-10,P-28,Bartosz Sikora,N-R18,115.1,odometer,05:46,12:23,29,850
2026-07-10,P-29,Dawid Majewski,S-R14,203.8,odometer,04:58,11:44,17,835
2026-07-10,P-30,Tadeusz Baran,N-R08,166.2,odometer,05:27,13:44,25,901
2026-07-10,P-31,Szymon Wróblewski,S-R09,131.8,odometer,05:08,11:56,28,835
2026-07-10,P-32,Andrzej Zając,S-R16,126.3,odometer,05:53,12:09,23,914
2026-07-10,P-33,Krzysztof Górski,N-R15,192.6,odometer,05:15,12:06,18,823
2026-07-10,P-34,Wiesław Kołodziej,S-R17,134.4,odometer,04:48,11:54,29,995
2026-07-10,P-35,Marek Zawadzki,N-R22,107.2,odometer,04:34,10:46,26,1184
2026-07-10,P-36,Ireneusz Wysocki,S-R18,127.4,odometer,04:40,10:29,22,935
2026-07-10,P-36,Patryk Borkowski,S-R19,98.1,odometer,13:25,18:19,21,619
2026-07-10,P-37,Piotr Adamczyk,N-R23,226.4,odometer,05:18,13:38,18,768
2026-07-10,P-38,Arkadiusz Lis,S-R20,209.5,odometer,05:02,11:51,24,976
2026-07-11,P-02,Radosław Kalinowski,S-R08,71.7,odometer,05:15,10:07,27,859
2026-07-11,P-03,Dariusz Kaczmarek,N-R03,103.3,odometer,04:27,11:03,24,963
2026-07-11,P-04,Paweł Zieliński,N-R09,110.2,odometer,04:39,09:54,24,839
2026-07-11,P-05,Janusz Kozłowski,S-R03,94.9,odometer,04:49,09:48,21,877
2026-07-11,P-07,Zbigniew Michalski,S-R01,98.7,odometer,04:12,09:53,21,1190
2026-07-11,P-08,Rafał Dudek,N-R05,79.5,odometer,04:53,09:51,19,794
2026-07-11,P-09,Adam Mazur,N-R02,107.6,odometer,05:00,10:47,21,776
2026-07-11,P-12,Henryk Walczak,S-R05,83.6,odometer,04:22,09:57,25,767
2026-07-11,P-13,Konrad Szewczyk,N-R07,116.6,odometer,04:33,11:51,26,734
2026-07-11,P-16,Monika Kubiak,N-R12,124.3,odometer,05:03,11:57,31,687
2026-07-11,P-19,Robert Wróbel,N-R01,114.8,odometer,04:19,09:41,20,829
2026-07-11,P-21,Michał Kowalczyk,N-R10,113.3,odometer,04:58,11:00,20,763
2026-07-11,P-23,Jerzy Tomaszewski,S-R02,97.4,odometer,04:20,09:52,25,1158
2026-07-11,P-24,Mariusz Grabowski,N-R04,115.0,odometer,04:35,09:49,18,777
2026-07-11,P-25,Marcin Pawłowski,S-R04,101.1,odometer,04:39,10:25,21,851
2026-07-11,P-26,Agnieszka Lewandowska,N-R13,92.3,odometer,05:16,10:28,21,510
2026-07-11,P-30,Tadeusz Baran,N-R08,114.8,odometer,04:24,10:31,22,927
2026-07-11,P-31,Szymon Wróblewski,S-R09,107.5,odometer,04:41,11:05,23,874
2026-07-11,P-33,Krzysztof Górski,N-R15,153.4,odometer,04:17,09:15,14,840
2026-07-11,P-34,Wiesław Kołodziej,S-R17,82.0,odometer,04:19,09:41,23,986
2026-07-11,P-35,Marek Zawadzki,N-R22,94.5,odometer,04:19,09:21,25,941
2026-07-11,P-36,Ireneusz Wysocki,S-R18,110.3,odometer,04:58,11:03,21,859
2026-07-13,P-01,Grzegorz Pawlak,N-R14,205.0,odometer,05:31,12:39,21,861
2026-07-13,P-02,Radosław Kalinowski,S-R08,90.8,odometer,05:39,12:20,33,890
2026-07-13,P-04,Paweł Zieliński,N-R09,142.3,odometer,05:01,12:49,25,912
2026-07-13,P-05,Janusz Kozłowski,S-R03,134.8,odometer,05:00,11:34,26,922
2026-07-13,P-06,Katarzyna Wójcik,N-R21,78.5,odometer,05:37,12:16,35,873
2026-07-13,P-07,Zbigniew Michalski,S-R01,126.9,odometer,04:33,11:00,24,1115
2026-07-13,P-08,Rafał Dudek,N-R05,97.6,odometer,05:19,10:36,22,733
2026-07-13,P-08,Łukasz Szymański,N-R17,75.6,odometer,12:55,18:46,20,575
2026-07-13,P-09,Adam Mazur,N-R02,123.6,odometer,04:58,11:11,25,654
2026-07-13,P-09,Konrad Szewczyk,N-R19,103.2,odometer,13:23,18:35,19,625
2026-07-13,P-10,Joanna Król,S-R12,92.1,odometer,06:08,13:05,34,619
2026-07-13,P-11,Jacek Wieczorek,N-R11,86.7,odometer,05:50,12:59,35,983
2026-07-13,P-12,Henryk Walczak,S-R05,93.6,odometer,05:05,09:42,22,680
2026-07-13,P-12,Damian Stępień,S-R15,77.6,odometer,13:00,17:43,14,713
2026-07-13,P-13,Emil Sobczak,N-R07,135.9,odometer,04:54,11:52,25,741
2026-07-13,P-14,Artur Pietrzak,N-R16,94.5,odometer,05:52,11:24,22,892
2026-07-13,P-15,Stanisław Czarnecki,S-R10,87.6,odometer,05:28,11:11,30,851
2026-07-13,P-16,Monika Kubiak,N-R12,163.6,odometer,05:22,14:06,36,952
2026-07-13,P-17B,Waldemar Kasprzak,S-R06,105.4,odometer,05:17,11:43,29,999
2026-07-13,P-18,Ryszard Mróz,S-R11,83.7,odometer,05:54,13:59,32,867
2026-07-13,P-19,Robert Wróbel,N-R01,142.6,odometer,04:39,11:36,25,930
2026-07-13,P-20,Leszek Ostrowski,S-R07,134.0,odometer,04:54,11:40,29,742
2026-07-13,P-21,Michał Kowalczyk,N-R10,138.0,odometer,05:12,11:40,24,787
2026-07-13,P-22,Wojciech Nowicki,N-R06,115.5,odometer,05:14,13:13,38,959
2026-07-13,P-23,Jerzy Tomaszewski,S-R02,118.1,odometer,04:44,11:19,29,1128
2026-07-13,P-24,Mariusz Grabowski,N-R04,159.0,odometer,04:59,13:01,22,557
2026-07-13,P-24,Przemysław Olszewski,N-R20,127.6,odometer,13:19,18:23,19,734
2026-07-13,P-25,Marcin Pawłowski,S-R04,139.7,odometer,04:52,11:33,26,795
2026-07-13,P-26,Agnieszka Lewandowska,N-R13,120.5,odometer,05:22,11:50,29,915
2026-07-13,P-27,Kinga Dziedzic,S-R13,89.7,odometer,05:38,12:19,30,918
2026-07-13,P-28,Bartosz Sikora,N-R18,144.7,odometer,06:30,13:44,28,858
2026-07-13,P-29,Dawid Majewski,S-R14,206.4,odometer,04:59,11:38,16,993
2026-07-13,P-30,Tadeusz Baran,N-R08,134.2,odometer,04:52,12:03,27,859
2026-07-13,P-31,Szymon Wróblewski,S-R09,137.5,odometer,05:14,12:22,27,875
2026-07-13,P-33,Krzysztof Górski,N-R15,194.6,odometer,04:53,12:05,16,924
2026-07-13,P-34,Wiesław Kołodziej,S-R17,111.3,odometer,04:51,11:09,27,1109
2026-07-13,P-35,Marek Zawadzki,N-R22,112.2,odometer,04:18,10:48,27,917
2026-07-13,P-36,Ireneusz Wysocki,S-R18,115.6,odometer,04:51,10:45,23,847
2026-07-13,P-36,Patryk Borkowski,S-R19,114.6,odometer,13:10,19:14,22,688
2026-07-13,P-37,Piotr Adamczyk,N-R23,223.0,odometer,04:58,12:03,17,908
2026-07-13,P-38,Arkadiusz Lis,S-R20,226.6,odometer,04:55,12:06,18,997
2026-07-14,P-01,Grzegorz Pawlak,N-R14,185.1,odometer,05:13,11:19,17,835
2026-07-14,P-02,Radosław Kalinowski,S-R08,83.9,odometer,05:38,11:59,35,768
2026-07-14,P-03,Dariusz Kaczmarek,N-R03,153.2,odometer,04:42,12:31,32,946
2026-07-14,P-04,Paweł Zieliński,N-R09,136.1,odometer,05:32,13:09,32,944
2026-07-14,P-05,Janusz Kozłowski,S-R03,135.3,odometer,05:06,12:17,27,888
2026-07-14,P-06,Katarzyna Wójcik,N-R21,83.9,odometer,05:47,12:06,32,1004
2026-07-14,P-07,Zbigniew Michalski,S-R01,126.1,odometer,04:58,11:15,27,908
2026-07-14,P-08,Rafał Dudek,N-R05,99.1,odometer,04:42,10:34,22,730
2026-07-14,P-08,Łukasz Szymański,N-R17,76.4,odometer,13:07,17:09,19,559
2026-07-14,P-09,Adam Mazur,N-R02,118.7,odometer,04:54,10:51,24,610
2026-07-14,P-09,Konrad Szewczyk,N-R19,102.3,odometer,13:08,19:58,23,664
2026-07-14,P-10,Joanna Król,S-R12,92.0,odometer,05:31,12:38,34,634
2026-07-14,P-11,Jacek Wieczorek,N-R11,92.9,odometer,05:32,12:16,33,979
2026-07-14,P-12,Henryk Walczak,S-R05,85.0,odometer,04:56,09:45,19,692
2026-07-14,P-12,Damian Stępień,S-R15,92.5,odometer,12:56,18:35,22,628
2026-07-14,P-13,Sebastian Jabłoński,N-R07,137.6,odometer,05:18,11:22,25,925
2026-07-14,P-14,Artur Pietrzak,N-R16,99.1,odometer,06:03,12:15,28,812
2026-07-14,P-16,Emil Sobczak,N-R12,163.4,odometer,05:29,14:26,33,919
2026-07-14,P-17B,Waldemar Kasprzak,S-R06,123.1,odometer,05:22,11:41,26,996
2026-07-14,P-18,Ryszard Mróz,S-R11,80.4,odometer,05:48,11:34,34,948
2026-07-14,P-19,Robert Wróbel,N-R01,134.7,odometer,04:47,10:23,20,896
2026-07-14,P-20,Leszek Ostrowski,S-R07,131.7,odometer,05:01,11:56,25,820
2026-07-14,P-21,Michał Kowalczyk,N-R10,135.0,odometer,05:15,12:31,28,739
2026-07-14,P-22,Wojciech Nowicki,N-R06,94.7,odometer,05:34,12:42,34,853
2026-07-14,P-23,Jerzy Tomaszewski,S-R02,136.3,odometer,04:47,11:20,27,1035
2026-07-14,P-24,Mariusz Grabowski,N-R04,153.6,odometer,05:07,11:31,20,630
2026-07-14,P-24,Przemysław Olszewski,N-R20,140.5,odometer,13:16,18:53,17,646
2026-07-14,P-25,Marcin Pawłowski,S-R04,138.4,odometer,04:59,11:34,24,763
2026-07-14,P-26,Agnieszka Lewandowska,N-R13,132.4,odometer,05:33,13:04,27,662
2026-07-14,P-27,Kinga Dziedzic,S-R13,113.3,odometer,05:19,11:58,28,759
2026-07-14,P-28,Bartosz Sikora,N-R18,92.2,odometer,06:05,11:53,27,817
2026-07-14,P-29,Dawid Majewski,S-R14,237.0,odometer,05:03,11:57,16,835
2026-07-14,P-30,Tadeusz Baran,N-R08,129.6,odometer,05:25,13:07,33,811
2026-07-14,P-31,Szymon Wróblewski,S-R09,133.6,odometer,04:50,11:43,25,836
2026-07-14,P-33,Krzysztof Górski,N-R15,185.8,odometer,04:55,11:08,19,801
2026-07-14,P-34,Wiesław Kołodziej,S-R17,122.6,odometer,04:47,11:30,31,991
2026-07-14,P-35,Marek Zawadzki,N-R22,105.6,odometer,04:51,11:08,26,1128
2026-07-14,P-36,Ireneusz Wysocki,S-R18,115.1,odometer,05:10,11:01,21,907
2026-07-14,P-36,Patryk Borkowski,S-R19,111.4,odometer,13:18,19:40,24,785
2026-07-14,P-37,Piotr Adamczyk,N-R23,204.1,odometer,05:03,11:36,16,777
2026-07-14,P-38,Arkadiusz Lis,S-R20,181.3,odometer,05:00,11:24,17,833
2026-07-15,P-01,Grzegorz Pawlak,N-R14,213.0,odometer,05:32,12:54,20,905
2026-07-15,P-02,Radosław Kalinowski,S-R08,81.6,odometer,05:47,12:36,34,843
2026-07-15,P-03,Dariusz Kaczmarek,N-R03,104.6,odometer,04:47,10:48,25,1076
2026-07-15,P-04,Konrad Szewczyk,N-R09,135.6,odometer,05:05,12:15,28,833
2026-07-15,P-05,Janusz Kozłowski,S-R03,125.7,odometer,05:00,12:05,27,867
2026-07-15,P-06,Katarzyna Wójcik,N-R21,92.5,odometer,05:45,12:59,33,740
2026-07-15,P-07,Zbigniew Michalski,S-R01,110.9,odometer,04:57,11:54,28,1013
2026-07-15,P-08,Rafał Dudek,N-R05,99.8,odometer,04:46,10:22,23,798
2026-07-15,P-08,Łukasz Szymański,N-R17,73.0,odometer,13:05,17:52,19,663
2026-07-15,P-09,Adam Mazur,N-R02,119.1,odometer,05:00,10:07,16,692
2026-07-15,P-09,Emil Sobczak,N-R19,103.4,odometer,13:12,18:39,22,679
2026-07-15,P-10,Joanna Król,S-R12,120.8,odometer,05:56,13:37,36,705
2026-07-15,P-11,Jacek Wieczorek,N-R11,80.9,odometer,05:27,11:41,34,959
2026-07-15,P-12,Henryk Walczak,S-R05,104.6,odometer,04:55,10:42,20,783
2026-07-15,P-12,Damian Stępień,S-R15,88.5,odometer,12:59,17:58,19,574
2026-07-15,P-14,Artur Pietrzak,N-R16,86.0,odometer,05:45,10:54,25,606
2026-07-15,P-15,Stanisław Czarnecki,S-R10,93.2,odometer,06:10,12:35,33,651
2026-07-15,P-16,Monika Kubiak,N-R12,170.6,odometer,05:07,13:15,34,660
2026-07-15,P-17B,Waldemar Kasprzak,S-R06,108.9,odometer,04:54,10:36,30,786
2026-07-15,P-18,Ryszard Mróz,S-R11,107.7,odometer,05:45,13:15,35,918
2026-07-15,P-19,Robert Wróbel,N-R01,138.3,odometer,04:41,10:57,22,734
2026-07-15,P-20,Leszek Ostrowski,S-R07,140.8,odometer,05:05,11:41,25,734
2026-07-15,P-21,Michał Kowalczyk,N-R10,137.0,odometer,05:19,11:33,23,838
2026-07-15,P-22,Wojciech Nowicki,N-R06,117.6,odometer,05:15,12:05,32,850
2026-07-15,P-23,Jerzy Tomaszewski,S-R02,115.5,odometer,04:40,11:20,27,946
2026-07-15,P-24,Mariusz Grabowski,N-R04,131.1,odometer,05:02,11:41,20,685
2026-07-15,P-24,Przemysław Olszewski,N-R20,130.4,odometer,13:19,18:45,19,749
2026-07-15,P-25,Marcin Pawłowski,S-R04,145.1,odometer,04:53,11:38,26,845
2026-07-15,P-26,Agnieszka Lewandowska,N-R13,138.5,odometer,05:06,11:58,25,914
2026-07-15,P-27,Kinga Dziedzic,S-R13,116.1,odometer,05:40,11:51,25,714
2026-07-15,P-28,Bartosz Sikora,N-R18,160.3,odometer,06:05,13:25,23,674
2026-07-15,P-29,Dawid Majewski,S-R14,188.2,odometer,04:50,11:12,15,889
2026-07-15,P-30,Tadeusz Baran,N-R08,135.3,odometer,05:23,12:58,28,839
2026-07-15,P-31,Szymon Wróblewski,S-R09,135.3,odometer,05:18,11:25,23,946
2026-07-15,P-33,Krzysztof Górski,N-R15,192.4,odometer,04:56,11:35,16,803
2026-07-15,P-34,Wiesław Kołodziej,S-R17,110.1,odometer,04:40,10:54,26,956
2026-07-15,P-35,Marek Zawadzki,N-R22,108.0,odometer,04:33,10:07,25,1069
2026-07-15,P-36,Ireneusz Wysocki,S-R18,118.3,odometer,04:53,10:46,25,880
2026-07-15,P-36,Patryk Borkowski,S-R19,110.6,odometer,13:15,18:40,23,832
2026-07-15,P-37,Piotr Adamczyk,N-R23,205.7,odometer,04:41,10:46,17,691
2026-07-15,P-38,Arkadiusz Lis,S-R20,176.5,odometer,05:04,11:14,16,1034
2026-07-16,P-01,Grzegorz Pawlak,N-R14,180.8,odometer,04:51,11:37,20,797
2026-07-16,P-02,Radosław Kalinowski,S-R08,99.8,odometer,05:36,13:24,35,896
2026-07-16,P-03,Dariusz Kaczmarek,N-R03,107.5,odometer,04:44,11:03,28,1038
2026-07-16,P-04,Paweł Zieliński,N-R09,135.7,odometer,04:55,11:44,28,702
2026-07-16,P-05,Janusz Kozłowski,S-R03,125.9,odometer,04:55,11:38,26,705
2026-07-16,P-06,Katarzyna Wójcik,N-R21,88.3,odometer,05:48,12:30,31,910
2026-07-16,P-08,Rafał Dudek,N-R05,78.8,odometer,04:49,10:09,22,605
2026-07-16,P-08,Łukasz Szymański,N-R17,83.7,odometer,13:15,18:25,23,645
2026-07-16,P-09,Adam Mazur,N-R02,130.2,odometer,04:51,11:21,22,666
2026-07-16,P-09,Konrad Szewczyk,N-R19,104.2,odometer,13:36,18:50,20,642
2026-07-16,P-10,Joanna Król,S-R12,96.4,odometer,05:43,11:57,33,536
2026-07-16,P-11,Jacek Wieczorek,N-R11,99.4,odometer,05:38,13:01,34,1000
2026-07-16,P-12,Kinga Dziedzic,S-R05,91.9,odometer,05:00,11:01,23,676
2026-07-16,P-12,Damian Stępień,S-R15,81.6,odometer,12:55,17:40,19,671
2026-07-16,P-13,Sebastian Jabłoński,N-R07,136.3,odometer,05:08,10:22,23,786
2026-07-16,P-16,Emil Sobczak,N-R12,147.7,odometer,05:40,13:06,36,871
2026-07-16,P-17B,Waldemar Kasprzak,S-R06,122.1,odometer,05:05,11:25,29,964
2026-07-16,P-18,Ryszard Mróz,S-R11,91.8,odometer,06:11,13:11,35,817
2026-07-16,P-19,Robert Wróbel,N-R01,131.3,odometer,05:00,11:40,23,938
2026-07-16,P-20,Leszek Ostrowski,S-R07,128.3,odometer,05:05,11:44,22,825
2026-07-16,P-21,Michał Kowalczyk,N-R10,141.8,odometer,05:23,12:11,24,858
2026-07-16,P-22,Wojciech Nowicki,N-R06,122.8,odometer,05:32,12:44,27,997
2026-07-16,P-23,Jerzy Tomaszewski,S-R02,125.0,odometer,04:49,12:05,29,1066
2026-07-16,P-24,Mariusz Grabowski,N-R04,138.2,odometer,05:02,10:36,23,626
2026-07-16,P-24,Przemysław Olszewski,N-R20,116.9,odometer,13:04,18:35,19,716
2026-07-16,P-25,Marcin Pawłowski,S-R04,139.7,odometer,04:53,11:11,25,876
2026-07-16,P-26,Agnieszka Lewandowska,N-R13,113.7,odometer,05:07,11:10,28,867
2026-07-16,P-27,Magdalena Jankowska,S-R13,116.3,odometer,05:15,11:23,28,893
2026-07-16,P-28,Bartosz Sikora,N-R18,102.0,odometer,05:57,11:51,29,735
2026-07-16,P-29,Dawid Majewski,S-R14,210.4,odometer,05:02,11:35,16,792
2026-07-16,P-30,Tadeusz Baran,N-R08,135.8,odometer,05:05,11:31,25,810
2026-07-16,P-33,Krzysztof Górski,N-R15,193.3,odometer,05:04,12:06,19,894
2026-07-16,P-34,Wiesław Kołodziej,S-R17,105.8,odometer,04:50,11:03,26,1182
2026-07-16,P-35,Marek Zawadzki,N-R22,118.4,odometer,04:34,11:33,28,1101
2026-07-16,P-36,Ireneusz Wysocki,S-R18,128.2,odometer,05:14,11:35,24,931
2026-07-16,P-36,Patryk Borkowski,S-R19,99.1,odometer,13:23,19:14,23,832
2026-07-16,P-37,Piotr Adamczyk,N-R23,234.3,odometer,05:07,12:28,18,955
2026-07-16,P-38,Arkadiusz Lis,S-R20,209.7,odometer,05:06,11:57,18,895
2026-07-17,P-01,Grzegorz Pawlak,N-R14,217.1,odometer,05:04,11:59,19,742
2026-07-17,P-02,Radosław Kalinowski,S-R08,103.4,odometer,05:23,12:26,32,818
2026-07-17,P-03,Dariusz Kaczmarek,N-R03,105.4,odometer,04:26,09:49,23,969
2026-07-17,P-04,Paweł Zieliński,N-R09,133.2,odometer,05:14,12:54,34,916
2026-07-17,P-05,Janusz Kozłowski,S-R03,120.8,odometer,05:28,11:35,26,739
2026-07-17,P-08,Rafał Dudek,N-R05,93.6,odometer,04:47,09:39,21,701
2026-07-17,P-08,Łukasz Szymański,N-R17,74.2,odometer,13:04,17:29,19,699
2026-07-17,P-09,Adam Mazur,N-R02,124.4,odometer,04:37,10:41,23,713
2026-07-17,P-09,Konrad Szewczyk,N-R19,108.6,odometer,13:16,18:38,23,618
2026-07-17,P-11,Jacek Wieczorek,N-R11,81.1,odometer,05:27,11:10,33,910
2026-07-17,P-12,Henryk Walczak,S-R05,98.0,odometer,05:22,11:07,23,700
2026-07-17,P-12,Damian Stępień,S-R15,72.3,odometer,13:08,18:03,20,627
2026-07-17,P-13,Sebastian Jabłoński,N-R07,147.6,odometer,05:09,11:41,26,978
2026-07-17,P-14,Artur Pietrzak,N-R16,100.4,odometer,06:10,11:52,26,857
2026-07-17,P-15,Stanisław Czarnecki,S-R10,89.0,odometer,05:33,11:38,32,998
2026-07-17,P-16,Emil Sobczak,N-R12,135.6,odometer,04:59,12:28,35,751
2026-07-17,P-17B,Waldemar Kasprzak,S-R06,103.1,odometer,05:28,11:34,29,891
2026-07-17,P-18,Ryszard Mróz,S-R11,105.4,odometer,05:55,12:07,30,1031
2026-07-17,P-19,Robert Wróbel,N-R01,132.5,odometer,04:59,11:07,21,745
2026-07-17,P-20,Kinga Dziedzic,S-R07,129.0,odometer,05:05,11:17,25,779
2026-07-17,P-21,Michał Kowalczyk,N-R10,142.1,odometer,05:31,11:36,25,896
2026-07-17,P-22,Wojciech Nowicki,N-R06,111.9,odometer,05:26,12:12,30,779
2026-07-17,P-23,Jerzy Tomaszewski,S-R02,122.3,odometer,04:50,11:49,29,1027
2026-07-17,P-24,Mariusz Grabowski,N-R04,152.1,odometer,05:28,11:20,18,677
2026-07-17,P-24,Przemysław Olszewski,N-R20,118.7,odometer,13:06,18:21,19,757
2026-07-17,P-26,Agnieszka Lewandowska,N-R13,122.8,odometer,05:30,11:55,27,708
2026-07-17,P-27,Magdalena Jankowska,S-R13,100.5,odometer,05:16,11:57,27,930
2026-07-17,P-28,Bartosz Sikora,N-R18,101.4,odometer,05:55,11:42,28,945
2026-07-17,P-29,Dawid Majewski,S-R14,191.8,odometer,04:50,11:04,12,629
2026-07-17,P-30,Tadeusz Baran,N-R08,131.1,odometer,04:50,11:34,27,882
2026-07-17,P-31,Szymon Wróblewski,S-R09,133.6,odometer,05:01,11:59,30,670
2026-07-17,P-32,Andrzej Zając,S-R16,127.0,odometer,06:08,12:30,24,814
2026-07-17,P-33,Krzysztof Górski,N-R15,206.2,odometer,04:58,12:00,20,770
2026-07-17,P-34,Wiesław Kołodziej,S-R17,109.6,odometer,04:23,10:24,26,1028
2026-07-17,P-35,Marek Zawadzki,N-R22,122.6,odometer,04:27,11:02,25,1042
2026-07-17,P-36,Ireneusz Wysocki,S-R18,110.9,odometer,05:07,10:03,22,998
2026-07-17,P-36,Patryk Borkowski,S-R19,122.2,odometer,13:15,20:00,25,877
2026-07-17,P-37,Piotr Adamczyk,N-R23,205.1,odometer,05:14,11:51,16,916
2026-07-18,P-02,Radosław Kalinowski,S-R08,61.8,odometer,05:05,10:51,31,763
2026-07-18,P-03,Dariusz Kaczmarek,N-R03,125.5,odometer,04:33,10:55,26,1066
2026-07-18,P-04,Paweł Zieliński,N-R09,108.4,odometer,04:25,10:37,24,777
2026-07-18,P-05,Janusz Kozłowski,S-R03,97.8,odometer,04:58,10:34,22,748
2026-07-18,P-07,Zbigniew Michalski,S-R01,119.2,odometer,04:48,10:35,26,1037
2026-07-18,P-08,Rafał Dudek,N-R05,78.6,odometer,04:32,09:21,20,619
2026-07-18,P-09,Adam Mazur,N-R02,99.1,odometer,04:27,09:15,20,638
2026-07-18,P-11,Jacek Wieczorek,N-R11,83.3,odometer,05:21,10:59,30,851
2026-07-18,P-12,Henryk Walczak,S-R05,105.8,odometer,04:54,10:16,19,760
2026-07-18,P-13,Sebastian Jabłoński,N-R07,119.9,odometer,04:46,11:16,25,830
2026-07-18,P-16,Emil Sobczak,N-R12,114.5,odometer,05:09,12:13,31,712
2026-07-18,P-19,Robert Wróbel,N-R01,114.5,odometer,04:25,11:11,20,744
2026-07-18,P-21,Michał Kowalczyk,N-R10,116.6,odometer,05:02,10:09,22,819
2026-07-18,P-24,Mariusz Grabowski,N-R04,135.8,odometer,04:56,10:15,16,806
2026-07-18,P-25,Marcin Pawłowski,S-R04,100.4,odometer,04:36,09:19,23,875
2026-07-18,P-26,Agnieszka Lewandowska,N-R13,98.4,odometer,04:58,09:54,20,883
2026-07-18,P-31,Szymon Wróblewski,S-R09,99.9,odometer,04:53,09:50,24,822
2026-07-18,P-33,Krzysztof Górski,N-R15,147.9,odometer,04:43,10:00,17,786
2026-07-18,P-34,Wiesław Kołodziej,S-R17,90.5,odometer,04:42,09:34,20,1107
2026-07-18,P-35,Marek Zawadzki,N-R22,95.5,odometer,04:23,10:28,22,1129
2026-07-20,P-01,Grzegorz Pawlak,N-R14,176.6,odometer,05:06,11:31,17,789
2026-07-20,P-02,Radosław Kalinowski,S-R08,80.8,odometer,05:31,12:07,35,968
2026-07-20,P-03,Dariusz Kaczmarek,N-R03,125.0,odometer,04:48,11:17,25,1099
2026-07-20,P-04,Konrad Szewczyk,N-R09,139.1,odometer,04:59,12:00,28,923
2026-07-20,P-05,Janusz Kozłowski,S-R03,122.5,odometer,04:53,11:15,26,885
2026-07-20,P-06,Katarzyna Wójcik,N-R21,89.4,odometer,06:04,12:44,34,824
2026-07-20,P-07,Zbigniew Michalski,S-R01,126.3,odometer,05:09,12:41,26,1099
2026-07-20,P-08,Rafał Dudek,N-R05,103.2,odometer,05:03,11:10,21,713
2026-07-20,P-08,Łukasz Szymański,N-R17,81.7,odometer,12:54,17:31,20,557
2026-07-20,P-09,Adam Mazur,N-R02,130.5,odometer,04:50,11:15,23,708
2026-07-20,P-09,Emil Sobczak,N-R19,115.0,odometer,13:20,19:43,23,667
2026-07-20,P-10,Joanna Król,S-R12,87.8,odometer,05:30,11:29,34,693
2026-07-20,P-11,Jacek Wieczorek,N-R11,95.6,odometer,05:20,11:46,32,976
2026-07-20,P-12,Henryk Walczak,S-R05,95.6,odometer,05:00,10:57,22,677
2026-07-20,P-12,Kinga Dziedzic,S-R15,78.9,odometer,12:47,17:28,18,662
2026-07-20,P-13,Sebastian Jabłoński,N-R07,139.2,odometer,04:53,12:08,28,806
2026-07-20,P-14,Artur Pietrzak,N-R16,90.0,odometer,05:36,11:10,24,708
2026-07-20,P-15,Stanisław Czarnecki,S-R10,77.6,odometer,05:33,10:49,26,953
2026-07-20,P-17B,Waldemar Kasprzak,S-R06,115.8,odometer,05:05,11:22,26,1053
2026-07-20,P-18,Ryszard Mróz,S-R11,78.2,odometer,05:42,11:53,35,740
2026-07-20,P-19,Robert Wróbel,N-R01,126.5,odometer,05:01,11:31,26,876
2026-07-20,P-20,Leszek Ostrowski,S-R07,135.7,odometer,05:23,12:27,26,886
2026-07-20,P-21,Michał Kowalczyk,N-R10,138.8,odometer,05:07,11:40,25,764
2026-07-20,P-22,Wojciech Nowicki,N-R06,89.9,odometer,05:26,11:35,32,901
2026-07-20,P-23,Jerzy Tomaszewski,S-R02,123.0,odometer,04:57,11:33,31,1205
2026-07-20,P-24,Mariusz Grabowski,N-R04,142.0,odometer,05:06,11:14,20,823
2026-07-20,P-24,Przemysław Olszewski,N-R20,134.7,odometer,13:18,19:10,17,701
2026-07-20,P-25,Marcin Pawłowski,S-R04,138.3,odometer,05:03,11:52,28,761
2026-07-20,P-26,Agnieszka Lewandowska,N-R13,116.1,odometer,05:10,11:15,23,787
2026-07-20,P-27,Magdalena Jankowska,S-R13,87.1,odometer,05:32,11:40,29,832
2026-07-20,P-28,Bartosz Sikora,N-R18,88.4,odometer,06:16,12:10,28,755
2026-07-20,P-29,Dawid Majewski,S-R14,204.2,odometer,04:48,11:30,16,821
2026-07-20,P-30,Tadeusz Baran,N-R08,126.4,odometer,05:22,12:06,27,859
2026-07-20,P-31,Szymon Wróblewski,S-R09,142.9,odometer,05:11,12:27,27,874
2026-07-20,P-32,Andrzej Zając,S-R16,103.7,odometer,05:52,11:23,23,764
2026-07-20,P-33,Krzysztof Górski,N-R15,188.1,odometer,05:13,11:43,19,839
2026-07-20,P-34,Wiesław Kołodziej,S-R17,117.8,odometer,04:40,11:56,29,1023
2026-07-20,P-35,Marek Zawadzki,N-R22,115.7,odometer,04:52,10:41,27,1025
2026-07-20,P-36,Ireneusz Wysocki,S-R18,112.0,odometer,04:34,10:40,25,752
2026-07-20,P-36,Patryk Borkowski,S-R19,117.1,odometer,13:20,18:56,20,799
2026-07-20,P-37,Piotr Adamczyk,N-R23,196.1,odometer,04:58,11:07,16,784
2026-07-20,P-38,Arkadiusz Lis,S-R20,195.9,odometer,05:24,11:38,16,729
2026-07-21,P-01,Grzegorz Pawlak,N-R14,187.5,odometer,05:29,11:34,18,755
2026-07-21,P-02,Radosław Kalinowski,S-R08,74.4,odometer,05:44,11:52,36,806
2026-07-21,P-03,Dariusz Kaczmarek,N-R03,104.6,odometer,04:53,12:40,35,1052
2026-07-21,P-04,Paweł Zieliński,N-R09,136.2,odometer,05:05,12:32,29,946
2026-07-21,P-05,Janusz Kozłowski,S-R03,128.1,odometer,04:52,11:35,25,912
2026-07-21,P-06,Katarzyna Wójcik,N-R21,78.3,odometer,06:00,13:11,39,855
2026-07-21,P-07,Zbigniew Michalski,S-R01,122.7,odometer,04:41,10:54,25,977
2026-07-21,P-09,Adam Mazur,N-R02,133.1,odometer,04:51,11:58,26,701
2026-07-21,P-09,Konrad Szewczyk,N-R19,122.0,odometer,13:04,19:15,23,737
2026-07-21,P-10,Joanna Król,S-R12,99.3,odometer,05:28,11:13,29,722
2026-07-21,P-11,Jacek Wieczorek,N-R11,86.5,odometer,05:26,11:35,33,921
2026-07-21,P-12,Henryk Walczak,S-R05,95.7,odometer,04:49,10:15,19,727
2026-07-21,P-12,Damian Stępień,S-R15,81.0,odometer,12:58,18:03,20,714
2026-07-21,P-13,Sebastian Jabłoński,N-R07,139.9,odometer,05:00,12:19,29,983
2026-07-21,P-14,Artur Pietrzak,N-R16,98.6,odometer,05:27,11:35,25,871
2026-07-21,P-15,Stanisław Czarnecki,S-R10,98.6,odometer,05:53,11:32,25,927
2026-07-21,P-16,Emil Sobczak,N-R12,133.2,odometer,05:20,12:10,34,660
2026-07-21,P-17B,Waldemar Kasprzak,S-R06,140.5,odometer,05:06,12:15,28,923
2026-07-21,P-18,Ryszard Mróz,S-R11,97.5,odometer,05:54,12:16,32,883
2026-07-21,P-19,Robert Wróbel,N-R01,135.2,odometer,05:14,11:11,24,892
2026-07-21,P-20,Leszek Ostrowski,S-R07,136.8,odometer,05:13,12:26,28,726
2026-07-21,P-22,Wojciech Nowicki,N-R06,101.2,odometer,05:37,12:04,29,969
2026-07-21,P-23,Jerzy Tomaszewski,S-R02,126.3,odometer,04:56,11:26,26,914
2026-07-21,P-24,Mariusz Grabowski,N-R04,145.1,odometer,04:53,11:21,22,821
2026-07-21,P-24,Przemysław Olszewski,N-R20,137.5,odometer,13:11,19:20,20,565
2026-07-21,P-25,Marcin Pawłowski,S-R04,143.4,odometer,04:38,11:49,26,839
2026-07-21,P-26,Agnieszka Lewandowska,N-R13,123.1,odometer,05:02,11:38,28,833
2026-07-21,P-27,Kinga Dziedzic,S-R13,122.6,odometer,05:29,11:43,29,963
2026-07-21,P-29,Dawid Majewski,S-R14,217.5,odometer,04:43,11:26,19,729
2026-07-21,P-30,Tadeusz Baran,N-R08,128.9,odometer,05:01,11:37,25,916
2026-07-21,P-31,Szymon Wróblewski,S-R09,133.4,odometer,05:11,11:21,24,783
2026-07-21,P-32,Andrzej Zając,S-R16,107.6,odometer,06:03,11:51,26,763
2026-07-21,P-33,Krzysztof Górski,N-R15,195.3,odometer,05:02,11:19,18,839
2026-07-21,P-34,Wiesław Kołodziej,S-R17,117.3,odometer,05:07,11:35,27,1185
2026-07-21,P-35,Marek Zawadzki,N-R22,119.4,odometer,05:01,11:24,31,891
2026-07-21,P-36,Ireneusz Wysocki,S-R18,113.5,odometer,05:01,11:42,25,837
2026-07-21,P-36,Patryk Borkowski,S-R19,100.8,odometer,13:30,19:13,21,858
2026-07-21,P-37,Piotr Adamczyk,N-R23,184.6,odometer,05:22,11:38,23,754
2026-07-21,P-38,Arkadiusz Lis,S-R20,183.4,odometer,04:51,11:28,16,964
2026-07-22,P-01,Grzegorz Pawlak,N-R14,219.2,odometer,05:28,12:10,14,689
2026-07-22,P-02,Radosław Kalinowski,S-R08,77.3,odometer,05:13,12:16,37,872
2026-07-22,P-03,Dariusz Kaczmarek,N-R03,114.9,odometer,04:29,10:58,24,907
2026-07-22,P-04,Paweł Zieliński,N-R09,140.2,odometer,05:03,11:52,27,763
2026-07-22,P-05,Janusz Kozłowski,S-R03,122.0,odometer,05:12,11:17,24,776
2026-07-22,P-06,Katarzyna Wójcik,N-R21,74.7,odometer,05:52,12:27,36,777
2026-07-22,P-07,Zbigniew Michalski,S-R01,130.6,odometer,05:09,11:39,27,1180
2026-07-22,P-08,Rafał Dudek,N-R05,91.7,odometer,05:06,10:47,24,607
2026-07-22,P-08,Łukasz Szymański,N-R17,89.3,odometer,12:56,18:57,21,667
2026-07-22,P-09,Adam Mazur,N-R02,134.4,odometer,04:44,12:44,27,641
2026-07-22,P-09,Konrad Szewczyk,N-R19,113.6,odometer,13:08,18:30,21,673
2026-07-22,P-10,Joanna Król,S-R12,86.2,odometer,05:46,12:14,32,693
2026-07-22,P-11,Jacek Wieczorek,N-R11,109.7,odometer,05:13,12:34,34,1018
2026-07-22,P-12,Henryk Walczak,S-R05,91.3,odometer,05:17,10:39,23,660
2026-07-22,P-12,Damian Stępień,S-R15,88.0,odometer,13:02,18:08,21,627
2026-07-22,P-13,Sebastian Jabłoński,N-R07,142.0,odometer,05:13,11:50,27,811
2026-07-22,P-14,Artur Pietrzak,N-R16,87.1,odometer,05:41,12:48,24,942
2026-07-22,P-15,Stanisław Czarnecki,S-R10,91.7,odometer,05:33,11:18,26,1008
2026-07-22,P-16,Emil Sobczak,N-R12,148.4,odometer,04:51,13:09,37,902
2026-07-22,P-18,Ryszard Mróz,S-R11,86.0,odometer,05:48,12:31,40,892
2026-07-22,P-19,Robert Wróbel,N-R01,140.8,odometer,04:23,11:09,23,807
2026-07-22,P-20,Leszek Ostrowski,S-R07,133.9,odometer,05:14,12:06,24,834
2026-07-22,P-21,Michał Kowalczyk,N-R10,139.2,odometer,05:11,11:13,26,799
2026-07-22,P-23,Jerzy Tomaszewski,S-R02,124.8,odometer,05:06,12:04,28,1039
2026-07-22,P-24,Mariusz Grabowski,N-R04,170.1,odometer,05:16,11:28,20,655
2026-07-22,P-24,Przemysław Olszewski,N-R20,124.4,odometer,13:42,20:36,17,486
2026-07-22,P-25,Marcin Pawłowski,S-R04,139.4,odometer,04:57,11:41,26,761
2026-07-22,P-26,Agnieszka Lewandowska,N-R13,135.2,odometer,05:44,12:33,27,770
2026-07-22,P-28,Bartosz Sikora,N-R18,138.5,odometer,05:54,14:08,35,763
2026-07-22,P-29,Dawid Majewski,S-R14,245.7,odometer,05:12,12:51,13,822
2026-07-22,P-30,Tadeusz Baran,N-R08,131.7,odometer,05:04,10:55,24,839
2026-07-22,P-31,Szymon Wróblewski,S-R09,130.4,odometer,04:39,10:53,27,763
2026-07-22,P-32,Andrzej Zając,S-R16,125.1,odometer,06:13,12:39,27,808
2026-07-22,P-33,Krzysztof Górski,N-R15,203.6,odometer,05:05,11:49,18,784
2026-07-22,P-35,Marek Zawadzki,N-R22,113.1,odometer,04:36,10:56,28,1148
2026-07-22,P-36,Ireneusz Wysocki,S-R18,129.3,odometer,05:02,11:15,24,872
2026-07-22,P-36,Patryk Borkowski,S-R19,96.5,odometer,13:18,18:25,21,829
2026-07-22,P-37,Piotr Adamczyk,N-R23,197.9,odometer,05:12,11:39,19,738
2026-07-22,P-38,Arkadiusz Lis,S-R20,185.9,odometer,05:05,11:22,18,850
2026-07-23,P-01,Grzegorz Pawlak,N-R14,217.0,odometer,05:17,11:45,18,833
2026-07-23,P-02,Radosław Kalinowski,S-R08,97.8,odometer,05:56,13:14,36,940
2026-07-23,P-03,Dariusz Kaczmarek,N-R03,115.1,odometer,04:45,11:22,25,1047
2026-07-23,P-04,Paweł Zieliński,N-R09,140.2,odometer,05:05,12:43,28,785
2026-07-23,P-05,Janusz Kozłowski,S-R03,122.9,odometer,05:31,11:35,27,962
2026-07-23,P-06,Katarzyna Wójcik,N-R21,74.6,odometer,05:44,11:24,33,916
2026-07-23,P-08,Rafał Dudek,N-R05,83.4,odometer,05:12,10:01,20,635
2026-07-23,P-08,Łukasz Szymański,N-R17,74.9,odometer,12:50,18:10,20,695
2026-07-23,P-09,Adam Mazur,N-R02,135.3,odometer,04:39,10:55,22,661
2026-07-23,P-09,Konrad Szewczyk,N-R19,124.1,odometer,13:14,19:28,21,693
2026-07-23,P-10,Joanna Król,S-R12,99.7,odometer,05:51,14:55,37,676
2026-07-23,P-12,Henryk Walczak,S-R05,92.7,odometer,05:19,11:15,24,677
2026-07-23,P-12,Damian Stępień,S-R15,79.4,odometer,13:11,19:07,21,547
2026-07-23,P-13,Sebastian Jabłoński,N-R07,139.9,odometer,05:02,11:57,29,818
2026-07-23,P-14,Artur Pietrzak,N-R16,106.7,odometer,05:56,12:12,28,750
2026-07-23,P-15,Stanisław Czarnecki,S-R10,105.5,odometer,05:22,11:26,27,1038
2026-07-23,P-16,Emil Sobczak,N-R12,169.4,odometer,05:16,13:54,34,739
2026-07-23,P-17B,Waldemar Kasprzak,S-R06,134.4,odometer,04:49,11:32,30,926
2026-07-23,P-18,Ryszard Mróz,S-R11,95.1,odometer,05:46,11:55,32,746
2026-07-23,P-19,Robert Wróbel,N-R01,126.4,odometer,04:49,10:56,25,776
2026-07-23,P-20,Leszek Ostrowski,S-R07,137.6,odometer,05:30,11:34,27,800
2026-07-23,P-21,Michał Kowalczyk,N-R10,137.2,odometer,05:13,10:45,18,875
2026-07-23,P-22,Wojciech Nowicki,N-R06,105.3,odometer,05:40,12:01,26,827
2026-07-23,P-23,Jerzy Tomaszewski,S-R02,108.9,odometer,05:00,10:40,25,1102
2026-07-23,P-24,Mariusz Grabowski,N-R04,136.6,odometer,04:32,09:44,18,581
2026-07-23,P-24,Przemysław Olszewski,N-R20,118.6,odometer,13:11,18:32,19,573
2026-07-23,P-25,Marcin Pawłowski,S-R04,137.4,odometer,04:43,11:01,24,921
2026-07-23,P-26,Agnieszka Lewandowska,N-R13,127.0,odometer,05:07,11:32,27,857
2026-07-23,P-27,Kinga Dziedzic,S-R13,90.7,odometer,05:23,11:10,28,809
2026-07-23,P-29,Dawid Majewski,S-R14,184.5,odometer,05:02,11:13,17,884
2026-07-23,P-30,Tadeusz Baran,N-R08,137.0,odometer,05:16,11:47,26,938
2026-07-23,P-31,Szymon Wróblewski,S-R09,133.7,odometer,05:14,11:44,25,858
2026-07-23,P-32,Andrzej Zając,S-R16,117.9,odometer,05:50,11:50,26,791
2026-07-23,P-33,Krzysztof Górski,N-R15,206.8,odometer,05:02,12:23,17,848
2026-07-23,P-34,Wiesław Kołodziej,S-R17,117.8,odometer,04:42,11:02,28,1197
2026-07-23,P-35,Marek Zawadzki,N-R22,112.0,odometer,04:56,11:47,36,1074
2026-07-23,P-36,Ireneusz Wysocki,S-R18,114.0,odometer,05:16,10:44,16,782
2026-07-23,P-36,Patryk Borkowski,S-R19,95.3,odometer,13:13,18:14,24,875
2026-07-23,P-37,Piotr Adamczyk,N-R23,208.7,odometer,05:12,12:02,15,690
2026-07-23,P-38,Arkadiusz Lis,S-R20,201.5,odometer,05:06,12:12,18,1026
2026-07-24,P-01,Grzegorz Pawlak,N-R14,201.4,odometer,05:31,12:38,16,760
2026-07-24,P-02,Radosław Kalinowski,S-R08,74.3,odometer,05:33,12:23,38,861
2026-07-24,P-03,Dariusz Kaczmarek,N-R03,103.4,odometer,05:00,10:58,25,1082
2026-07-24,P-04,Paweł Zieliński,N-R09,137.8,odometer,05:06,12:06,26,815
2026-07-24,P-05,Janusz Kozłowski,S-R03,119.4,odometer,05:06,10:31,23,883
2026-07-24,P-06,Katarzyna Wójcik,N-R21,82.9,odometer,05:27,12:08,36,736
2026-07-24,P-07,Zbigniew Michalski,S-R01,163.5,odometer,04:43,11:45,27,837
2026-07-24,P-08,Rafał Dudek,N-R05,95.1,odometer,05:06,10:43,23,774
2026-07-24,P-08,Łukasz Szymański,N-R17,86.7,odometer,13:25,18:15,21,535
2026-07-24,P-09,Adam Mazur,N-R02,124.3,odometer,04:53,11:05,23,701
2026-07-24,P-09,Konrad Szewczyk,N-R19,119.6,odometer,13:14,19:39,21,609
2026-07-24,P-10,Joanna Król,S-R12,93.6,odometer,05:34,12:37,32,757
2026-07-24,P-11,Jacek Wieczorek,N-R11,99.8,odometer,05:45,13:01,37,839
2026-07-24,P-12,Henryk Walczak,S-R05,93.0,odometer,05:05,10:57,23,635
2026-07-24,P-12,Damian Stępień,S-R15,91.9,odometer,12:48,17:20,21,497
2026-07-24,P-13,Sebastian Jabłoński,N-R07,141.4,odometer,05:11,12:17,27,823
2026-07-24,P-14,Artur Pietrzak,N-R16,89.0,odometer,05:35,10:50,25,994
2026-07-24,P-15,Stanisław Czarnecki,S-R10,84.4,odometer,05:26,11:18,32,909
2026-07-24,P-18,Ryszard Mróz,S-R11,92.7,odometer,05:29,11:22,30,1000
2026-07-24,P-19,Robert Wróbel,N-R01,137.5,odometer,04:54,11:58,27,777
2026-07-24,P-20,Leszek Ostrowski,S-R07,127.8,odometer,05:10,11:45,27,619
2026-07-24,P-21,Michał Kowalczyk,N-R10,138.8,odometer,05:07,11:44,25,793
2026-07-24,P-22,Wojciech Nowicki,N-R06,107.9,odometer,05:21,12:29,29,846
2026-07-24,P-23,Jerzy Tomaszewski,S-R02,130.3,odometer,04:56,11:45,26,1133
2026-07-24,P-24,Mariusz Grabowski,N-R04,148.1,odometer,05:15,11:51,19,745
2026-07-24,P-24,Przemysław Olszewski,N-R20,125.4,odometer,13:13,18:42,19,512
2026-07-24,P-25,Marcin Pawłowski,S-R04,148.2,odometer,04:59,11:49,25,841
2026-07-24,P-26,Agnieszka Lewandowska,N-R13,120.0,odometer,05:13,10:52,26,653
2026-07-24,P-27,Kinga Dziedzic,S-R13,110.2,odometer,05:33,11:38,27,903
2026-07-24,P-28,Bartosz Sikora,N-R18,105.2,odometer,06:21,11:15,22,857
2026-07-24,P-29,Dawid Majewski,S-R14,225.5,odometer,04:44,13:27,19,723
2026-07-24,P-30,Tadeusz Baran,N-R08,127.9,odometer,05:27,11:34,26,861
2026-07-24,P-31,Szymon Wróblewski,S-R09,146.6,odometer,05:06,11:32,28,804
2026-07-24,P-32,Andrzej Zając,S-R16,97.3,odometer,06:07,12:08,29,622
2026-07-24,P-33,Krzysztof Górski,N-R15,191.0,odometer,05:00,11:24,21,919
2026-07-24,P-34,Wiesław Kołodziej,S-R17,129.5,odometer,04:27,11:05,25,1048
2026-07-24,P-35,Marek Zawadzki,N-R22,114.0,odometer,04:53,11:16,26,1186
2026-07-24,P-36,Ireneusz Wysocki,S-R18,111.3,odometer,04:47,10:32,24,956
2026-07-24,P-36,Patryk Borkowski,S-R19,110.2,odometer,13:15,19:06,23,782
2026-07-24,P-37,Piotr Adamczyk,N-R23,187.4,odometer,04:48,11:16,17,872
2026-07-24,P-38,Arkadiusz Lis,S-R20,198.8,odometer,05:17,12:13,18,893
2026-07-25,P-03,Dariusz Kaczmarek,N-R03,105.8,odometer,04:51,10:29,25,1100
2026-07-25,P-04,Paweł Zieliński,N-R09,113.5,odometer,04:17,08:39,13,780
2026-07-25,P-05,Janusz Kozłowski,S-R03,99.9,odometer,04:32,09:52,20,757
2026-07-25,P-07,Zbigniew Michalski,S-R01,97.8,odometer,04:37,09:50,22,1120
2026-07-25,P-08,Rafał Dudek,N-R05,88.2,odometer,04:33,09:23,19,666
2026-07-25,P-09,Adam Mazur,N-R02,111.4,odometer,04:53,10:21,22,742
2026-07-25,P-11,Jacek Wieczorek,N-R11,72.1,odometer,05:31,11:09,29,822
2026-07-25,P-12,Henryk Walczak,S-R05,83.2,odometer,04:47,10:19,19,658
2026-07-25,P-16,Emil Sobczak,N-R12,121.2,odometer,05:00,11:51,31,684
2026-07-25,P-19,Robert Wróbel,N-R01,107.7,odometer,04:43,10:06,20,775
2026-07-25,P-20,Leszek Ostrowski,S-R07,109.1,odometer,04:35,10:18,21,821
2026-07-25,P-21,Michał Kowalczyk,N-R10,115.5,odometer,04:57,10:25,20,830
2026-07-25,P-22,Wojciech Nowicki,N-R06,76.5,odometer,05:06,09:45,26,923
2026-07-25,P-24,Mariusz Grabowski,N-R04,102.2,odometer,04:33,09:22,15,704
2026-07-25,P-25,Marcin Pawłowski,S-R04,100.5,odometer,04:39,10:07,26,693
2026-07-25,P-26,Agnieszka Lewandowska,N-R13,92.8,odometer,04:54,10:34,22,827
2026-07-25,P-31,Szymon Wróblewski,S-R09,99.1,odometer,05:04,10:01,20,704
2026-07-25,P-33,Krzysztof Górski,N-R15,158.6,odometer,04:45,11:01,15,776
2026-07-25,P-34,Wiesław Kołodziej,S-R17,97.8,odometer,04:18,09:20,21,1041
2026-07-25,P-35,Marek Zawadzki,N-R22,99.7,odometer,04:28,09:42,23,954
2026-07-25,P-36,Ireneusz Wysocki,S-R18,94.2,odometer,04:33,10:57,20,920
2026-07-27,P-01,Grzegorz Pawlak,N-R14,195.0,odometer,05:10,11:43,16,671
2026-07-27,P-03,Dariusz Kaczmarek,N-R03,109.5,odometer,04:49,11:11,26,920
2026-07-27,P-04,Paweł Zieliński,N-R09,132.2,odometer,05:04,12:16,27,666
2026-07-27,P-05,Janusz Kozłowski,S-R03,120.7,odometer,04:57,10:36,25,837
2026-07-27,P-06,Katarzyna Wójcik,N-R21,92.4,odometer,05:51,13:03,34,775
2026-07-27,P-07,Zbigniew Michalski,S-R01,116.3,odometer,04:35,10:56,25,1034
2026-07-27,P-08,Rafał Dudek,N-R05,83.9,odometer,04:58,08:47,12,766
2026-07-27,P-08,Łukasz Szymański,N-R17,78.8,odometer,13:08,18:04,19,552
2026-07-27,P-09,Adam Mazur,N-R02,123.6,odometer,04:49,11:27,24,556
2026-07-27,P-09,Kamil Krawczyk,N-R19,114.4,odometer,13:26,19:04,20,668
2026-07-27,P-10,Joanna Król,S-R12,92.7,odometer,05:39,12:08,34,626
2026-07-27,P-11,Jacek Wieczorek,N-R11,88.5,odometer,05:16,11:03,33,917
2026-07-27,P-12,Henryk Walczak,S-R05,99.1,odometer,04:42,11:29,27,758
2026-07-27,P-12,Damian Stępień,S-R15,87.0,odometer,13:01,17:53,18,770
2026-07-27,P-13,Sebastian Jabłoński,N-R07,138.9,odometer,05:04,11:13,27,744
2026-07-27,P-14,Artur Pietrzak,N-R16,132.0,odometer,05:46,13:51,30,1019
2026-07-27,P-15,Stanisław Czarnecki,S-R10,131.0,odometer,05:24,12:38,31,998
2026-07-27,P-16,Monika Kubiak,N-R12,138.8,odometer,05:20,12:27,31,939
2026-07-27,P-18,Ryszard Mróz,S-R11,79.6,odometer,06:18,11:57,34,906
2026-07-27,P-19,Robert Wróbel,N-R01,139.4,odometer,05:08,12:04,23,726
2026-07-27,P-21,Michał Kowalczyk,N-R10,139.8,odometer,05:16,12:38,26,765
2026-07-27,P-22,Wojciech Nowicki,N-R06,122.4,odometer,05:42,12:13,28,1097
2026-07-27,P-23,Jerzy Tomaszewski,S-R02,112.3,odometer,05:15,11:54,27,1091
2026-07-27,P-24,Mariusz Grabowski,N-R04,144.8,odometer,05:06,11:24,19,714
2026-07-27,P-24,Przemysław Olszewski,N-R20,128.3,odometer,13:14,19:20,17,540
2026-07-27,P-25,Marcin Pawłowski,S-R04,137.7,odometer,04:56,11:39,27,973
2026-07-27,P-26,Konrad Szewczyk,N-R13,123.4,odometer,05:13,11:02,17,637
2026-07-27,P-27,Magdalena Jankowska,S-R13,117.4,odometer,05:38,12:06,28,1049
2026-07-27,P-28,Bartosz Sikora,N-R18,103.5,odometer,06:15,12:50,29,784
2026-07-27,P-29,Dawid Majewski,S-R14,256.7,odometer,05:11,13:47,19,795
2026-07-27,P-30,Emil Sobczak,N-R08,130.9,odometer,05:16,12:10,28,593
2026-07-27,P-31,Szymon Wróblewski,S-R09,142.4,odometer,05:10,12:48,27,790
2026-07-27,P-32,Andrzej Zając,S-R16,136.0,odometer,06:06,13:28,24,878
2026-07-27,P-33,Krzysztof Górski,N-R15,187.7,odometer,05:07,12:12,19,636
2026-07-27,P-34,Wiesław Kołodziej,S-R17,104.7,odometer,05:04,11:05,25,1037
2026-07-27,P-35,Marek Zawadzki,N-R22,136.1,odometer,04:43,11:40,27,1029
2026-07-27,P-36,Ireneusz Wysocki,S-R18,119.2,odometer,04:46,10:49,23,800
2026-07-27,P-36,Radosław Kalinowski,S-R19,115.8,odometer,12:51,19:19,23,788
2026-07-27,P-37,Piotr Adamczyk,N-R23,217.4,odometer,05:02,11:32,14,582
2026-07-27,P-38,Arkadiusz Lis,S-R20,198.9,odometer,04:55,12:07,18,870
2026-07-28,P-01,Grzegorz Pawlak,N-R14,233.0,odometer,05:16,12:19,14,773
2026-07-28,P-03,Dariusz Kaczmarek,N-R03,119.7,odometer,04:37,10:48,28,923
2026-07-28,P-04,Paweł Zieliński,N-R09,144.6,odometer,05:01,11:45,27,840
2026-07-28,P-05,Janusz Kozłowski,S-R03,135.1,odometer,05:00,11:35,26,864
2026-07-28,P-06,Katarzyna Wójcik,N-R21,82.9,odometer,05:35,12:39,35,1030
2026-07-28,P-08,Rafał Dudek,N-R05,102.5,odometer,04:58,11:05,22,697
2026-07-28,P-08,Łukasz Szymański,N-R17,67.5,odometer,12:58,18:33,21,579
2026-07-28,P-09,Adam Mazur,N-R02,123.8,odometer,05:11,11:14,23,681
2026-07-28,P-09,Kamil Krawczyk,N-R19,123.3,odometer,13:24,19:06,22,677
2026-07-28,P-10,Joanna Król,S-R12,113.1,odometer,05:37,12:49,33,603
2026-07-28,P-11,Jacek Wieczorek,N-R11,82.8,odometer,05:33,11:21,35,921
2026-07-28,P-12,Henryk Walczak,S-R05,96.0,odometer,05:02,10:24,22,734
2026-07-28,P-12,Damian Stępień,S-R15,82.8,odometer,12:54,18:08,20,698
2026-07-28,P-13,Sebastian Jabłoński,N-R07,136.8,odometer,05:11,12:16,28,909
2026-07-28,P-14,Artur Pietrzak,N-R16,95.4,odometer,05:29,11:30,27,629
2026-07-28,P-15,Stanisław Czarnecki,S-R10,98.3,odometer,05:53,11:28,29,879
2026-07-28,P-16,Monika Kubiak,N-R12,159.0,odometer,05:20,13:00,34,869
2026-07-28,P-17B,Waldemar Kasprzak,S-R06,110.1,odometer,04:58,10:35,26,786
2026-07-28,P-19,Robert Wróbel,N-R01,133.2,odometer,05:09,11:53,27,862
2026-07-28,P-20,Leszek Ostrowski,S-R07,123.3,odometer,05:08,11:22,26,866
2026-07-28,P-21,Michał Kowalczyk,N-R10,138.9,odometer,05:31,12:10,27,849
2026-07-28,P-22,Wojciech Nowicki,N-R06,89.2,odometer,05:26,12:04,34,862
2026-07-28,P-23,Jerzy Tomaszewski,S-R02,124.0,odometer,05:12,12:42,26,1053
2026-07-28,P-24,Mariusz Grabowski,N-R04,150.7,odometer,04:54,11:27,21,704
2026-07-28,P-24,Przemysław Olszewski,N-R20,132.0,odometer,13:14,18:43,16,554
2026-07-28,P-25,Marcin Pawłowski,S-R04,141.6,odometer,05:02,11:35,26,792
2026-07-28,P-26,Konrad Szewczyk,N-R13,128.2,odometer,05:22,12:36,26,832
2026-07-28,P-27,Magdalena Jankowska,S-R13,110.9,odometer,05:33,12:11,27,825
2026-07-28,P-28,Bartosz Sikora,N-R18,95.6,odometer,06:17,11:33,23,942
2026-07-28,P-29,Dawid Majewski,S-R14,211.8,odometer,05:03,11:57,15,1019
2026-07-28,P-30,Emil Sobczak,N-R08,135.7,odometer,05:05,11:17,22,928
2026-07-28,P-31,Szymon Wróblewski,S-R09,142.0,odometer,05:18,12:49,29,839
2026-07-28,P-33,Krzysztof Górski,N-R15,199.5,odometer,05:18,12:19,17,774
2026-07-28,P-34,Wiesław Kołodziej,S-R17,122.8,odometer,04:55,11:22,26,975
2026-07-28,P-35,Marek Zawadzki,N-R22,106.1,odometer,05:00,12:14,32,980
2026-07-28,P-36,Ireneusz Wysocki,S-R18,119.9,odometer,05:07,11:28,27,848
2026-07-28,P-36,Radosław Kalinowski,S-R19,98.8,odometer,13:23,19:31,27,776
2026-07-28,P-37,Piotr Adamczyk,N-R23,218.7,odometer,05:09,13:11,18,743
2026-07-28,P-38,Arkadiusz Lis,S-R20,233.3,odometer,05:06,12:01,16,832
2026-07-29,P-01,Grzegorz Pawlak,N-R14,213.3,odometer,05:10,11:24,12,710
2026-07-29,P-02,Anna Sadowska,S-R08,75.0,odometer,05:02,11:08,37,800
2026-07-29,P-03,Dariusz Kaczmarek,N-R03,137.0,odometer,04:52,12:24,30,873
2026-07-29,P-04,Paweł Zieliński,N-R09,135.3,odometer,05:07,12:04,28,866
2026-07-29,P-05,Janusz Kozłowski,S-R03,128.3,odometer,05:05,11:11,24,860
2026-07-29,P-06,Katarzyna Wójcik,N-R21,80.3,odometer,05:38,12:04,36,721
2026-07-29,P-07,Zbigniew Michalski,S-R01,110.5,odometer,04:39,11:33,30,1132
2026-07-29,P-08,Rafał Dudek,N-R05,99.2,odometer,05:07,10:36,22,530
2026-07-29,P-08,Łukasz Szymański,N-R17,82.7,odometer,13:06,17:22,15,578
2026-07-29,P-09,Adam Mazur,N-R02,117.3,odometer,05:02,10:45,26,703
2026-07-29,P-09,Kamil Krawczyk,N-R19,109.1,odometer,13:14,18:46,23,510
2026-07-29,P-10,Joanna Król,S-R12,87.7,odometer,05:40,11:33,36,606
2026-07-29,P-11,Jacek Wieczorek,N-R11,92.6,odometer,05:40,12:52,31,1090
2026-07-29,P-12,Henryk Walczak,S-R05,91.9,odometer,05:04,10:16,23,738
2026-07-29,P-12,Damian Stępień,S-R15,87.1,odometer,12:53,17:44,18,607
2026-07-29,P-13,Sebastian Jabłoński,N-R07,144.1,odometer,05:08,12:02,28,701
2026-07-29,P-14,Artur Pietrzak,N-R16,88.1,odometer,05:39,10:44,24,784
2026-07-29,P-15,Stanisław Czarnecki,S-R10,95.1,odometer,05:22,11:25,31,953
2026-07-29,P-16,Monika Kubiak,N-R12,138.3,odometer,05:07,12:22,35,857
2026-07-29,P-18,Ryszard Mróz,S-R11,84.4,odometer,06:14,12:28,32,850
2026-07-29,P-19,Robert Wróbel,N-R01,131.7,odometer,04:59,12:42,26,681
2026-07-29,P-20,Leszek Ostrowski,S-R07,127.1,odometer,05:14,12:07,31,793
2026-07-29,P-21,Michał Kowalczyk,N-R10,138.9,odometer,05:06,11:44,25,836
2026-07-29,P-22,Wojciech Nowicki,N-R06,135.3,odometer,05:30,12:04,28,1001
2026-07-29,P-24,Mariusz Grabowski,N-R04,140.3,odometer,04:58,10:38,20,801
2026-07-29,P-24,Przemysław Olszewski,N-R20,122.7,odometer,12:58,18:22,17,624
2026-07-29,P-26,Konrad Szewczyk,N-R13,123.3,odometer,05:09,12:05,30,903
2026-07-29,P-28,Bartosz Sikora,N-R18,112.1,odometer,05:46,12:06,25,743
2026-07-29,P-29,Dawid Majewski,S-R14,190.5,odometer,04:57,11:06,17,820
2026-07-29,P-30,Emil Sobczak,N-R08,129.4,odometer,05:07,11:52,26,939
2026-07-29,P-31,Szymon Wróblewski,S-R09,132.5,odometer,05:28,14:11,30,829
2026-07-29,P-32,Andrzej Zając,S-R16,97.7,odometer,05:38,11:17,25,764
2026-07-29,P-33,Krzysztof Górski,N-R15,191.5,odometer,04:54,11:10,20,879
2026-07-29,P-34,Wiesław Kołodziej,S-R17,116.6,odometer,04:39,11:17,25,1141
2026-07-29,P-35,Marek Zawadzki,N-R22,102.1,odometer,04:42,10:52,27,1059
2026-07-29,P-36,Ireneusz Wysocki,S-R18,117.1,odometer,05:01,10:40,23,730
2026-07-29,P-36,Radosław Kalinowski,S-R19,93.7,odometer,13:19,19:01,22,907
2026-07-29,P-37,Piotr Adamczyk,N-R23,193.0,odometer,04:48,11:26,18,763
2026-07-29,P-38,Arkadiusz Lis,S-R20,230.7,odometer,05:01,11:55,19,765
2026-07-30,P-01,Grzegorz Pawlak,N-R14,196.8,odometer,05:02,11:32,18,797
2026-07-30,P-02,Anna Sadowska,S-R08,85.7,odometer,05:16,12:09,32,795
2026-07-30,P-03,Dariusz Kaczmarek,N-R03,109.6,odometer,04:57,11:48,26,1237
2026-07-30,P-04,Paweł Zieliński,N-R09,135.6,odometer,04:48,11:27,27,745
2026-07-30,P-05,Janusz Kozłowski,S-R03,118.9,odometer,04:57,10:50,20,842
2026-07-30,P-06,Katarzyna Wójcik,N-R21,67.3,odometer,05:38,11:07,37,890
2026-07-30,P-07,Zbigniew Michalski,S-R01,133.0,odometer,04:47,11:51,26,978
2026-07-30,P-08,Rafał Dudek,N-R05,82.6,odometer,04:52,11:07,22,761
2026-07-30,P-08,Łukasz Szymański,N-R17,69.7,odometer,13:15,17:58,20,616
2026-07-30,P-09,Adam Mazur,N-R02,114.3,odometer,04:47,10:58,26,734
2026-07-30,P-09,Kamil Krawczyk,N-R19,119.2,odometer,13:03,19:20,22,688
2026-07-30,P-10,Joanna Król,S-R12,102.4,odometer,05:31,13:07,34,734
2026-07-30,P-11,Jacek Wieczorek,N-R11,102.1,odometer,05:43,12:05,30,743
2026-07-30,P-12,Radosław Kalinowski,S-R05,91.6,odometer,05:09,10:28,21,689
2026-07-30,P-12,Damian Stępień,S-R15,80.2,odometer,13:02,17:14,18,763
2026-07-30,P-13,Sebastian Jabłoński,N-R07,136.3,odometer,05:18,11:52,29,870
2026-07-30,P-14,Artur Pietrzak,N-R16,98.2,odometer,05:43,11:49,24,659
2026-07-30,P-15,Stanisław Czarnecki,S-R10,83.8,odometer,05:47,11:27,29,906
2026-07-30,P-16,Monika Kubiak,N-R12,130.3,odometer,05:17,12:58,32,845
2026-07-30,P-17B,Waldemar Kasprzak,S-R06,149.5,odometer,05:13,13:07,33,864
2026-07-30,P-18,Ryszard Mróz,S-R11,110.1,odometer,05:47,12:54,35,908
2026-07-30,P-19,Robert Wróbel,N-R01,143.1,odometer,04:37,10:59,23,820
2026-07-30,P-20,Leszek Ostrowski,S-R07,130.7,odometer,05:29,11:40,28,807
2026-07-30,P-21,Michał Kowalczyk,N-R10,136.9,odometer,05:26,12:35,27,783
2026-07-30,P-22,Konrad Szewczyk,N-R06,110.3,odometer,05:19,11:41,33,799
2026-07-30,P-24,Mariusz Grabowski,N-R04,138.2,odometer,04:48,10:49,22,688
2026-07-30,P-24,Przemysław Olszewski,N-R20,128.7,odometer,13:19,18:55,19,742
2026-07-30,P-25,Marcin Pawłowski,S-R04,137.2,odometer,05:08,11:27,25,804
2026-07-30,P-26,Emil Sobczak,N-R13,117.3,odometer,05:29,11:47,24,811
2026-07-30,P-27,Magdalena Jankowska,S-R13,97.0,odometer,05:28,11:13,28,863
2026-07-30,P-28,Bartosz Sikora,N-R18,98.3,odometer,06:16,12:15,28,764
2026-07-30,P-29,Dawid Majewski,S-R14,220.5,odometer,05:01,11:31,15,894
2026-07-30,P-30,Tadeusz Baran,N-R08,137.0,odometer,04:53,11:26,27,666
2026-07-30,P-31,Szymon Wróblewski,S-R09,138.9,odometer,04:58,12:59,27,731
2026-07-30,P-32,Andrzej Zając,S-R16,148.8,odometer,05:46,11:41,22,861
2026-07-30,P-33,Krzysztof Górski,N-R15,202.7,odometer,05:07,12:26,18,790
2026-07-30,P-34,Wiesław Kołodziej,S-R17,135.5,odometer,04:54,11:13,24,1035
2026-07-30,P-35,Marek Zawadzki,N-R22,117.1,odometer,04:42,12:28,33,1191
2026-07-30,P-36,Kinga Dziedzic,S-R18,114.0,odometer,04:43,10:49,25,737
2026-07-30,P-36,Patryk Borkowski,S-R19,99.6,odometer,13:08,18:38,20,830
2026-07-30,P-38,Arkadiusz Lis,S-R20,219.0,odometer,05:04,13:27,16,892
2026-07-31,P-01,Grzegorz Pawlak,N-R14,209.7,odometer,05:18,12:19,14,737
2026-07-31,P-02,Anna Sadowska,S-R08,81.8,odometer,05:46,12:43,35,857
2026-07-31,P-03,Dariusz Kaczmarek,N-R03,139.5,odometer,04:39,11:51,30,977
2026-07-31,P-04,Paweł Zieliński,N-R09,136.1,odometer,04:52,11:43,29,861
2026-07-31,P-06,Katarzyna Wójcik,N-R21,80.2,odometer,05:36,12:52,38,656
2026-07-31,P-07,Zbigniew Michalski,S-R01,146.7,odometer,04:33,11:38,29,952
2026-07-31,P-08,Rafał Dudek,N-R05,99.6,odometer,04:51,10:23,23,786
2026-07-31,P-08,Łukasz Szymański,N-R17,71.6,odometer,12:59,17:35,22,655
2026-07-31,P-09,Adam Mazur,N-R02,131.5,odometer,05:03,11:06,25,726
2026-07-31,P-09,Kamil Krawczyk,N-R19,104.5,odometer,13:24,20:13,21,731
2026-07-31,P-10,Joanna Król,S-R12,100.7,odometer,05:45,13:05,34,612
2026-07-31,P-11,Jacek Wieczorek,N-R11,110.6,odometer,05:22,13:10,34,953
2026-07-31,P-12,Kinga Dziedzic,S-R05,93.8,odometer,04:56,09:59,24,793
2026-07-31,P-12,Damian Stępień,S-R15,81.5,odometer,12:53,18:11,20,513
2026-07-31,P-13,Sebastian Jabłoński,N-R07,140.1,odometer,05:27,12:47,28,943
2026-07-31,P-16,Monika Kubiak,N-R12,172.4,odometer,05:49,14:27,36,951
2026-07-31,P-17B,Waldemar Kasprzak,S-R06,134.3,odometer,04:52,11:19,25,945
2026-07-31,P-18,Ryszard Mróz,S-R11,87.9,odometer,05:46,11:46,35,905
2026-07-31,P-19,Robert Wróbel,N-R01,135.2,odometer,04:57,11:09,25,742
2026-07-31,P-20,Leszek Ostrowski,S-R07,131.6,odometer,05:10,11:51,27,836
2026-07-31,P-21,Michał Kowalczyk,N-R10,132.8,odometer,05:33,11:46,32,740
2026-07-31,P-22,Wojciech Nowicki,N-R06,111.0,odometer,05:24,11:54,33,789
2026-07-31,P-23,Jerzy Tomaszewski,S-R02,130.4,odometer,04:52,12:03,34,1129
2026-07-31,P-24,Mariusz Grabowski,N-R04,139.2,odometer,05:03,11:21,21,706
2026-07-31,P-24,Przemysław Olszewski,N-R20,125.8,odometer,13:09,18:53,19,709
2026-07-31,P-25,Marcin Pawłowski,S-R04,139.8,odometer,05:31,11:24,27,868
2026-07-31,P-26,Konrad Szewczyk,N-R13,126.1,odometer,05:03,11:55,28,772
2026-07-31,P-27,Magdalena Jankowska,S-R13,109.6,odometer,05:08,12:41,32,938
2026-07-31,P-29,Dawid Majewski,S-R14,246.3,odometer,04:53,11:50,18,784
2026-07-31,P-30,Emil Sobczak,N-R08,129.2,odometer,05:26,12:08,26,968
2026-07-31,P-31,Szymon Wróblewski,S-R09,140.9,odometer,05:09,11:57,28,877
2026-07-31,P-32,Andrzej Zając,S-R16,137.8,odometer,06:06,12:15,23,728
2026-07-31,P-33,Krzysztof Górski,N-R15,188.5,odometer,04:52,11:18,22,760
2026-07-31,P-34,Wiesław Kołodziej,S-R17,119.2,odometer,04:37,11:17,24,1053
2026-07-31,P-36,Ireneusz Wysocki,S-R18,123.6,odometer,05:02,11:19,26,918
2026-07-31,P-36,Radosław Kalinowski,S-R19,111.0,odometer,13:07,18:42,21,921
2026-07-31,P-37,Piotr Adamczyk,N-R23,213.8,odometer,05:00,11:16,17,794
2026-07-31,P-38,Arkadiusz Lis,S-R20,198.2,odometer,04:56,11:58,18,882
2026-08-01,P-02,Anna Sadowska,S-R08,67.4,odometer,05:08,10:04,28,815
2026-08-01,P-03,Dariusz Kaczmarek,N-R03,102.5,odometer,04:05,09:19,24,1079
2026-08-01,P-04,Paweł Zieliński,N-R09,108.0,odometer,04:34,10:42,25,930
2026-08-01,P-05,Janusz Kozłowski,S-R03,95.9,odometer,04:24,10:00,23,978
2026-08-01,P-07,Zbigniew Michalski,S-R01,99.8,odometer,04:25,10:07,22,980
2026-08-01,P-08,Rafał Dudek,N-R05,86.8,odometer,04:46,09:29,17,566
2026-08-01,P-12,Henryk Walczak,S-R05,92.5,odometer,04:40,09:27,18,775
2026-08-01,P-13,Sebastian Jabłoński,N-R07,117.2,odometer,04:49,10:39,22,913
2026-08-01,P-16,Monika Kubiak,N-R12,117.4,odometer,05:01,12:08,29,707
2026-08-01,P-19,Robert Wróbel,N-R01,107.4,odometer,04:42,10:41,23,800
2026-08-01,P-20,Leszek Ostrowski,S-R07,112.4,odometer,04:48,10:24,23,737
2026-08-01,P-21,Michał Kowalczyk,N-R10,112.5,odometer,05:00,10:19,20,800
2026-08-01,P-23,Jerzy Tomaszewski,S-R02,96.6,odometer,04:40,10:21,25,1192
2026-08-01,P-24,Mariusz Grabowski,N-R04,109.5,odometer,04:37,09:40,19,747
2026-08-01,P-25,Marcin Pawłowski,S-R04,103.3,odometer,04:41,10:21,26,769
2026-08-01,P-26,Konrad Szewczyk,N-R13,91.2,odometer,05:02,09:49,20,808
2026-08-01,P-30,Emil Sobczak,N-R08,115.7,odometer,05:04,10:08,20,865
2026-08-01,P-31,Szymon Wróblewski,S-R09,97.0,odometer,04:52,11:15,22,902
2026-08-01,P-33,Krzysztof Górski,N-R15,154.7,odometer,04:32,10:22,20,866
2026-08-01,P-34,Wiesław Kołodziej,S-R17,82.3,odometer,04:32,09:42,26,1178
2026-08-01,P-35,Marek Zawadzki,N-R22,104.6,odometer,04:25,10:00,27,1198
2026-08-01,P-36,Ireneusz Wysocki,S-R18,105.3,odometer,04:29,09:59,17,943
2026-08-03,P-02,Anna Sadowska,S-R08,80.8,odometer,05:31,13:01,39,1071
2026-08-03,P-03,Dariusz Kaczmarek,N-R03,106.4,odometer,04:45,11:02,29,937
2026-08-03,P-04,Paweł Zieliński,N-R09,139.8,odometer,04:47,11:57,27,864
2026-08-03,P-05,Janusz Kozłowski,S-R03,124.4,odometer,05:14,10:22,16,813
2026-08-03,P-06,Katarzyna Wójcik,N-R21,116.5,odometer,05:31,12:38,35,803
2026-08-03,P-07,Zbigniew Michalski,S-R01,121.3,odometer,04:41,10:55,27,1247
2026-08-03,P-08,Rafał Dudek,N-R05,86.3,odometer,04:45,09:54,23,771
2026-08-03,P-08,Konrad Szewczyk,N-R17,82.7,odometer,13:10,18:20,20,612
2026-08-03,P-09,Adam Mazur,N-R02,125.3,odometer,04:51,11:20,24,781
2026-08-03,P-09,Kamil Krawczyk,N-R19,114.6,odometer,13:21,19:34,24,588
2026-08-03,P-10,Joanna Król,S-R12,84.4,odometer,05:42,11:51,31,678
2026-08-03,P-12,Henryk Walczak,S-R05,94.5,odometer,05:06,10:19,21,699
2026-08-03,P-12,Damian Stępień,S-R15,74.9,odometer,12:55,17:43,21,619
2026-08-03,P-13,Sebastian Jabłoński,N-R07,138.3,odometer,04:53,11:45,28,861
2026-08-03,P-15,Stanisław Czarnecki,S-R10,90.3,odometer,05:22,11:14,29,936
2026-08-03,P-16,Monika Kubiak,N-R12,130.2,odometer,05:19,13:35,36,1000
2026-08-03,P-17B,Waldemar Kasprzak,S-R06,128.6,odometer,05:11,13:18,27,1070
2026-08-03,P-18,Ryszard Mróz,S-R11,92.3,odometer,06:01,13:19,36,1000
2026-08-03,P-19,Robert Wróbel,N-R01,137.3,odometer,05:06,12:06,23,838
2026-08-03,P-20,Leszek Ostrowski,S-R07,123.0,odometer,05:10,11:22,28,677
2026-08-03,P-21,Michał Kowalczyk,N-R10,135.2,odometer,05:21,11:32,22,886
2026-08-03,P-23,Jerzy Tomaszewski,S-R02,120.0,odometer,04:45,10:43,23,1151
2026-08-03,P-24,Mariusz Grabowski,N-R04,140.2,odometer,05:03,10:19,18,761
2026-08-03,P-24,Przemysław Olszewski,N-R20,120.8,odometer,13:43,19:28,18,721
2026-08-03,P-25,Marcin Pawłowski,S-R04,138.9,odometer,05:05,11:08,25,855
2026-08-03,P-26,Emil Sobczak,N-R13,111.9,odometer,05:13,10:37,24,820
2026-08-03,P-27,Magdalena Jankowska,S-R13,105.4,odometer,05:49,12:41,34,806
2026-08-03,P-28,Bartosz Sikora,N-R18,94.3,odometer,05:43,10:51,25,741
2026-08-03,P-29,Dawid Majewski,S-R14,271.2,odometer,05:00,12:35,12,892
2026-08-03,P-31,Szymon Wróblewski,S-R09,141.4,odometer,04:56,11:30,22,769
2026-08-03,P-32,Andrzej Zając,S-R16,121.1,odometer,05:45,12:54,32,805
2026-08-03,P-33,Krzysztof Górski,N-R15,181.6,odometer,04:59,11:06,17,812
2026-08-03,P-34,Wiesław Kołodziej,S-R17,118.0,odometer,05:02,11:53,30,1147
2026-08-03,P-35,Marek Zawadzki,N-R22,122.5,odometer,04:32,12:03,32,1004
2026-08-03,P-36,Ireneusz Wysocki,S-R18,110.6,odometer,04:57,11:12,25,784
2026-08-03,P-36,Radosław Kalinowski,S-R19,105.2,odometer,12:42,18:30,22,815
2026-08-03,P-37,Piotr Adamczyk,N-R23,201.3,odometer,05:05,12:05,17,773
2026-08-03,P-38,Arkadiusz Lis,S-R20,233.8,odometer,05:11,12:31,16,836
2026-08-04,P-01,Grzegorz Pawlak,N-R14,192.6,odometer,05:07,12:29,21,788
2026-08-04,P-02,Anna Sadowska,S-R08,79.9,odometer,05:27,11:49,32,975
2026-08-04,P-03,Dariusz Kaczmarek,N-R03,111.0,odometer,04:53,10:00,16,792
2026-08-04,P-04,Paweł Zieliński,N-R09,133.7,odometer,05:19,12:08,30,850
2026-08-04,P-05,Janusz Kozłowski,S-R03,138.0,odometer,05:02,12:41,32,794
2026-08-04,P-06,Katarzyna Wójcik,N-R21,86.4,odometer,05:40,12:33,32,886
2026-08-04,P-08,Rafał Dudek,N-R05,102.3,odometer,04:52,10:51,23,673
2026-08-04,P-08,Łukasz Szymański,N-R17,72.1,odometer,12:57,17:35,22,577
2026-08-04,P-10,Joanna Król,S-R12,91.7,odometer,05:31,11:26,32,674
2026-08-04,P-12,Henryk Walczak,S-R05,87.7,odometer,04:51,09:30,21,809
2026-08-04,P-12,Damian Stępień,S-R15,82.0,odometer,13:22,18:11,21,777
2026-08-04,P-13,Sebastian Jabłoński,N-R07,139.2,odometer,04:51,11:41,24,765
2026-08-04,P-14,Artur Pietrzak,N-R16,96.8,odometer,05:56,12:09,22,815
2026-08-04,P-15,Stanisław Czarnecki,S-R10,91.4,odometer,05:32,12:08,31,1056
2026-08-04,P-16,Monika Kubiak,N-R12,160.3,odometer,05:23,13:31,38,754
2026-08-04,P-17B,Waldemar Kasprzak,S-R06,118.0,odometer,05:04,10:56,25,823
2026-08-04,P-18,Ryszard Mróz,S-R11,82.8,odometer,05:49,12:11,34,919
2026-08-04,P-19,Robert Wróbel,N-R01,150.2,odometer,05:04,11:32,24,751
2026-08-04,P-20,Leszek Ostrowski,S-R07,129.5,odometer,05:12,11:33,27,708
2026-08-04,P-21,Michał Kowalczyk,N-R10,150.5,odometer,05:03,11:59,24,730
2026-08-04,P-22,Wojciech Nowicki,N-R06,112.3,odometer,05:17,10:58,26,911
2026-08-04,P-23,Jerzy Tomaszewski,S-R02,106.2,odometer,05:04,11:32,28,791
2026-08-04,P-24,Mariusz Grabowski,N-R04,151.5,odometer,05:09,11:01,17,833
2026-08-04,P-24,Przemysław Olszewski,N-R20,119.2,odometer,13:12,18:48,17,530
2026-08-04,P-25,Marcin Pawłowski,S-R04,143.7,odometer,05:06,11:30,25,971
2026-08-04,P-26,Konrad Szewczyk,N-R13,128.5,odometer,05:25,13:23,26,746
2026-08-04,P-27,Magdalena Jankowska,S-R13,98.1,odometer,05:21,11:21,33,750
2026-08-04,P-29,Dawid Majewski,S-R14,197.4,odometer,05:00,12:14,17,822
2026-08-04,P-30,Emil Sobczak,N-R08,134.3,odometer,04:56,11:24,24,799
2026-08-04,P-31,Szymon Wróblewski,S-R09,139.6,odometer,05:09,13:51,29,748
2026-08-04,P-32,Andrzej Zając,S-R16,132.2,odometer,05:36,12:09,23,979
2026-08-04,P-33,Krzysztof Górski,N-R15,196.7,odometer,04:52,11:03,17,692
2026-08-04,P-34,Wiesław Kołodziej,S-R17,111.4,odometer,04:36,10:09,25,1049
2026-08-04,P-35,Marek Zawadzki,N-R22,96.8,odometer,04:43,10:33,32,958
2026-08-04,P-37,Piotr Adamczyk,N-R23,236.7,odometer,04:40,12:03,15,872
2026-08-05,P-01,Grzegorz Pawlak,N-R14,232.5,odometer,04:56,12:16,19,825
2026-08-05,P-03,Dariusz Kaczmarek,N-R03,107.4,odometer,04:44,11:25,28,1038
2026-08-05,P-04,Paweł Zieliński,N-R09,138.4,odometer,04:38,11:10,30,850
2026-08-05,P-06,Katarzyna Wójcik,N-R21,71.6,odometer,05:30,11:57,37,771
2026-08-05,P-07,Zbigniew Michalski,S-R01,114.3,odometer,04:54,11:16,28,1149
2026-08-05,P-08,Rafał Dudek,N-R05,85.9,odometer,05:10,09:37,20,812
2026-08-05,P-08,Łukasz Szymański,N-R17,79.3,odometer,13:23,18:19,20,675
2026-08-05,P-09,Adam Mazur,N-R02,120.8,odometer,05:04,10:11,23,721
2026-08-05,P-09,Kamil Krawczyk,N-R19,101.0,odometer,13:02,18:09,20,637
2026-08-05,P-11,Jacek Wieczorek,N-R11,87.3,odometer,05:37,11:20,30,968
2026-08-05,P-12,Henryk Walczak,S-R05,88.1,odometer,04:57,11:05,24,662
2026-08-05,P-12,Damian Stępień,S-R15,96.0,odometer,12:42,17:23,18,765
2026-08-05,P-13,Sebastian Jabłoński,N-R07,143.0,odometer,04:58,12:16,25,814
2026-08-05,P-14,Artur Pietrzak,N-R16,110.8,odometer,05:48,11:59,26,900
2026-08-05,P-16,Monika Kubiak,N-R12,158.4,odometer,05:15,12:28,34,763
2026-08-05,P-17B,Waldemar Kasprzak,S-R06,123.6,odometer,05:23,12:18,27,850
2026-08-05,P-18,Ryszard Mróz,S-R11,86.8,odometer,05:32,11:23,33,957
2026-08-05,P-19,Robert Wróbel,N-R01,130.8,odometer,04:36,10:54,24,785
2026-08-05,P-20,Leszek Ostrowski,S-R07,135.7,odometer,05:24,11:35,29,652
2026-08-05,P-21,Michał Kowalczyk,N-R10,141.2,odometer,05:05,11:58,28,909
2026-08-05,P-22,Wojciech Nowicki,N-R06,111.4,odometer,05:22,12:26,32,874
2026-08-05,P-23,Jerzy Tomaszewski,S-R02,119.3,odometer,05:10,12:32,28,1052
2026-08-05,P-24,Mariusz Grabowski,N-R04,146.3,odometer,05:07,11:34,22,800
2026-08-05,P-24,Przemysław Olszewski,N-R20,124.8,odometer,13:02,18:32,19,619
2026-08-05,P-25,Marcin Pawłowski,S-R04,137.4,odometer,05:18,12:15,26,880
2026-08-05,P-26,Konrad Szewczyk,N-R13,119.9,odometer,05:21,11:06,24,838
2026-08-05,P-27,Magdalena Jankowska,S-R13,103.1,odometer,06:02,12:21,32,815
2026-08-05,P-28,Bartosz Sikora,N-R18,117.1,odometer,05:58,12:23,25,757
2026-08-05,P-29,Dawid Majewski,S-R14,215.4,odometer,05:11,11:13,15,790
2026-08-05,P-30,Emil Sobczak,N-R08,132.4,odometer,05:21,11:52,25,836
2026-08-05,P-31,Szymon Wróblewski,S-R09,133.0,odometer,05:18,12:19,26,696
2026-08-05,P-32,Andrzej Zając,S-R16,89.4,odometer,06:10,11:42,26,704
2026-08-05,P-33,Krzysztof Górski,N-R15,187.5,odometer,04:58,11:27,19,830
2026-08-05,P-34,Wiesław Kołodziej,S-R17,132.6,odometer,04:21,11:57,29,1099
2026-08-05,P-35,Marek Zawadzki,N-R22,112.7,odometer,04:46,11:15,27,992
2026-08-05,P-36,Ireneusz Wysocki,S-R18,112.0,odometer,05:20,11:45,24,803
2026-08-05,P-36,Radosław Kalinowski,S-R19,95.6,odometer,13:02,18:35,23,730
2026-08-05,P-38,Arkadiusz Lis,S-R20,181.0,odometer,05:13,11:34,17,875
2026-08-06,P-01,Grzegorz Pawlak,N-R14,178.7,odometer,04:42,10:59,16,1086
2026-08-06,P-02,Anna Sadowska,S-R08,73.9,odometer,05:35,11:48,35,1009
2026-08-06,P-03,Dariusz Kaczmarek,N-R03,129.9,odometer,04:48,11:55,30,1135
2026-08-06,P-04,Paweł Zieliński,N-R09,129.7,odometer,05:08,12:42,30,765
2026-08-06,P-05,Kinga Dziedzic,S-R03,130.7,odometer,05:11,11:47,26,817
2026-08-06,P-06,Katarzyna Wójcik,N-R21,75.8,odometer,05:47,13:07,39,795
2026-08-06,P-07,Zbigniew Michalski,S-R01,110.1,odometer,04:43,10:48,28,1071
2026-08-06,P-08,Rafał Dudek,N-R05,91.2,odometer,04:55,10:16,21,788
2026-08-06,P-08,Łukasz Szymański,N-R17,70.0,odometer,13:06,17:41,23,637
2026-08-06,P-09,Adam Mazur,N-R02,122.1,odometer,04:46,11:23,24,777
2026-08-06,P-09,Kamil Krawczyk,N-R19,100.7,odometer,13:12,19:24,25,691
2026-08-06,P-10,Joanna Król,S-R12,98.0,odometer,05:50,12:12,32,749
2026-08-06,P-11,Jacek Wieczorek,N-R11,93.7,odometer,05:25,11:30,34,837
2026-08-06,P-12,Henryk Walczak,S-R05,99.8,odometer,05:04,10:34,23,838
2026-08-06,P-12,Damian Stępień,S-R15,75.2,odometer,13:34,18:24,21,628
2026-08-06,P-13,Sebastian Jabłoński,N-R07,135.9,odometer,04:52,12:18,25,811
2026-08-06,P-15,Stanisław Czarnecki,S-R10,114.6,odometer,05:20,13:15,30,876
2026-08-06,P-16,Monika Kubiak,N-R12,140.0,odometer,05:02,12:27,35,600
2026-08-06,P-17B,Waldemar Kasprzak,S-R06,135.1,odometer,05:25,11:50,25,764
2026-08-06,P-18,Ryszard Mróz,S-R11,98.9,odometer,05:42,11:59,29,924
2026-08-06,P-19,Robert Wróbel,N-R01,128.9,odometer,04:59,11:08,25,862
2026-08-06,P-20,Leszek Ostrowski,S-R07,129.9,odometer,05:01,12:26,29,801
2026-08-06,P-21,Michał Kowalczyk,N-R10,143.0,odometer,05:14,12:46,28,859
2026-08-06,P-22,Wojciech Nowicki,N-R06,114.4,odometer,05:14,11:49,31,820
2026-08-06,P-23,Jerzy Tomaszewski,S-R02,130.5,odometer,05:00,11:42,29,1120
2026-08-06,P-24,Mariusz Grabowski,N-R04,141.1,odometer,05:13,11:12,23,846
2026-08-06,P-24,Przemysław Olszewski,N-R20,116.5,odometer,13:27,18:46,20,533
2026-08-06,P-25,Marcin Pawłowski,S-R04,141.4,odometer,05:16,11:35,23,867
2026-08-06,P-26,Konrad Szewczyk,N-R13,117.9,odometer,05:25,12:34,28,814
2026-08-06,P-27,Magdalena Jankowska,S-R13,101.9,odometer,05:30,11:37,29,908
2026-08-06,P-29,Dawid Majewski,S-R14,195.0,odometer,05:05,11:25,15,733
2026-08-06,P-30,Emil Sobczak,N-R08,139.1,odometer,05:15,12:07,28,843
2026-08-06,P-31,Szymon Wróblewski,S-R09,141.9,odometer,05:17,12:06,29,660
2026-08-06,P-33,Krzysztof Górski,N-R15,191.7,odometer,04:43,11:07,18,855
2026-08-06,P-34,Wiesław Kołodziej,S-R17,104.4,odometer,04:37,11:03,36,1065
2026-08-06,P-35,Marek Zawadzki,N-R22,106.2,odometer,04:53,10:49,26,1123
2026-08-06,P-36,Ireneusz Wysocki,S-R18,125.3,odometer,05:18,11:05,25,771
2026-08-06,P-36,Radosław Kalinowski,S-R19,99.0,odometer,13:10,18:05,19,776
2026-08-06,P-37,Piotr Adamczyk,N-R23,235.3,odometer,05:14,12:36,15,711
2026-08-06,P-38,Arkadiusz Lis,S-R20,210.0,odometer,05:25,12:19,20,882
2026-08-07,P-01,Grzegorz Pawlak,N-R14,201.8,odometer,04:59,11:46,17,942
2026-08-07,P-02,Anna Sadowska,S-R08,104.5,odometer,05:42,11:56,28,956
2026-08-07,P-03,Dariusz Kaczmarek,N-R03,112.6,odometer,04:53,10:47,32,899
2026-08-07,P-04,Paweł Zieliński,N-R09,132.1,odometer,05:15,11:51,26,910
2026-08-07,P-05,Janusz Kozłowski,S-R03,120.1,odometer,04:41,11:42,26,848
2026-08-07,P-06,Katarzyna Wójcik,N-R21,74.1,odometer,05:39,11:39,33,774
2026-08-07,P-07,Zbigniew Michalski,S-R01,129.0,odometer,04:41,11:36,30,1140
2026-08-07,P-08,Rafał Dudek,N-R05,89.2,odometer,05:13,10:16,22,571
2026-08-07,P-08,Łukasz Szymański,N-R17,80.9,odometer,13:11,18:14,21,688
2026-08-07,P-09,Adam Mazur,N-R02,127.3,odometer,04:48,11:13,25,721
2026-08-07,P-09,Kamil Krawczyk,N-R19,114.6,odometer,12:59,19:09,23,696
2026-08-07,P-10,Joanna Król,S-R12,89.5,odometer,05:59,12:30,34,566
2026-08-07,P-11,Jacek Wieczorek,N-R11,102.6,odometer,05:32,13:07,35,1036
2026-08-07,P-13,Sebastian Jabłoński,N-R07,136.7,odometer,05:11,12:35,29,810
2026-08-07,P-15,Stanisław Czarnecki,S-R10,86.8,odometer,05:53,13:19,31,872
2026-08-07,P-16,Monika Kubiak,N-R12,136.0,odometer,05:22,13:02,33,775
2026-08-07,P-17B,Waldemar Kasprzak,S-R06,117.8,odometer,05:03,11:09,30,768
2026-08-07,P-18,Ryszard Mróz,S-R11,102.3,odometer,05:51,12:56,36,762
2026-08-07,P-19,Robert Wróbel,N-R01,128.9,odometer,04:56,11:16,24,846
2026-08-07,P-20,Leszek Ostrowski,S-R07,128.2,odometer,05:16,11:09,27,864
2026-08-07,P-21,Michał Kowalczyk,N-R10,136.6,odometer,05:14,11:09,23,766
2026-08-07,P-22,Wojciech Nowicki,N-R06,114.6,odometer,05:34,12:32,26,928
2026-08-07,P-23,Jerzy Tomaszewski,S-R02,118.9,odometer,05:09,12:18,26,1215
2026-08-07,P-24,Mariusz Grabowski,N-R04,139.2,odometer,04:48,10:48,18,505
2026-08-07,P-24,Przemysław Olszewski,N-R20,123.7,odometer,13:18,19:12,21,614
2026-08-07,P-25,Marcin Pawłowski,S-R04,140.0,odometer,04:59,11:59,29,830
2026-08-07,P-26,Konrad Szewczyk,N-R13,140.1,odometer,05:06,11:45,27,745
2026-08-07,P-27,Magdalena Jankowska,S-R13,102.8,odometer,05:28,12:12,30,936
2026-08-07,P-28,Bartosz Sikora,N-R18,123.3,odometer,06:03,12:35,23,706
2026-08-07,P-29,Dawid Majewski,S-R14,228.8,odometer,05:07,12:11,17,818
2026-08-07,P-30,Emil Sobczak,N-R08,127.1,odometer,05:13,11:52,26,706
2026-08-07,P-31,Szymon Wróblewski,S-R09,130.9,odometer,05:15,11:38,30,899
2026-08-07,P-32,Andrzej Zając,S-R16,135.5,odometer,06:04,12:50,27,871
2026-08-07,P-33,Krzysztof Górski,N-R15,197.2,odometer,04:59,11:52,20,893
2026-08-07,P-34,Wiesław Kołodziej,S-R17,108.6,odometer,04:39,10:18,25,1000
2026-08-07,P-36,Ireneusz Wysocki,S-R18,128.3,odometer,04:57,10:31,22,775
2026-08-07,P-36,Radosław Kalinowski,S-R19,104.4,odometer,13:00,19:23,24,873
2026-08-07,P-38,Arkadiusz Lis,S-R20,229.0,odometer,04:51,11:57,16,1017
2026-08-08,P-02,Anna Sadowska,S-R08,64.7,odometer,05:33,10:14,28,885
2026-08-08,P-03,Dariusz Kaczmarek,N-R03,94.0,odometer,04:43,10:06,23,1081
2026-08-08,P-05,Janusz Kozłowski,S-R03,97.0,odometer,04:40,09:25,23,815
2026-08-08,P-08,Rafał Dudek,N-R05,89.4,odometer,04:24,09:23,20,525
2026-08-08,P-09,Adam Mazur,N-R02,105.9,odometer,04:35,10:01,20,560
2026-08-08,P-12,Henryk Walczak,S-R05,82.6,odometer,04:22,08:30,16,714
2026-08-08,P-13,Sebastian Jabłoński,N-R07,115.8,odometer,04:44,10:10,21,715
2026-08-08,P-16,Monika Kubiak,N-R12,120.0,odometer,04:50,11:43,29,841
2026-08-08,P-17B,Waldemar Kasprzak,S-R06,93.7,odometer,04:44,09:47,23,979
2026-08-08,P-19,Robert Wróbel,N-R01,106.8,odometer,04:46,10:23,22,726
2026-08-08,P-20,Leszek Ostrowski,S-R07,111.7,odometer,04:54,10:13,15,847
2026-08-08,P-22,Wojciech Nowicki,N-R06,77.1,odometer,05:07,10:34,27,771
2026-08-08,P-23,Jerzy Tomaszewski,S-R02,103.5,odometer,04:22,10:21,23,1111
2026-08-08,P-25,Kinga Dziedzic,S-R04,103.3,odometer,04:22,09:21,22,763
2026-08-08,P-26,Konrad Szewczyk,N-R13,95.4,odometer,04:42,10:36,20,760
2026-08-08,P-30,Emil Sobczak,N-R08,121.8,odometer,04:33,10:53,21,899
2026-08-08,P-33,Krzysztof Górski,N-R15,152.4,odometer,04:48,09:51,18,692
2026-08-08,P-34,Wiesław Kołodziej,S-R17,129.7,odometer,04:23,11:12,25,1077
2026-08-08,P-36,Ireneusz Wysocki,S-R18,107.9,odometer,04:38,10:23,22,874
2026-08-10,P-01,Konrad Szewczyk,N-R14,199.4,odometer,05:14,11:53,15,987
2026-08-10,P-02,Anna Sadowska,S-R08,86.6,odometer,05:05,11:51,34,722
2026-08-10,P-03,Dariusz Kaczmarek,N-R03,123.0,odometer,05:03,12:03,25,886
2026-08-10,P-04,Emil Sobczak,N-R09,134.3,odometer,04:49,13:49,32,799
2026-08-10,P-05,Janusz Kozłowski,S-R03,123.3,odometer,05:16,11:55,28,971
2026-08-10,P-06,Katarzyna Wójcik,N-R21,91.3,odometer,05:43,13:02,37,1011
2026-08-10,P-08,Rafał Dudek,N-R05,94.1,odometer,05:16,11:12,25,663
2026-08-10,P-08,Łukasz Szymański,N-R17,81.1,odometer,12:42,17:37,21,615
2026-08-10,P-09,Adam Mazur,N-R02,116.9,odometer,05:13,11:00,22,637
2026-08-10,P-09,Kamil Krawczyk,N-R19,112.6,odometer,13:14,19:22,22,588
2026-08-10,P-10,Joanna Król,S-R12,144.0,odometer,05:44,13:28,32,795
2026-08-10,P-11,Jacek Wieczorek,N-R11,85.8,odometer,05:25,11:34,32,757
2026-08-10,P-12,Kinga Dziedzic,S-R05,91.5,odometer,05:05,10:37,24,820
2026-08-10,P-12,Damian Stępień,S-R15,85.7,odometer,12:46,17:45,19,672
2026-08-10,P-13,Sebastian Jabłoński,N-R07,142.6,odometer,05:19,12:30,28,807
2026-08-10,P-14,Artur Pietrzak,N-R16,82.7,odometer,05:40,11:10,23,777
2026-08-10,P-16,Monika Kubiak,N-R12,161.3,odometer,04:58,12:52,34,888
2026-08-10,P-17B,Radosław Kalinowski,S-R06,158.5,odometer,05:21,12:21,25,850
2026-08-10,P-19,Robert Wróbel,N-R01,127.3,odometer,04:57,10:58,21,775
2026-08-10,P-20,Leszek Ostrowski,S-R07,126.8,odometer,05:15,11:58,28,815
2026-08-10,P-21,Michał Kowalczyk,N-R10,141.3,odometer,05:02,11:22,25,802
2026-08-10,P-22,Wojciech Nowicki,N-R06,118.3,odometer,05:40,12:28,27,876
2026-08-10,P-23,Jerzy Tomaszewski,S-R02,141.3,odometer,04:53,12:21,24,1054
2026-08-10,P-24,Mariusz Grabowski,N-R04,136.1,odometer,05:07,10:41,16,763
2026-08-10,P-24,Przemysław Olszewski,N-R20,131.0,odometer,13:18,19:14,19,758
2026-08-10,P-26,Agnieszka Lewandowska,N-R13,121.4,odometer,05:10,12:13,26,801
2026-08-10,P-27,Magdalena Jankowska,S-R13,112.2,odometer,05:22,12:07,27,836
2026-08-10,P-29,Dawid Majewski,S-R14,186.4,odometer,04:58,12:13,16,647
2026-08-10,P-30,Tadeusz Baran,N-R08,137.0,odometer,05:11,12:23,28,939
2026-08-10,P-31,Szymon Wróblewski,S-R09,137.0,odometer,05:19,11:49,24,696
2026-08-10,P-32,Andrzej Zając,S-R16,99.6,odometer,05:58,12:15,28,969
2026-08-10,P-33,Krzysztof Górski,N-R15,195.0,odometer,05:00,11:47,19,685
2026-08-10,P-34,Wiesław Kołodziej,S-R17,126.9,odometer,04:30,11:38,28,1187
2026-08-10,P-36,Ireneusz Wysocki,S-R18,115.9,odometer,04:40,11:05,24,811
2026-08-10,P-36,Patryk Borkowski,S-R19,100.4,odometer,12:54,18:52,23,788
2026-08-10,P-37,Piotr Adamczyk,N-R23,191.5,odometer,05:03,11:13,16,588
2026-08-10,P-38,Arkadiusz Lis,S-R20,182.5,odometer,05:05,11:20,17,640
2026-08-11,P-01,Grzegorz Pawlak,N-R14,197.7,odometer,05:10,11:19,17,1008
2026-08-11,P-02,Anna Sadowska,S-R08,98.6,odometer,05:41,12:48,35,896
2026-08-11,P-03,Konrad Szewczyk,N-R03,116.6,odometer,04:51,10:44,28,1000
2026-08-11,P-04,Paweł Zieliński,N-R09,136.2,odometer,05:21,12:36,31,926
2026-08-11,P-05,Janusz Kozłowski,S-R03,122.5,odometer,05:09,12:39,28,811
2026-08-11,P-06,Katarzyna Wójcik,N-R21,84.2,odometer,06:00,12:33,35,843
2026-08-11,P-07,Zbigniew Michalski,S-R01,110.2,odometer,04:46,10:31,23,1059
2026-08-11,P-08,Rafał Dudek,N-R05,109.9,odometer,05:10,12:01,24,618
2026-08-11,P-08,Łukasz Szymański,N-R17,70.5,odometer,13:21,17:58,22,697
2026-08-11,P-09,Emil Sobczak,N-R02,125.7,odometer,05:00,10:54,23,681
2026-08-11,P-09,Kamil Krawczyk,N-R19,121.0,odometer,13:16,19:43,21,680
2026-08-11,P-10,Joanna Król,S-R12,108.4,odometer,05:38,13:05,36,710
2026-08-11,P-11,Jacek Wieczorek,N-R11,102.0,odometer,05:26,12:50,31,778
2026-08-11,P-12,Kinga Dziedzic,S-R05,99.1,odometer,05:25,10:23,20,697
2026-08-11,P-12,Damian Stępień,S-R15,97.1,odometer,13:12,18:11,19,731
2026-08-11,P-13,Sebastian Jabłoński,N-R07,143.2,odometer,04:56,12:05,27,729
2026-08-11,P-14,Artur Pietrzak,N-R16,148.0,odometer,05:40,12:40,19,877
2026-08-11,P-15,Stanisław Czarnecki,S-R10,99.4,odometer,05:47,12:30,33,863
2026-08-11,P-16,Monika Kubiak,N-R12,144.7,odometer,05:24,14:17,38,820
2026-08-11,P-17B,Waldemar Kasprzak,S-R06,113.0,odometer,05:21,11:29,26,938
2026-08-11,P-18,Ryszard Mróz,S-R11,114.9,odometer,05:42,13:16,35,741
2026-08-11,P-19,Robert Wróbel,N-R01,127.3,odometer,05:08,11:33,23,837
2026-08-11,P-20,Radosław Kalinowski,S-R07,126.4,odometer,05:08,11:31,27,845
2026-08-11,P-21,Michał Kowalczyk,N-R10,137.3,odometer,05:12,12:50,26,801
2026-08-11,P-22,Wojciech Nowicki,N-R06,124.3,odometer,05:34,12:49,28,910
2026-08-11,P-23,Jerzy Tomaszewski,S-R02,121.1,odometer,04:54,10:39,22,996
2026-08-11,P-24,Mariusz Grabowski,N-R04,140.9,odometer,04:50,10:51,20,628
2026-08-11,P-24,Przemysław Olszewski,N-R20,131.9,odometer,13:22,19:04,19,626
2026-08-11,P-25,Marcin Pawłowski,S-R04,140.3,odometer,04:57,11:41,26,794
2026-08-11,P-26,Agnieszka Lewandowska,N-R13,126.9,odometer,05:06,11:52,25,689
2026-08-11,P-27,Magdalena Jankowska,S-R13,100.9,odometer,05:11,11:03,27,970
2026-08-11,P-29,Dawid Majewski,S-R14,216.0,odometer,04:51,12:18,17,667
2026-08-11,P-30,Tadeusz Baran,N-R08,144.2,odometer,05:07,12:16,27,781
2026-08-11,P-31,Szymon Wróblewski,S-R09,131.3,odometer,05:28,11:33,26,838
2026-08-11,P-33,Krzysztof Górski,N-R15,188.0,odometer,05:03,12:20,19,852
2026-08-11,P-34,Wiesław Kołodziej,S-R17,140.5,odometer,04:41,11:54,30,1081
2026-08-11,P-35,Marek Zawadzki,N-R22,129.3,odometer,04:36,11:12,29,1016
2026-08-11,P-36,Ireneusz Wysocki,S-R18,120.4,odometer,04:56,10:41,26,935
2026-08-11,P-36,Patryk Borkowski,S-R19,96.8,odometer,13:02,18:34,22,779
2026-08-11,P-37,Piotr Adamczyk,N-R23,214.5,odometer,05:02,12:10,18,964
2026-08-12,P-01,Grzegorz Pawlak,N-R14,196.0,odometer,05:18,11:34,16,848
2026-08-12,P-02,Anna Sadowska,S-R08,81.8,odometer,05:37,12:17,36,877
2026-08-12,P-03,Dariusz Kaczmarek,N-R03,111.9,odometer,04:52,11:27,30,817
2026-08-12,P-04,Paweł Zieliński,N-R09,138.7,odometer,04:59,11:32,31,832
2026-08-12,P-05,Janusz Kozłowski,S-R03,119.8,odometer,05:13,11:55,27,942
2026-08-12,P-07,Zbigniew Michalski,S-R01,107.5,odometer,04:51,11:15,27,1055
2026-08-12,P-08,Rafał Dudek,N-R05,107.6,odometer,05:04,10:26,21,633
2026-08-12,P-08,Łukasz Szymański,N-R17,70.8,odometer,13:05,17:37,22,597
2026-08-12,P-09,Konrad Szewczyk,N-R02,113.0,odometer,05:10,10:56,24,717
2026-08-12,P-09,Kamil Krawczyk,N-R19,120.9,odometer,13:20,19:41,24,680
2026-08-12,P-11,Jacek Wieczorek,N-R11,106.3,odometer,05:42,12:17,33,836
2026-08-12,P-12,Kinga Dziedzic,S-R05,95.6,odometer,05:06,10:37,22,726
2026-08-12,P-12,Damian Stępień,S-R15,95.7,odometer,13:16,18:36,19,692
2026-08-12,P-13,Sebastian Jabłoński,N-R07,136.9,odometer,04:56,11:14,27,958
2026-08-12,P-14,Artur Pietrzak,N-R16,90.4,odometer,05:46,11:11,22,837
2026-08-12,P-15,Stanisław Czarnecki,S-R10,114.6,odometer,05:35,12:57,30,1027
2026-08-12,P-16,Monika Kubiak,N-R12,139.3,odometer,05:31,13:12,33,1018
2026-08-12,P-17B,Waldemar Kasprzak,S-R06,107.2,odometer,05:32,11:42,24,984
2026-08-12,P-19,Robert Wróbel,N-R01,131.7,odometer,04:49,11:12,24,841
2026-08-12,P-20,Radosław Kalinowski,S-R07,129.7,odometer,05:01,12:35,27,837
2026-08-12,P-21,Michał Kowalczyk,N-R10,141.6,odometer,04:56,12:20,27,863
2026-08-12,P-22,Wojciech Nowicki,N-R06,108.0,odometer,05:16,11:36,27,898
2026-08-12,P-23,Jerzy Tomaszewski,S-R02,118.2,odometer,04:51,10:30,25,995
2026-08-12,P-24,Mariusz Grabowski,N-R04,148.5,odometer,05:11,11:48,20,582
2026-08-12,P-24,Emil Sobczak,N-R20,120.1,odometer,13:07,18:51,20,773
2026-08-12,P-25,Marcin Pawłowski,S-R04,138.4,odometer,05:11,11:55,27,736
2026-08-12,P-26,Agnieszka Lewandowska,N-R13,124.2,odometer,05:20,11:54,27,898
2026-08-12,P-27,Magdalena Jankowska,S-R13,105.4,odometer,05:21,12:22,29,930
2026-08-12,P-28,Bartosz Sikora,N-R18,100.1,odometer,06:06,11:24,27,838
2026-08-12,P-29,Dawid Majewski,S-R14,253.0,odometer,05:06,12:51,18,857
2026-08-12,P-30,Tadeusz Baran,N-R08,128.7,odometer,05:12,11:22,23,785
2026-08-12,P-31,Szymon Wróblewski,S-R09,143.0,odometer,05:17,12:23,27,917
2026-08-12,P-32,Andrzej Zając,S-R16,108.9,odometer,05:54,11:39,24,895
2026-08-12,P-33,Krzysztof Górski,N-R15,191.3,odometer,05:04,13:13,19,805
2026-08-12,P-34,Wiesław Kołodziej,S-R17,119.7,odometer,04:52,11:17,29,1122
2026-08-12,P-35,Marek Zawadzki,N-R22,101.9,odometer,05:01,10:27,24,966
2026-08-12,P-36,Ireneusz Wysocki,S-R18,115.3,odometer,04:47,10:33,23,979
2026-08-12,P-36,Patryk Borkowski,S-R19,97.4,odometer,13:36,19:26,23,834
2026-08-12,P-37,Piotr Adamczyk,N-R23,197.2,odometer,05:08,11:57,18,755
2026-08-13,P-01,Grzegorz Pawlak,N-R14,194.5,odometer,05:22,11:32,20,759
2026-08-13,P-02,Anna Sadowska,S-R08,82.8,odometer,05:58,12:46,37,902
2026-08-13,P-04,Paweł Zieliński,N-R09,134.1,odometer,05:05,11:32,27,852
2026-08-13,P-05,Janusz Kozłowski,S-R03,124.0,odometer,05:13,11:45,25,770
2026-08-13,P-06,Katarzyna Wójcik,N-R21,81.3,odometer,05:24,11:46,35,942
2026-08-13,P-07,Zbigniew Michalski,S-R01,119.0,odometer,05:00,11:38,27,1124
2026-08-13,P-08,Rafał Dudek,N-R05,89.9,odometer,04:55,09:55,20,736
2026-08-13,P-08,Łukasz Szymański,N-R17,82.6,odometer,13:03,18:00,23,722
2026-08-13,P-09,Konrad Szewczyk,N-R02,140.3,odometer,05:11,11:35,23,618
2026-08-13,P-09,Kamil Krawczyk,N-R19,117.0,odometer,13:18,19:53,24,644
2026-08-13,P-11,Emil Sobczak,N-R11,97.1,odometer,05:31,12:57,36,841
2026-08-13,P-12,Kinga Dziedzic,S-R05,97.6,odometer,05:12,10:11,22,757
2026-08-13,P-12,Damian Stępień,S-R15,77.0,odometer,12:57,18:05,20,675
2026-08-13,P-13,Sebastian Jabłoński,N-R07,140.7,odometer,05:18,12:05,28,877
2026-08-13,P-14,Artur Pietrzak,N-R16,128.5,odometer,05:50,12:46,27,764
2026-08-13,P-16,Monika Kubiak,N-R12,139.8,odometer,05:01,13:19,37,1001
2026-08-13,P-17B,Waldemar Kasprzak,S-R06,116.3,odometer,05:23,11:48,26,1021
2026-08-13,P-19,Robert Wróbel,N-R01,131.2,odometer,05:03,10:33,17,982
2026-08-13,P-20,Radosław Kalinowski,S-R07,133.8,odometer,05:05,12:37,30,889
2026-08-13,P-21,Michał Kowalczyk,N-R10,140.1,odometer,05:03,11:56,24,906
2026-08-13,P-22,Wojciech Nowicki,N-R06,95.4,odometer,05:28,12:48,28,954
2026-08-13,P-23,Jerzy Tomaszewski,S-R02,131.0,odometer,04:51,11:40,26,1210
2026-08-13,P-24,Mariusz Grabowski,N-R04,136.9,odometer,05:14,11:00,18,740
2026-08-13,P-24,Przemysław Olszewski,N-R20,128.3,odometer,12:56,18:29,20,744
2026-08-13,P-25,Marcin Pawłowski,S-R04,142.3,odometer,04:52,11:03,25,658
2026-08-13,P-26,Agnieszka Lewandowska,N-R13,121.2,odometer,05:03,11:13,28,807
2026-08-13,P-27,Magdalena Jankowska,S-R13,90.3,gps,05:11,11:20,28,860
2026-08-13,P-28,Bartosz Sikora,N-R18,105.7,odometer,06:00,11:59,28,732
2026-08-13,P-29,Dawid Majewski,S-R14,240.9,odometer,05:09,12:37,15,792
2026-08-13,P-30,Tadeusz Baran,N-R08,134.9,odometer,04:56,12:15,27,867
2026-08-13,P-31,Szymon Wróblewski,S-R09,133.6,odometer,05:30,11:38,26,821
2026-08-13,P-32,Andrzej Zając,S-R16,119.0,odometer,06:05,11:28,21,612
2026-08-13,P-33,Krzysztof Górski,N-R15,193.2,odometer,04:43,11:37,18,723
2026-08-13,P-34,Wiesław Kołodziej,S-R17,103.0,odometer,04:38,11:21,30,1099
2026-08-13,P-35,Marek Zawadzki,N-R22,130.3,odometer,04:50,11:46,30,1175
2026-08-13,P-36,Ireneusz Wysocki,S-R18,128.6,odometer,04:54,11:24,21,837
2026-08-13,P-36,Patryk Borkowski,S-R19,109.3,odometer,13:07,18:43,21,786
2026-08-13,P-37,Piotr Adamczyk,N-R23,226.8,odometer,05:01,12:39,16,686
2026-08-13,P-38,Arkadiusz Lis,S-R20,178.9,odometer,05:00,11:10,21,1081
2026-08-14,P-01,Grzegorz Pawlak,N-R14,250.3,odometer,05:07,11:56,15,826
2026-08-14,P-02,Anna Sadowska,S-R08,101.2,odometer,05:47,12:58,36,1036
2026-08-14,P-04,Paweł Zieliński,N-R09,143.5,odometer,04:42,10:32,29,904
2026-08-14,P-05,Janusz Kozłowski,S-R03,123.3,odometer,05:10,11:50,27,804
2026-08-14,P-06,Katarzyna Wójcik,N-R21,90.4,odometer,05:50,12:00,36,710
2026-08-14,P-07,Zbigniew Michalski,S-R01,120.7,odometer,05:05,10:58,27,1133
2026-08-14,P-08,Rafał Dudek,N-R05,89.3,odometer,05:10,10:07,23,736
2026-08-14,P-08,Łukasz Szymański,N-R17,75.5,odometer,12:50,16:19,17,727
2026-08-14,P-09,Konrad Szewczyk,N-R02,116.9,odometer,05:12,10:55,20,772
2026-08-14,P-09,Kamil Krawczyk,N-R19,117.2,odometer,12:56,18:29,20,628
2026-08-14,P-10,Joanna Król,S-R12,99.4,odometer,05:41,11:55,32,628
2026-08-14,P-11,Jacek Wieczorek,N-R11,79.6,odometer,05:21,10:55,29,954
2026-08-14,P-12,Kinga Dziedzic,S-R05,99.3,odometer,05:00,10:25,25,789
2026-08-14,P-12,Damian Stępień,S-R15,81.2,odometer,13:01,18:12,24,654
2026-08-14,P-13,Sebastian Jabłoński,N-R07,138.4,odometer,05:22,11:21,27,799
2026-08-14,P-14,Artur Pietrzak,N-R16,116.9,odometer,05:34,11:49,25,683
2026-08-14,P-15,Stanisław Czarnecki,S-R10,126.4,odometer,05:30,13:06,31,1116
2026-08-14,P-16,Monika Kubiak,N-R12,161.3,odometer,05:28,14:20,36,862
2026-08-14,P-17B,Waldemar Kasprzak,S-R06,108.1,odometer,05:15,12:17,30,978
2026-08-14,P-18,Ryszard Mróz,S-R11,108.1,odometer,05:45,12:48,31,930
2026-08-14,P-19,Robert Wróbel,N-R01,142.2,odometer,04:56,11:29,23,808
2026-08-14,P-20,Radosław Kalinowski,S-R07,133.1,odometer,05:03,12:50,29,729
2026-08-14,P-21,Michał Kowalczyk,N-R10,141.6,odometer,05:16,11:53,28,851
2026-08-14,P-22,Wojciech Nowicki,N-R06,102.8,odometer,05:26,11:30,24,872
2026-08-14,P-23,Jerzy Tomaszewski,S-R02,134.7,odometer,04:42,11:02,26,1015
2026-08-14,P-24,Mariusz Grabowski,N-R04,155.1,odometer,05:08,11:41,22,730
2026-08-14,P-24,Przemysław Olszewski,N-R20,119.7,odometer,12:56,19:51,21,470
2026-08-14,P-25,Marcin Pawłowski,S-R04,142.3,odometer,05:27,11:47,27,682
2026-08-14,P-26,Agnieszka Lewandowska,N-R13,123.9,odometer,05:43,12:16,26,846
2026-08-14,P-27,Magdalena Jankowska,S-R13,106.2,odometer,05:21,11:44,32,860
2026-08-14,P-28,Emil Sobczak,N-R18,114.6,odometer,06:18,13:15,29,885
2026-08-14,P-29,Dawid Majewski,S-R14,186.9,odometer,04:53,11:04,16,809
2026-08-14,P-30,Tadeusz Baran,N-R08,137.9,odometer,05:24,11:30,26,979
2026-08-14,P-31,Szymon Wróblewski,S-R09,133.9,odometer,04:58,11:48,29,836
2026-08-14,P-32,Andrzej Zając,S-R16,111.9,odometer,06:00,11:37,26,786
2026-08-14,P-33,Krzysztof Górski,N-R15,194.9,odometer,05:08,13:30,20,765
2026-08-14,P-34,Wiesław Kołodziej,S-R17,117.4,odometer,04:32,11:25,26,963
2026-08-14,P-35,Marek Zawadzki,N-R22,114.0,odometer,04:53,11:20,27,1074
2026-08-14,P-36,Ireneusz Wysocki,S-R18,120.7,odometer,05:02,11:00,25,722
2026-08-14,P-36,Patryk Borkowski,S-R19,114.6,odometer,13:12,18:28,22,774
2026-08-14,P-37,Piotr Adamczyk,N-R23,237.7,odometer,05:13,12:47,17,841
2026-08-14,P-38,Arkadiusz Lis,S-R20,204.7,odometer,05:06,12:10,16,1036
2026-08-17,P-04,Paweł Zieliński,N-R09,142.2,odometer,05:10,12:23,28,885
2026-08-17,P-05,Janusz Kozłowski,S-R03,128.3,odometer,05:17,12:14,29,1041
2026-08-17,P-06,Katarzyna Wójcik,N-R21,69.2,odometer,05:52,11:49,36,884
2026-08-17,P-07,Zbigniew Michalski,S-R01,124.2,odometer,04:42,10:08,24,984
2026-08-17,P-08,Rafał Dudek,N-R05,104.8,odometer,04:52,10:59,22,614
2026-08-17,P-08,Łukasz Szymański,N-R17,85.2,odometer,13:11,17:59,19,706
2026-08-17,P-09,Konrad Szewczyk,N-R02,129.7,odometer,04:58,10:59,24,611
2026-08-17,P-09,Kamil Krawczyk,N-R19,123.1,odometer,13:18,19:33,20,567
2026-08-17,P-10,Joanna Król,S-R12,106.1,odometer,05:54,12:58,34,724
2026-08-17,P-12,Kinga Dziedzic,S-R05,90.8,odometer,05:25,10:39,22,797
2026-08-17,P-12,Damian Stępień,S-R15,87.5,odometer,12:52,18:01,21,752
2026-08-17,P-13,Sebastian Jabłoński,N-R07,145.4,odometer,05:05,12:59,28,964
2026-08-17,P-14,Artur Pietrzak,N-R16,99.8,odometer,05:31,11:35,28,894
2026-08-17,P-15,Stanisław Czarnecki,S-R10,103.9,odometer,05:59,14:01,29,960
2026-08-17,P-16,Monika Kubiak,N-R12,152.7,odometer,05:43,14:46,36,725
2026-08-17,P-17B,Waldemar Kasprzak,S-R06,114.2,odometer,05:42,12:04,26,1010
2026-08-17,P-18,Ryszard Mróz,S-R11,107.6,odometer,05:26,12:37,35,877
2026-08-17,P-19,Robert Wróbel,N-R01,132.1,odometer,05:04,11:41,22,754
2026-08-17,P-20,Radosław Kalinowski,S-R07,123.2,odometer,05:04,11:12,27,820
2026-08-17,P-21,Michał Kowalczyk,N-R10,133.9,odometer,05:11,11:16,23,762
2026-08-17,P-22,Wojciech Nowicki,N-R06,95.4,odometer,05:27,11:55,30,874
2026-08-17,P-23,Jerzy Tomaszewski,S-R02,110.0,odometer,04:37,10:38,22,1193
2026-08-17,P-25,Marcin Pawłowski,S-R04,140.4,odometer,04:59,12:40,29,765
2026-08-17,P-26,Agnieszka Lewandowska,N-R13,138.3,odometer,05:35,12:40,27,797
2026-08-17,P-27,Magdalena Jankowska,S-R13,157.1,odometer,05:42,14:51,32,684
2026-08-17,P-28,Emil Sobczak,N-R18,116.1,odometer,06:09,12:08,25,802
2026-08-17,P-29,Dawid Majewski,S-R14,193.1,odometer,04:48,10:58,17,943
2026-08-17,P-30,Tadeusz Baran,N-R08,128.9,odometer,05:09,11:39,28,788
2026-08-17,P-31,Szymon Wróblewski,S-R09,143.5,odometer,05:06,11:27,25,897
2026-08-17,P-32,Andrzej Zając,S-R16,121.5,odometer,05:57,12:40,24,730
2026-08-17,P-33,Krzysztof Górski,N-R15,187.7,odometer,05:05,12:28,20,785
2026-08-17,P-34,Wiesław Kołodziej,S-R17,112.3,odometer,04:56,11:56,28,1038
2026-08-17,P-36,Ireneusz Wysocki,S-R18,123.0,odometer,04:56,10:30,22,807
2026-08-17,P-36,Patryk Borkowski,S-R19,101.5,odometer,13:20,18:46,22,814
2026-08-17,P-37,Piotr Adamczyk,N-R23,227.0,odometer,04:45,11:29,14,739
2026-08-17,P-38,Arkadiusz Lis,S-R20,248.0,odometer,04:47,12:21,17,880
2026-08-18,P-01,Grzegorz Pawlak,N-R14,187.9,odometer,05:26,11:30,19,923
2026-08-18,P-04,Paweł Zieliński,N-R09,135.0,odometer,04:58,11:52,29,918
2026-08-18,P-05,Janusz Kozłowski,S-R03,128.9,odometer,05:19,12:11,27,791
2026-08-18,P-06,Katarzyna Wójcik,N-R21,91.1,odometer,05:23,12:42,36,882
2026-08-18,P-07,Zbigniew Michalski,S-R01,119.5,odometer,04:48,10:51,25,1019
2026-08-18,P-08,Rafał Dudek,N-R05,89.5,odometer,05:11,11:15,25,693
2026-08-18,P-08,Łukasz Szymański,N-R17,87.0,odometer,13:07,18:15,20,590
2026-08-18,P-09,Konrad Szewczyk,N-R02,139.4,odometer,05:05,11:25,22,671
2026-08-18,P-09,Kamil Krawczyk,N-R19,100.2,odometer,13:15,18:36,20,715
2026-08-18,P-10,Joanna Król,S-R12,96.8,odometer,05:52,12:48,34,490
2026-08-18,P-11,Jacek Wieczorek,N-R11,78.0,odometer,05:16,10:58,31,847
2026-08-18,P-12,Kinga Dziedzic,S-R05,102.9,odometer,04:53,10:31,23,756
2026-08-18,P-12,Damian Stępień,S-R15,83.4,odometer,13:12,18:22,21,598
2026-08-18,P-13,Sebastian Jabłoński,N-R07,139.2,odometer,04:58,12:38,29,834
2026-08-18,P-14,Artur Pietrzak,N-R16,119.7,odometer,05:53,11:49,22,749
2026-08-18,P-16,Monika Kubiak,N-R12,137.7,odometer,05:25,12:43,35,861
2026-08-18,P-17B,Waldemar Kasprzak,S-R06,108.0,odometer,05:34,11:05,24,762
2026-08-18,P-18,Radosław Kalinowski,S-R11,82.9,odometer,05:41,12:01,32,1007
2026-08-18,P-19,Robert Wróbel,N-R01,135.0,odometer,04:27,10:37,27,810
2026-08-18,P-20,Leszek Ostrowski,S-R07,126.9,odometer,05:11,12:22,27,765
2026-08-18,P-21,Michał Kowalczyk,N-R10,133.0,odometer,04:53,11:04,25,897
2026-08-18,P-22,Wojciech Nowicki,N-R06,108.1,odometer,05:21,11:44,28,781
2026-08-18,P-23,Jerzy Tomaszewski,S-R02,106.9,odometer,04:53,11:07,30,1094
2026-08-18,P-24,Mariusz Grabowski,N-R04,157.9,odometer,04:33,10:45,16,622
2026-08-18,P-24,Przemysław Olszewski,N-R20,120.6,odometer,13:03,18:19,19,635
2026-08-18,P-25,Marcin Pawłowski,S-R04,141.5,odometer,04:57,10:57,24,799
2026-08-18,P-26,Agnieszka Lewandowska,N-R13,119.9,odometer,05:28,11:22,26,749
2026-08-18,P-27,Magdalena Jankowska,S-R13,117.3,odometer,05:23,12:23,32,832
2026-08-18,P-29,Dawid Majewski,S-R14,179.7,odometer,05:10,10:45,16,725
2026-08-18,P-30,Tadeusz Baran,N-R08,137.1,odometer,05:23,11:50,26,924
2026-08-18,P-31,Szymon Wróblewski,S-R09,141.7,odometer,04:59,11:55,25,822
2026-08-18,P-32,Andrzej Zając,S-R16,98.8,odometer,05:57,12:02,25,836
2026-08-18,P-33,Krzysztof Górski,N-R15,201.2,odometer,05:10,12:08,20,912
2026-08-18,P-34,Wiesław Kołodziej,S-R17,111.5,odometer,04:50,11:08,28,869
2026-08-18,P-35,Marek Zawadzki,N-R22,125.0,odometer,04:55,11:30,26,1193
2026-08-18,P-36,Ireneusz Wysocki,S-R18,125.8,odometer,05:02,11:36,25,850
2026-08-18,P-36,Patryk Borkowski,S-R19,117.0,odometer,13:22,19:35,24,819
2026-08-18,P-37,Piotr Adamczyk,N-R23,207.8,odometer,05:00,11:15,15,858
2026-08-18,P-38,Arkadiusz Lis,S-R20,209.2,odometer,05:19,12:22,17,852
2026-08-19,P-01,Grzegorz Pawlak,N-R14,194.4,odometer,05:14,11:37,18,830
2026-08-19,P-03,Dariusz Kaczmarek,N-R03,101.3,odometer,05:12,11:04,28,1063
2026-08-19,P-04,Paweł Zieliński,N-R09,140.9,odometer,05:04,11:59,29,868
2026-08-19,P-05,Radosław Kalinowski,S-R03,119.2,odometer,05:08,11:29,28,732
2026-08-19,P-07,Zbigniew Michalski,S-R01,121.4,odometer,05:00,12:08,27,1191
2026-08-19,P-08,Rafał Dudek,N-R05,89.0,odometer,05:05,10:31,23,716
2026-08-19,P-08,Łukasz Szymański,N-R17,67.7,odometer,12:54,17:14,22,513
2026-08-19,P-09,Konrad Szewczyk,N-R02,127.5,odometer,04:47,11:53,32,638
2026-08-19,P-09,Kamil Krawczyk,N-R19,112.4,odometer,13:20,18:51,21,668
2026-08-19,P-10,Joanna Król,S-R12,86.9,odometer,05:53,12:23,35,725
2026-08-19,P-12,Kinga Dziedzic,S-R05,96.4,odometer,04:47,09:53,19,723
2026-08-19,P-12,Damian Stępień,S-R15,77.4,odometer,13:17,18:10,20,634
2026-08-19,P-13,Sebastian Jabłoński,N-R07,142.8,odometer,04:59,12:29,27,794
2026-08-19,P-14,Artur Pietrzak,N-R16,88.5,odometer,06:03,11:19,27,736
2026-08-19,P-16,Monika Kubiak,N-R12,163.6,odometer,05:24,13:17,32,917
2026-08-19,P-17B,Waldemar Kasprzak,S-R06,109.1,odometer,05:03,11:46,27,1011
2026-08-19,P-18,Ryszard Mróz,S-R11,123.1,odometer,05:47,13:51,35,797
2026-08-19,P-19,Robert Wróbel,N-R01,138.3,odometer,04:53,10:54,21,813
2026-08-19,P-20,Leszek Ostrowski,S-R07,124.0,odometer,05:29,11:50,27,850
2026-08-19,P-21,Michał Kowalczyk,N-R10,158.6,odometer,05:21,12:24,25,772
2026-08-19,P-22,Wojciech Nowicki,N-R06,103.3,odometer,05:30,11:51,26,964
2026-08-19,P-23,Jerzy Tomaszewski,S-R02,131.2,odometer,05:13,11:38,27,1271
2026-08-19,P-25,Marcin Pawłowski,S-R04,143.3,odometer,05:05,12:05,26,875
2026-08-19,P-26,Agnieszka Lewandowska,N-R13,119.5,odometer,05:22,11:48,27,762
2026-08-19,P-27,Magdalena Jankowska,S-R13,132.5,odometer,05:37,12:31,26,869
2026-08-19,P-28,Emil Sobczak,N-R18,118.0,odometer,06:08,13:40,25,854
2026-08-19,P-30,Tadeusz Baran,N-R08,146.1,odometer,05:22,11:59,26,989
2026-08-19,P-31,Szymon Wróblewski,S-R09,134.2,odometer,05:03,12:28,26,779
2026-08-19,P-33,Krzysztof Górski,N-R15,198.6,odometer,05:05,12:12,20,797
2026-08-19,P-34,Wiesław Kołodziej,S-R17,110.9,odometer,04:53,11:43,27,850
2026-08-19,P-35,Marek Zawadzki,N-R22,106.7,odometer,04:55,11:28,32,1139
2026-08-19,P-37,Piotr Adamczyk,N-R23,214.9,odometer,04:46,11:11,17,795
2026-08-19,P-38,Arkadiusz Lis,S-R20,189.2,odometer,05:05,11:24,19,1033
2026-08-20,P-01,Grzegorz Pawlak,N-R14,199.0,odometer,05:19,12:26,20,832
2026-08-20,P-03,Dariusz Kaczmarek,N-R03,119.8,odometer,04:50,11:24,27,1044
2026-08-20,P-04,Paweł Zieliński,N-R09,134.4,odometer,05:25,12:35,29,762
2026-08-20,P-05,Janusz Kozłowski,S-R03,127.5,odometer,05:07,11:51,28,946
2026-08-20,P-06,Katarzyna Wójcik,N-R21,95.9,odometer,05:42,11:53,32,810
2026-08-20,P-07,Zbigniew Michalski,S-R01,151.6,odometer,04:24,11:57,28,1053
2026-08-20,P-08,Rafał Dudek,N-R05,107.7,odometer,05:01,11:00,23,632
2026-08-20,P-08,Łukasz Szymański,N-R17,69.7,odometer,13:18,17:50,20,573
2026-08-20,P-09,Konrad Szewczyk,N-R02,122.2,odometer,05:09,11:43,24,585
2026-08-20,P-09,Kamil Krawczyk,N-R19,108.5,odometer,13:11,17:56,19,687
2026-08-20,P-10,Joanna Król,S-R12,101.3,odometer,06:16,12:57,31,705
2026-08-20,P-11,Jacek Wieczorek,N-R11,105.0,odometer,05:23,12:58,38,911
2026-08-20,P-12,Kinga Dziedzic,S-R05,101.4,odometer,05:00,10:14,22,689
2026-08-20,P-12,Damian Stępień,S-R15,77.9,odometer,12:56,17:09,17,616
2026-08-20,P-13,Sebastian Jabłoński,N-R07,142.7,odometer,05:08,12:31,28,904
2026-08-20,P-14,Emil Sobczak,N-R16,101.8,odometer,06:06,11:46,28,704
2026-08-20,P-16,Monika Kubiak,N-R12,158.7,odometer,05:19,13:13,35,863
2026-08-20,P-17B,Waldemar Kasprzak,S-R06,106.8,odometer,05:09,11:20,26,886
2026-08-20,P-19,Robert Wróbel,N-R01,140.9,odometer,05:02,11:34,23,781
2026-08-20,P-20,Radosław Kalinowski,S-R07,130.5,odometer,05:11,11:37,26,800
2026-08-20,P-21,Michał Kowalczyk,N-R10,138.2,odometer,05:37,11:38,25,846
2026-08-20,P-22,Wojciech Nowicki,N-R06,88.2,odometer,05:12,10:25,27,903
2026-08-20,P-23,Jerzy Tomaszewski,S-R02,148.4,odometer,05:25,12:31,26,1034
2026-08-20,P-24,Mariusz Grabowski,N-R04,149.9,odometer,05:04,10:53,20,765
2026-08-20,P-24,Przemysław Olszewski,N-R20,129.2,odometer,13:11,18:45,22,660
2026-08-20,P-25,Marcin Pawłowski,S-R04,136.8,odometer,04:44,12:06,29,859
2026-08-20,P-26,Agnieszka Lewandowska,N-R13,118.2,odometer,05:12,11:46,28,860
2026-08-20,P-28,Bartosz Sikora,N-R18,124.6,odometer,05:53,11:32,25,624
2026-08-20,P-29,Dawid Majewski,S-R14,204.6,odometer,05:05,11:39,18,978
2026-08-20,P-31,Szymon Wróblewski,S-R09,133.6,odometer,04:59,12:08,31,854
2026-08-20,P-33,Krzysztof Górski,N-R15,192.7,odometer,04:41,11:23,18,868
2026-08-20,P-34,Wiesław Kołodziej,S-R17,113.9,odometer,04:44,12:02,26,1119
2026-08-20,P-35,Marek Zawadzki,N-R22,114.6,odometer,04:47,11:08,30,1047
2026-08-20,P-37,Piotr Adamczyk,N-R23,231.5,odometer,05:02,13:30,18,680
2026-08-20,P-38,Arkadiusz Lis,S-R20,210.5,odometer,04:56,11:29,17,1013
2026-08-21,P-01,Grzegorz Pawlak,N-R14,265.9,odometer,04:53,13:08,18,949
2026-08-21,P-02,Anna Sadowska,S-R08,85.2,odometer,05:33,12:19,37,928
2026-08-21,P-03,Dariusz Kaczmarek,N-R03,120.1,odometer,04:27,10:09,26,1078
2026-08-21,P-04,Paweł Zieliński,N-R09,136.4,odometer,04:44,11:10,27,897
2026-08-21,P-05,Janusz Kozłowski,S-R03,129.9,odometer,05:04,11:28,27,904
2026-08-21,P-07,Zbigniew Michalski,S-R01,115.3,odometer,04:36,10:41,25,926
2026-08-21,P-08,Rafał Dudek,N-R05,96.2,odometer,04:57,10:26,19,698
2026-08-21,P-08,Łukasz Szymański,N-R17,74.9,odometer,12:55,17:36,18,680
2026-08-21,P-09,Konrad Szewczyk,N-R02,123.3,odometer,04:58,11:44,26,713
2026-08-21,P-09,Kamil Krawczyk,N-R19,101.0,odometer,13:07,18:30,24,684
2026-08-21,P-10,Joanna Król,S-R12,102.7,odometer,05:39,11:42,28,660
2026-08-21,P-11,Jacek Wieczorek,N-R11,100.7,odometer,05:26,13:08,34,834
2026-08-21,P-12,Kinga Dziedzic,S-R05,96.9,odometer,05:04,10:09,23,657
2026-08-21,P-12,Damian Stępień,S-R15,78.8,odometer,13:06,18:10,20,695
2026-08-21,P-13,Sebastian Jabłoński,N-R07,135.1,odometer,04:33,10:57,25,911
2026-08-21,P-14,Artur Pietrzak,N-R16,137.4,odometer,05:21,12:30,30,879
2026-08-21,P-16,Monika Kubiak,N-R12,158.1,odometer,05:24,14:17,34,724
2026-08-21,P-19,Robert Wróbel,N-R01,141.4,odometer,04:59,12:05,25,801
2026-08-21,P-20,Radosław Kalinowski,S-R07,124.3,odometer,05:16,11:45,27,718
2026-08-21,P-21,Michał Kowalczyk,N-R10,136.1,odometer,04:46,10:56,25,749
2026-08-21,P-22,Wojciech Nowicki,N-R06,92.3,odometer,05:23,11:54,31,933
2026-08-21,P-24,Mariusz Grabowski,N-R04,152.1,odometer,05:03,11:18,17,623
2026-08-21,P-24,Przemysław Olszewski,N-R20,124.6,odometer,13:07,18:44,20,559
2026-08-21,P-25,Marcin Pawłowski,S-R04,139.7,odometer,04:55,11:35,25,755
2026-08-21,P-26,Agnieszka Lewandowska,N-R13,126.3,odometer,05:18,11:55,30,676
2026-08-21,P-27,Magdalena Jankowska,S-R13,92.9,odometer,05:54,11:52,28,876
2026-08-21,P-28,Emil Sobczak,N-R18,118.7,odometer,06:06,11:58,24,653
2026-08-21,P-29,Dawid Majewski,S-R14,270.0,odometer,04:59,12:59,20,666
2026-08-21,P-30,Tadeusz Baran,N-R08,134.5,odometer,05:14,12:53,28,854
2026-08-21,P-31,Szymon Wróblewski,S-R09,131.7,odometer,05:15,13:12,31,706
2026-08-21,P-32,Andrzej Zając,S-R16,100.6,odometer,05:57,11:39,25,835
2026-08-21,P-33,Krzysztof Górski,N-R15,192.1,odometer,05:31,12:19,20,811
2026-08-21,P-35,Marek Zawadzki,N-R22,99.9,odometer,04:45,10:18,22,1135
2026-08-21,P-36,Ireneusz Wysocki,S-R18,114.9,odometer,05:12,10:38,25,867
2026-08-21,P-36,Patryk Borkowski,S-R19,97.7,odometer,13:07,18:17,21,872
2026-08-21,P-37,Piotr Adamczyk,N-R23,203.7,odometer,05:07,11:35,17,809
2026-08-21,P-38,Arkadiusz Lis,S-R20,206.4,odometer,05:00,12:23,17,751
2026-08-22,P-03,Dariusz Kaczmarek,N-R03,97.2,odometer,04:22,10:17,23,1112
2026-08-22,P-04,Paweł Zieliński,N-R09,107.7,odometer,04:51,10:02,21,824
2026-08-22,P-05,Janusz Kozłowski,S-R03,89.9,odometer,04:38,09:16,19,922
2026-08-22,P-07,Zbigniew Michalski,S-R01,119.6,odometer,04:18,10:09,21,839
2026-08-22,P-08,Rafał Dudek,N-R05,82.1,odometer,04:49,09:24,18,511
2026-08-22,P-09,Konrad Szewczyk,N-R02,112.9,odometer,04:42,10:05,20,775
2026-08-22,P-11,Jacek Wieczorek,N-R11,74.9,odometer,05:01,10:21,26,993
2026-08-22,P-12,Kinga Dziedzic,S-R05,80.3,odometer,04:45,09:30,19,757
2026-08-22,P-13,Sebastian Jabłoński,N-R07,118.7,odometer,04:58,10:43,24,871
2026-08-22,P-16,Monika Kubiak,N-R12,123.8,odometer,05:05,11:52,31,689
2026-08-22,P-19,Robert Wróbel,N-R01,105.6,odometer,04:39,09:48,18,802
2026-08-22,P-20,Radosław Kalinowski,S-R07,106.3,odometer,05:01,10:22,23,843
2026-08-22,P-21,Michał Kowalczyk,N-R10,118.9,odometer,04:58,10:43,23,807
2026-08-22,P-22,Wojciech Nowicki,N-R06,77.5,odometer,05:09,10:06,28,1050
2026-08-22,P-24,Mariusz Grabowski,N-R04,114.6,odometer,04:26,09:24,17,698
2026-08-22,P-25,Marcin Pawłowski,S-R04,102.9,odometer,04:35,10:07,22,927
2026-08-22,P-30,Tadeusz Baran,N-R08,122.5,odometer,04:46,10:29,21,734
2026-08-22,P-31,Szymon Wróblewski,S-R09,101.8,odometer,04:46,10:14,22,787
2026-08-22,P-33,Krzysztof Górski,N-R15,156.7,odometer,04:45,09:55,13,648
2026-08-22,P-35,Marek Zawadzki,N-R22,97.5,odometer,04:28,09:49,23,1044
2026-08-24,P-03,Dariusz Kaczmarek,N-R03,129.7,odometer,05:00,11:19,25,971
2026-08-24,P-04,Emil Sobczak,N-R09,133.7,odometer,05:00,13:50,40,829
2026-08-24,P-05,Janusz Kozłowski,S-R03,127.9,odometer,04:54,11:15,26,845
2026-08-24,P-07,Zbigniew Michalski,S-R01,117.3,odometer,04:56,11:31,24,957
2026-08-24,P-08,Rafał Dudek,N-R05,89.4,odometer,05:14,10:38,21,575
2026-08-24,P-08,Łukasz Szymański,N-R17,68.8,odometer,13:06,18:37,19,712
2026-08-24,P-10,Radosław Kalinowski,S-R12,98.6,odometer,05:55,12:58,33,831
2026-08-24,P-12,Henryk Walczak,S-R05,93.3,odometer,04:47,09:55,23,653
2026-08-24,P-12,Damian Stępień,S-R15,84.1,odometer,12:31,17:54,20,570
2026-08-24,P-13,Sebastian Jabłoński,N-R07,142.7,odometer,04:46,12:31,32,834
2026-08-24,P-14,Artur Pietrzak,N-R16,95.1,odometer,05:43,11:29,25,826
2026-08-24,P-15,Stanisław Czarnecki,S-R10,91.8,odometer,05:52,11:51,29,828
2026-08-24,P-16,Monika Kubiak,N-R12,135.8,odometer,05:34,13:04,34,766
2026-08-24,P-19,Robert Wróbel,N-R01,133.2,odometer,05:03,11:44,25,888
2026-08-24,P-20,Leszek Ostrowski,S-R07,132.3,odometer,05:16,12:44,24,740
2026-08-24,P-21,Michał Kowalczyk,N-R10,152.1,odometer,04:53,12:02,28,941
2026-08-24,P-22,Wojciech Nowicki,N-R06,104.2,odometer,05:25,12:31,30,1042
2026-08-24,P-24,Mariusz Grabowski,N-R04,159.6,odometer,04:59,11:45,19,799
2026-08-24,P-24,Przemysław Olszewski,N-R20,116.3,odometer,13:14,18:27,18,627
2026-08-24,P-25,Marcin Pawłowski,S-R04,138.7,odometer,04:58,11:19,26,880
2026-08-24,P-26,Agnieszka Lewandowska,N-R13,141.8,odometer,05:05,12:07,28,556
2026-08-24,P-27,Magdalena Jankowska,S-R13,105.1,odometer,05:26,12:59,27,982
2026-08-24,P-30,Tadeusz Baran,N-R08,131.0,odometer,05:30,12:55,28,834
2026-08-24,P-31,Szymon Wróblewski,S-R09,137.8,odometer,05:05,12:06,24,784
2026-08-24,P-33,Krzysztof Górski,N-R15,207.7,odometer,05:27,12:42,17,844
2026-08-24,P-34,Kinga Dziedzic,S-R17,116.5,odometer,04:39,11:12,31,1078
2026-08-24,P-35,Konrad Szewczyk,N-R22,138.7,odometer,04:40,11:04,25,1054
2026-08-24,P-36,Ireneusz Wysocki,S-R18,117.0,odometer,04:43,11:02,22,814
2026-08-24,P-36,Patryk Borkowski,S-R19,97.8,odometer,13:16,18:57,21,733
2026-08-24,P-37,Piotr Adamczyk,N-R23,203.3,odometer,04:52,11:47,17,828
2026-08-24,P-38,Arkadiusz Lis,S-R20,210.1,odometer,05:24,12:20,18,802
2026-08-25,P-03,Dariusz Kaczmarek,N-R03,108.6,odometer,04:46,10:39,28,884
2026-08-25,P-05,Janusz Kozłowski,S-R03,138.8,odometer,05:12,12:01,25,838
2026-08-25,P-07,Zbigniew Michalski,S-R01,124.9,odometer,04:31,10:54,24,1100
2026-08-25,P-08,Rafał Dudek,N-R05,83.4,odometer,05:03,10:30,23,671
2026-08-25,P-08,Łukasz Szymański,N-R17,68.1,odometer,13:02,18:01,22,682
2026-08-25,P-09,Emil Sobczak,N-R02,125.6,odometer,04:57,12:38,34,673
2026-08-25,P-09,Kamil Krawczyk,N-R19,130.8,odometer,12:59,19:51,22,605
2026-08-25,P-10,Radosław Kalinowski,S-R12,85.7,odometer,05:40,11:32,34,694
2026-08-25,P-11,Jacek Wieczorek,N-R11,87.0,odometer,05:16,11:18,33,989
2026-08-25,P-12,Henryk Walczak,S-R05,93.0,odometer,04:51,09:53,21,782
2026-08-25,P-12,Damian Stępień,S-R15,80.0,odometer,13:13,19:09,20,681
2026-08-25,P-13,Sebastian Jabłoński,N-R07,138.6,odometer,05:09,11:45,25,801
2026-08-25,P-14,Artur Pietrzak,N-R16,99.4,odometer,05:46,11:12,28,750
2026-08-25,P-15,Stanisław Czarnecki,S-R10,107.5,odometer,05:58,11:06,22,1032
2026-08-25,P-16,Monika Kubiak,N-R12,133.2,odometer,05:24,12:15,33,726
2026-08-25,P-17B,Waldemar Kasprzak,S-R06,107.7,odometer,05:22,11:52,28,850
2026-08-25,P-18,Ryszard Mróz,S-R11,91.8,odometer,06:04,11:48,32,789
2026-08-25,P-19,Robert Wróbel,N-R01,131.1,odometer,05:12,11:55,24,904
2026-08-25,P-20,Leszek Ostrowski,S-R07,129.0,odometer,05:07,11:25,28,778
2026-08-25,P-21,Michał Kowalczyk,N-R10,135.9,odometer,05:18,12:22,25,767
2026-08-25,P-22,Wojciech Nowicki,N-R06,132.2,odometer,05:32,12:26,29,957
2026-08-25,P-24,Mariusz Grabowski,N-R04,141.3,odometer,05:19,10:40,19,649
2026-08-25,P-24,Przemysław Olszewski,N-R20,127.1,odometer,12:44,18:53,20,705
2026-08-25,P-25,Marcin Pawłowski,S-R04,138.7,odometer,05:17,11:27,26,860
2026-08-25,P-26,Agnieszka Lewandowska,N-R13,114.1,odometer,05:27,12:12,27,629
2026-08-25,P-27,Magdalena Jankowska,S-R13,85.5,odometer,05:25,11:02,32,845
2026-08-25,P-30,Tadeusz Baran,N-R08,161.9,odometer,05:02,12:46,25,859
2026-08-25,P-31,Szymon Wróblewski,S-R09,135.2,odometer,05:07,10:58,24,813
2026-08-25,P-32,Andrzej Zając,S-R16,116.2,odometer,05:52,11:50,25,1041
2026-08-25,P-33,Krzysztof Górski,N-R15,197.3,odometer,05:11,11:59,20,736
2026-08-25,P-34,Kinga Dziedzic,S-R17,117.4,odometer,04:59,11:25,24,973
2026-08-25,P-36,Ireneusz Wysocki,S-R18,139.3,odometer,04:54,10:39,22,785
2026-08-25,P-36,Patryk Borkowski,S-R19,96.9,odometer,13:13,20:19,24,931
2026-08-25,P-38,Arkadiusz Lis,S-R20,230.4,odometer,04:57,12:13,17,905
2026-08-26,P-01,Grzegorz Pawlak,N-R14,222.2,odometer,05:05,12:35,20,828
2026-08-26,P-02,Anna Sadowska,S-R08,96.8,odometer,05:34,12:49,34,851
2026-08-26,P-03,Konrad Szewczyk,N-R03,108.0,odometer,05:11,11:20,30,915
2026-08-26,P-04,Emil Sobczak,N-R09,136.4,odometer,04:37,11:29,28,865
2026-08-26,P-05,Janusz Kozłowski,S-R03,129.2,odometer,05:09,11:54,26,1006
2026-08-26,P-06,Katarzyna Wójcik,N-R21,76.6,odometer,05:16,11:54,35,938
2026-08-26,P-07,Zbigniew Michalski,S-R01,124.5,odometer,04:51,10:56,25,1073
2026-08-26,P-08,Rafał Dudek,N-R05,89.8,odometer,05:01,09:43,19,704
2026-08-26,P-08,Łukasz Szymański,N-R17,69.9,odometer,13:13,17:37,19,523
2026-08-26,P-09,Adam Mazur,N-R02,120.1,odometer,05:09,10:45,22,779
2026-08-26,P-09,Kamil Krawczyk,N-R19,114.4,odometer,13:32,19:12,21,585
2026-08-26,P-10,Radosław Kalinowski,S-R12,104.6,odometer,05:25,12:22,32,722
2026-08-26,P-11,Jacek Wieczorek,N-R11,90.7,odometer,05:33,11:21,34,1054
2026-08-26,P-12,Henryk Walczak,S-R05,92.3,odometer,05:13,10:11,23,734
2026-08-26,P-12,Damian Stępień,S-R15,75.1,odometer,12:57,17:29,22,681
2026-08-26,P-13,Sebastian Jabłoński,N-R07,138.4,odometer,05:09,12:09,26,1007
2026-08-26,P-15,Stanisław Czarnecki,S-R10,107.1,odometer,05:34,10:58,21,1196
2026-08-26,P-16,Monika Kubiak,N-R12,140.3,odometer,05:19,13:20,34,717
2026-08-26,P-17B,Waldemar Kasprzak,S-R06,106.1,odometer,05:18,12:08,29,936
2026-08-26,P-19,Robert Wróbel,N-R01,132.4,odometer,04:34,11:13,25,748
2026-08-26,P-20,Leszek Ostrowski,S-R07,136.1,odometer,05:03,12:13,27,788
2026-08-26,P-21,Michał Kowalczyk,N-R10,133.5,odometer,05:10,12:10,27,793
2026-08-26,P-23,Jerzy Tomaszewski,S-R02,145.0,odometer,05:11,11:55,27,1028
2026-08-26,P-24,Mariusz Grabowski,N-R04,147.2,odometer,05:00,11:05,21,695
2026-08-26,P-24,Przemysław Olszewski,N-R20,124.0,odometer,13:04,18:49,20,695
2026-08-26,P-25,Marcin Pawłowski,S-R04,146.3,odometer,05:01,11:25,29,810
2026-08-26,P-26,Agnieszka Lewandowska,N-R13,131.6,odometer,05:24,12:40,28,773
2026-08-26,P-27,Kinga Dziedzic,S-R13,95.3,odometer,05:32,11:48,29,1093
2026-08-26,P-30,Tadeusz Baran,N-R08,137.7,odometer,05:25,12:19,27,874
2026-08-26,P-31,Szymon Wróblewski,S-R09,140.0,odometer,05:13,13:46,38,652
2026-08-26,P-32,Andrzej Zając,S-R16,112.8,odometer,06:00,12:23,24,807
2026-08-26,P-33,Krzysztof Górski,N-R15,207.1,odometer,05:05,12:19,18,756
2026-08-26,P-34,Wiesław Kołodziej,S-R17,137.7,odometer,05:00,11:40,29,907
2026-08-26,P-35,Marek Zawadzki,N-R22,115.5,odometer,04:35,12:31,36,1046
2026-08-26,P-36,Ireneusz Wysocki,S-R18,133.6,odometer,05:08,11:21,24,859
2026-08-26,P-36,Patryk Borkowski,S-R19,101.7,odometer,13:18,18:35,19,827
2026-08-26,P-37,Piotr Adamczyk,N-R23,204.8,odometer,05:21,12:49,22,800
2026-08-27,P-01,Grzegorz Pawlak,N-R14,185.3,odometer,05:06,11:39,18,677
2026-08-27,P-02,Anna Sadowska,S-R08,85.6,odometer,05:41,11:49,33,829
2026-08-27,P-04,Emil Sobczak,N-R09,133.0,odometer,05:17,12:09,29,833
2026-08-27,P-05,Janusz Kozłowski,S-R03,125.7,odometer,05:00,11:41,29,746
2026-08-27,P-06,Katarzyna Wójcik,N-R21,100.0,odometer,05:41,13:14,37,929
2026-08-27,P-07,Zbigniew Michalski,S-R01,144.2,odometer,04:57,11:34,25,970
2026-08-27,P-08,Rafał Dudek,N-R05,96.6,odometer,04:48,10:24,24,655
2026-08-27,P-08,Łukasz Szymański,N-R17,69.1,odometer,12:47,17:34,17,622
2026-08-27,P-09,Adam Mazur,N-R02,126.2,odometer,05:14,11:03,21,697
2026-08-27,P-09,Kamil Krawczyk,N-R19,125.3,odometer,13:00,18:48,21,686
2026-08-27,P-12,Henryk Walczak,S-R05,93.1,odometer,05:09,10:17,20,769
2026-08-27,P-12,Damian Stępień,S-R15,73.9,odometer,13:04,17:37,20,739
2026-08-27,P-13,Sebastian Jabłoński,N-R07,138.6,odometer,04:57,11:38,25,888
2026-08-27,P-14,Artur Pietrzak,N-R16,117.7,odometer,06:20,12:44,24,897
2026-08-27,P-16,Monika Kubiak,N-R12,130.2,odometer,05:24,12:58,31,947
2026-08-27,P-17B,Waldemar Kasprzak,S-R06,104.3,odometer,05:37,12:04,28,966
2026-08-27,P-18,Ryszard Mróz,S-R11,92.3,odometer,06:01,13:25,37,984
2026-08-27,P-19,Robert Wróbel,N-R01,139.1,odometer,04:41,11:19,24,822
2026-08-27,P-20,Leszek Ostrowski,S-R07,142.5,odometer,05:23,11:43,26,772
2026-08-27,P-21,Michał Kowalczyk,N-R10,149.6,odometer,05:05,11:29,26,694
2026-08-27,P-22,Wojciech Nowicki,N-R06,119.7,odometer,05:44,12:22,32,944
2026-08-27,P-23,Jerzy Tomaszewski,S-R02,130.5,odometer,05:04,12:30,29,1171
2026-08-27,P-24,Mariusz Grabowski,N-R04,142.8,odometer,05:11,10:53,20,780
2026-08-27,P-24,Przemysław Olszewski,N-R20,115.5,odometer,13:18,18:44,20,629
2026-08-27,P-25,Marcin Pawłowski,S-R04,138.0,odometer,04:52,11:31,23,742
2026-08-27,P-26,Agnieszka Lewandowska,N-R13,126.6,odometer,05:12,12:14,25,689
2026-08-27,P-27,Magdalena Jankowska,S-R13,90.2,odometer,05:47,11:59,31,718
2026-08-27,P-30,Tadeusz Baran,N-R08,128.7,odometer,05:22,12:06,25,960
2026-08-27,P-31,Szymon Wróblewski,S-R09,132.9,odometer,05:12,12:16,27,943
2026-08-27,P-33,Krzysztof Górski,N-R15,199.0,odometer,05:18,11:44,15,779
2026-08-27,P-34,Kinga Dziedzic,S-R17,114.3,odometer,04:53,11:08,28,1210
2026-08-27,P-36,Ireneusz Wysocki,S-R18,122.9,odometer,05:12,11:32,24,920
2026-08-27,P-36,Patryk Borkowski,S-R19,100.8,odometer,12:58,19:14,26,837
2026-08-27,P-37,Piotr Adamczyk,N-R23,209.9,odometer,05:12,11:58,16,876
2026-08-27,P-38,Arkadiusz Lis,S-R20,204.6,odometer,05:23,11:56,18,925
2026-08-28,P-01,Grzegorz Pawlak,N-R14,219.3,odometer,05:29,12:31,17,856
2026-08-28,P-02,Anna Sadowska,S-R08,82.5,odometer,05:24,11:35,32,831
2026-08-28,P-03,Dariusz Kaczmarek,N-R03,125.5,odometer,04:50,11:47,29,1158
2026-08-28,P-04,Emil Sobczak,N-R09,132.2,odometer,04:30,11:58,31,770
2026-08-28,P-05,Janusz Kozłowski,S-R03,125.4,odometer,05:19,11:33,25,722
2026-08-28,P-07,Zbigniew Michalski,S-R01,137.9,odometer,04:50,12:19,24,903
2026-08-28,P-08,Rafał Dudek,N-R05,93.8,odometer,04:47,10:33,21,692
2026-08-28,P-08,Łukasz Szymański,N-R17,73.9,odometer,12:59,17:40,20,771
2026-08-28,P-09,Adam Mazur,N-R02,117.6,odometer,05:11,11:30,23,542
2026-08-28,P-09,Kamil Krawczyk,N-R19,132.1,odometer,13:02,19:31,22,664
2026-08-28,P-13,Sebastian Jabłoński,N-R07,136.1,odometer,05:06,10:54,16,783
2026-08-28,P-14,Artur Pietrzak,N-R16,101.8,odometer,05:54,11:16,22,753
2026-08-28,P-15,Stanisław Czarnecki,S-R10,95.9,odometer,05:21,11:52,28,960
2026-08-28,P-16,Monika Kubiak,N-R12,169.6,odometer,05:35,14:05,35,979
2026-08-28,P-17B,Waldemar Kasprzak,S-R06,98.0,odometer,05:17,11:32,28,955
2026-08-28,P-18,Ryszard Mróz,S-R11,123.6,odometer,05:36,13:04,36,829
2026-08-28,P-19,Robert Wróbel,N-R01,127.9,odometer,04:54,10:59,26,922
2026-08-28,P-20,Leszek Ostrowski,S-R07,131.8,odometer,05:27,10:56,18,692
2026-08-28,P-21,Michał Kowalczyk,N-R10,139.8,odometer,05:17,12:10,25,782
2026-08-28,P-22,Wojciech Nowicki,N-R06,99.4,odometer,05:36,11:51,34,794
2026-08-28,P-24,Mariusz Grabowski,N-R04,160.4,odometer,05:01,11:35,21,718
2026-08-28,P-24,Przemysław Olszewski,N-R20,141.2,odometer,13:07,19:34,22,750
2026-08-28,P-25,Marcin Pawłowski,S-R04,138.1,odometer,04:55,11:40,29,886
2026-08-28,P-26,Agnieszka Lewandowska,N-R13,118.0,odometer,05:10,12:49,27,818
2026-08-28,P-29,Dawid Majewski,S-R14,177.7,odometer,05:03,11:08,16,836
2026-08-28,P-30,Tadeusz Baran,N-R08,137.0,odometer,05:02,12:09,28,875
2026-08-28,P-31,Szymon Wróblewski,S-R09,131.5,odometer,04:45,11:08,26,898
2026-08-28,P-32,Andrzej Zając,S-R16,105.8,odometer,05:59,11:58,27,834
2026-08-28,P-33,Krzysztof Górski,N-R15,205.4,odometer,05:15,12:09,16,876
2026-08-28,P-36,Ireneusz Wysocki,S-R18,124.0,odometer,04:44,10:36,22,779
2026-08-28,P-36,Patryk Borkowski,S-R19,100.1,odometer,13:35,18:36,19,953
2026-08-28,P-37,Piotr Adamczyk,N-R23,188.9,odometer,04:38,10:16,15,813
2026-08-28,P-38,Arkadiusz Lis,S-R20,207.0,odometer,04:57,12:08,20,910
2026-08-29,P-02,Anna Sadowska,S-R08,66.4,odometer,05:07,11:12,31,951
2026-08-29,P-03,Dariusz Kaczmarek,N-R03,100.9,odometer,04:35,10:09,21,1004
2026-08-29,P-05,Janusz Kozłowski,S-R03,89.7,odometer,04:27,10:28,34,966
2026-08-29,P-08,Rafał Dudek,N-R05,84.3,odometer,04:48,10:18,20,720
2026-08-29,P-09,Adam Mazur,N-R02,106.1,odometer,04:26,09:55,21,719
2026-08-29,P-11,Jacek Wieczorek,N-R11,74.5,odometer,05:25,11:12,28,881
2026-08-29,P-12,Henryk Walczak,S-R05,81.8,odometer,04:38,09:52,21,717
2026-08-29,P-13,Konrad Szewczyk,N-R07,123.9,odometer,04:30,09:58,20,873
2026-08-29,P-16,Monika Kubiak,N-R12,116.6,odometer,05:16,11:12,28,916
2026-08-29,P-17B,Waldemar Kasprzak,S-R06,76.7,odometer,04:41,09:22,25,882
2026-08-29,P-19,Robert Wróbel,N-R01,118.2,odometer,04:31,10:06,18,895
2026-08-29,P-20,Leszek Ostrowski,S-R07,114.3,odometer,04:27,10:32,25,724
2026-08-29,P-21,Michał Kowalczyk,N-R10,111.1,odometer,05:22,11:11,25,812
2026-08-29,P-22,Wojciech Nowicki,N-R06,82.1,odometer,05:27,11:09,24,898
2026-08-29,P-23,Jerzy Tomaszewski,S-R02,92.8,odometer,04:37,09:51,24,1075
2026-08-29,P-25,Marcin Pawłowski,S-R04,101.8,odometer,04:51,09:56,22,841
2026-08-29,P-26,Agnieszka Lewandowska,N-R13,91.9,odometer,05:09,11:20,19,891
2026-08-29,P-30,Tadeusz Baran,N-R08,115.2,odometer,04:50,10:18,22,856
2026-08-29,P-31,Szymon Wróblewski,S-R09,97.1,odometer,05:03,09:59,20,622
2026-08-29,P-33,Krzysztof Górski,N-R15,153.6,odometer,04:38,09:46,19,749
2026-08-29,P-35,Marek Zawadzki,N-R22,128.6,odometer,04:11,10:07,26,1002
2026-08-29,P-36,Ireneusz Wysocki,S-R18,100.1,odometer,04:54,09:53,20,952
2026-08-31,P-01,Grzegorz Pawlak,N-R14,214.2,odometer,04:54,11:58,20,721
2026-08-31,P-02,Anna Sadowska,S-R08,87.6,odometer,05:59,12:43,35,1017
2026-08-31,P-03,Dariusz Kaczmarek,N-R03,114.2,odometer,05:10,11:45,26,1014
2026-08-31,P-04,Emil Sobczak,N-R09,135.2,odometer,05:04,13:23,29,944
2026-08-31,P-05,Janusz Kozłowski,S-R03,139.6,odometer,04:53,11:19,23,844
2026-08-31,P-06,Katarzyna Wójcik,N-R21,82.0,odometer,05:47,13:18,37,891
2026-08-31,P-07,Zbigniew Michalski,S-R01,129.5,odometer,04:45,11:09,25,1031
2026-08-31,P-08,Rafał Dudek,N-R05,94.9,odometer,05:07,10:41,22,654
2026-08-31,P-08,Łukasz Szymański,N-R17,80.2,odometer,13:02,17:35,19,701
2026-08-31,P-09,Adam Mazur,N-R02,128.5,odometer,05:08,12:05,25,750
2026-08-31,P-09,Kamil Krawczyk,N-R19,128.5,odometer,13:18,20:04,20,707
2026-08-31,P-10,Radosław Kalinowski,S-R12,101.3,odometer,05:59,12:30,31,600
2026-08-31,P-12,Henryk Walczak,S-R05,96.4,odometer,05:15,11:14,22,777
2026-08-31,P-12,Damian Stępień,S-R15,87.2,odometer,13:08,18:26,19,658
2026-08-31,P-13,Sebastian Jabłoński,N-R07,141.5,odometer,04:54,11:32,27,841
2026-08-31,P-14,Artur Pietrzak,N-R16,93.5,odometer,05:48,11:49,26,736
2026-08-31,P-15,Stanisław Czarnecki,S-R10,107.6,odometer,05:36,13:13,34,890
2026-08-31,P-16,Monika Kubiak,N-R12,135.3,odometer,05:04,13:22,36,796
2026-08-31,P-17B,Waldemar Kasprzak,S-R06,100.7,odometer,05:27,11:24,29,917
2026-08-31,P-18,Ryszard Mróz,S-R11,91.6,odometer,05:32,12:13,30,1057
2026-08-31,P-19,Robert Wróbel,N-R01,130.1,odometer,04:59,10:54,23,791
2026-08-31,P-20,Leszek Ostrowski,S-R07,132.3,odometer,05:05,11:58,24,856
2026-08-31,P-21,Michał Kowalczyk,N-R10,142.2,odometer,05:23,11:57,27,880
2026-08-31,P-22,Wojciech Nowicki,N-R06,110.7,odometer,05:24,11:45,26,838
2026-08-31,P-23,Jerzy Tomaszewski,S-R02,127.6,odometer,04:53,12:10,28,1215
2026-08-31,P-24,Mariusz Grabowski,N-R04,133.4,odometer,05:08,11:03,20,688
2026-08-31,P-24,Przemysław Olszewski,N-R20,130.9,odometer,13:25,19:08,16,591
2026-08-31,P-25,Marcin Pawłowski,S-R04,138.1,odometer,04:50,11:27,24,762
2026-08-31,P-26,Agnieszka Lewandowska,N-R13,113.5,odometer,05:22,11:39,27,824
2026-08-31,P-27,Magdalena Jankowska,S-R13,105.0,odometer,05:21,11:25,27,894
2026-08-31,P-28,Bartosz Sikora,N-R18,117.2,odometer,05:56,12:34,26,838
2026-08-31,P-29,Dawid Majewski,S-R14,196.3,odometer,05:26,12:07,17,789
2026-08-31,P-30,Tadeusz Baran,N-R08,134.6,odometer,05:00,12:22,28,840
2026-08-31,P-31,Szymon Wróblewski,S-R09,135.0,odometer,04:46,11:25,27,788
2026-08-31,P-32,Andrzej Zając,S-R16,110.0,odometer,06:16,11:33,27,733
2026-08-31,P-33,Krzysztof Górski,N-R15,197.6,odometer,04:53,11:42,20,821
2026-08-31,P-34,Kinga Dziedzic,S-R17,137.7,odometer,04:27,12:32,31,1153
2026-08-31,P-36,Ireneusz Wysocki,S-R18,138.1,odometer,05:03,11:49,23,763
2026-08-31,P-36,Patryk Borkowski,S-R19,99.0,odometer,13:07,18:49,20,784
2026-08-31,P-38,Arkadiusz Lis,S-R20,214.3,odometer,05:03,11:56,16,900
2026-09-01,P-01,Grzegorz Pawlak,N-R14,205.4,odometer,05:21,12:14,19,834
2026-09-01,P-03,Konrad Szewczyk,N-R03,114.3,odometer,05:02,11:16,24,1085
2026-09-01,P-04,Emil Sobczak,N-R09,131.3,odometer,04:49,11:55,27,911
2026-09-01,P-05,Radosław Kalinowski,S-R03,121.3,odometer,05:10,12:28,29,882
2026-09-01,P-06,Katarzyna Wójcik,N-R21,75.2,odometer,05:42,13:13,34,1062
2026-09-01,P-07,Zbigniew Michalski,S-R01,132.8,odometer,04:54,11:12,26,956
2026-09-01,P-08,Rafał Dudek,N-R05,90.8,odometer,05:04,10:53,22,564
2026-09-01,P-08,Łukasz Szymański,N-R17,67.0,odometer,12:40,16:43,21,637
2026-09-01,P-09,Adam Mazur,N-R02,122.8,odometer,05:01,10:48,22,593
2026-09-01,P-09,Kamil Krawczyk,N-R19,110.4,odometer,12:45,17:48,22,645
2026-09-01,P-10,Kinga Dziedzic,S-R12,93.1,odometer,05:27,13:00,35,655
2026-09-01,P-11,Jacek Wieczorek,N-R11,99.2,odometer,05:23,11:16,33,1049
2026-09-01,P-12,Henryk Walczak,S-R05,94.7,odometer,04:55,11:37,21,658
2026-09-01,P-12,Damian Stępień,S-R15,74.0,odometer,12:45,18:09,21,564
2026-09-01,P-13,Sebastian Jabłoński,N-R07,137.0,odometer,04:39,11:31,28,911
2026-09-01,P-14,Artur Pietrzak,N-R16,103.4,odometer,06:12,12:05,24,791
2026-09-01,P-15,Stanisław Czarnecki,S-R10,97.9,odometer,05:42,12:07,26,862
2026-09-01,P-16,Monika Kubiak,N-R12,158.2,odometer,05:06,13:32,37,975
2026-09-01,P-17B,Waldemar Kasprzak,S-R06,101.5,odometer,04:57,10:59,24,880
2026-09-01,P-18,Ryszard Mróz,S-R11,88.6,odometer,05:33,13:07,35,937
2026-09-01,P-19,Robert Wróbel,N-R01,145.3,odometer,04:31,11:36,25,840
2026-09-01,P-20,Leszek Ostrowski,S-R07,126.5,odometer,05:12,11:40,27,760
2026-09-01,P-21,Michał Kowalczyk,N-R10,135.5,odometer,05:15,11:54,25,810
2026-09-01,P-23,Jerzy Tomaszewski,S-R02,116.5,odometer,04:42,11:00,25,944
2026-09-01,P-24,Mariusz Grabowski,N-R04,160.5,odometer,05:29,11:51,20,834
2026-09-01,P-24,Przemysław Olszewski,N-R20,139.0,odometer,13:12,18:58,17,666
2026-09-01,P-25,Marcin Pawłowski,S-R04,140.8,odometer,05:01,12:41,26,878
2026-09-01,P-26,Agnieszka Lewandowska,N-R13,134.3,odometer,04:52,11:16,23,630
2026-09-01,P-27,Magdalena Jankowska,S-R13,107.8,odometer,05:02,12:00,28,1001
2026-09-01,P-29,Dawid Majewski,S-R14,237.1,odometer,05:27,14:15,17,858
2026-09-01,P-30,Tadeusz Baran,N-R08,137.8,odometer,04:55,11:48,26,891
2026-09-01,P-31,Szymon Wróblewski,S-R09,136.3,odometer,04:48,11:32,25,836
2026-09-01,P-33,Krzysztof Górski,N-R15,191.4,odometer,05:11,11:59,19,859
2026-09-01,P-34,Wiesław Kołodziej,S-R17,121.3,odometer,04:25,10:59,30,1001
2026-09-01,P-35,Marek Zawadzki,N-R22,110.1,odometer,04:55,11:13,26,947
2026-09-01,P-36,Ireneusz Wysocki,S-R18,115.0,odometer,05:01,10:50,27,801
2026-09-01,P-36,Patryk Borkowski,S-R19,114.5,odometer,13:05,18:18,21,876
2026-09-01,P-37,Piotr Adamczyk,N-R23,219.6,odometer,05:25,12:29,17,724
2026-09-01,P-38,Arkadiusz Lis,S-R20,182.9,odometer,05:17,11:26,17,704
2026-09-02,P-01,Grzegorz Pawlak,N-R14,190.6,odometer,05:08,11:13,19,801
2026-09-02,P-02,Anna Sadowska,S-R08,97.7,odometer,05:35,12:53,38,947
2026-09-02,P-03,Dariusz Kaczmarek,N-R03,120.0,odometer,04:44,11:15,24,956
2026-09-02,P-04,Emil Sobczak,N-R09,144.6,odometer,04:51,12:30,31,848
2026-09-02,P-05,Janusz Kozłowski,S-R03,127.6,odometer,05:09,12:10,27,884
2026-09-02,P-06,Katarzyna Wójcik,N-R21,82.6,odometer,05:27,11:37,34,1010
2026-09-02,P-07,Zbigniew Michalski,S-R01,124.3,odometer,05:04,11:41,29,1040
2026-09-02,P-08,Rafał Dudek,N-R05,87.3,odometer,05:04,10:00,22,650
2026-09-02,P-08,Konrad Szewczyk,N-R17,81.7,odometer,12:38,17:12,19,661
2026-09-02,P-09,Adam Mazur,N-R02,127.0,odometer,04:42,10:57,22,715
2026-09-02,P-09,Kamil Krawczyk,N-R19,107.0,odometer,13:10,18:52,21,597
2026-09-02,P-10,Radosław Kalinowski,S-R12,87.9,odometer,05:38,12:32,31,718
2026-09-02,P-11,Jacek Wieczorek,N-R11,92.5,odometer,05:20,11:58,33,967
2026-09-02,P-12,Henryk Walczak,S-R05,107.6,odometer,04:55,10:39,20,766
2026-09-02,P-12,Damian Stępień,S-R15,76.9,odometer,12:53,16:48,20,773
2026-09-02,P-13,Sebastian Jabłoński,N-R07,145.4,odometer,04:44,11:43,25,849
2026-09-02,P-14,Artur Pietrzak,N-R16,108.6,odometer,05:28,11:06,24,918
2026-09-02,P-15,Stanisław Czarnecki,S-R10,101.3,odometer,05:55,12:01,27,1015
2026-09-02,P-16,Monika Kubiak,N-R12,153.4,odometer,05:06,12:28,32,633
2026-09-02,P-17B,Waldemar Kasprzak,S-R06,138.9,odometer,04:49,11:37,28,1010
2026-09-02,P-18,Ryszard Mróz,S-R11,75.0,odometer,05:42,11:22,34,868
2026-09-02,P-20,Leszek Ostrowski,S-R07,123.4,odometer,04:53,11:06,22,815
2026-09-02,P-21,Michał Kowalczyk,N-R10,133.9,odometer,05:32,12:51,28,778
2026-09-02,P-22,Wojciech Nowicki,N-R06,109.1,odometer,05:42,12:03,31,922
2026-09-02,P-24,Mariusz Grabowski,N-R04,145.0,odometer,04:49,11:12,21,638
2026-09-02,P-24,Przemysław Olszewski,N-R20,122.4,odometer,12:48,17:57,20,687
2026-09-02,P-25,Marcin Pawłowski,S-R04,136.3,odometer,05:09,13:28,26,720
2026-09-02,P-26,Agnieszka Lewandowska,N-R13,112.4,odometer,05:30,12:03,27,646
2026-09-02,P-27,Magdalena Jankowska,S-R13,90.0,odometer,05:17,11:24,28,825
2026-09-02,P-28,Bartosz Sikora,N-R18,108.6,odometer,05:52,12:15,25,809
2026-09-02,P-29,Dawid Majewski,S-R14,220.6,odometer,04:55,11:55,17,911
2026-09-02,P-30,Tadeusz Baran,N-R08,127.0,odometer,05:07,11:59,26,754
2026-09-02,P-31,Szymon Wróblewski,S-R09,138.5,odometer,05:14,11:26,27,882
2026-09-02,P-32,Andrzej Zając,S-R16,106.2,odometer,06:00,11:20,24,820
2026-09-02,P-33,Krzysztof Górski,N-R15,197.2,odometer,05:12,12:17,19,837
2026-09-02,P-34,Kinga Dziedzic,S-R17,110.9,odometer,04:55,11:14,25,821
2026-09-02,P-35,Marek Zawadzki,N-R22,101.3,odometer,04:48,11:05,34,1203
2026-09-02,P-36,Ireneusz Wysocki,S-R18,118.9,odometer,04:54,10:39,22,835
2026-09-02,P-36,Patryk Borkowski,S-R19,118.0,odometer,13:28,19:09,20,849
2026-09-02,P-37,Piotr Adamczyk,N-R23,226.4,odometer,05:01,11:40,16,793
2026-09-02,P-38,Arkadiusz Lis,S-R20,188.3,odometer,05:07,11:04,17,991
2026-09-03,P-01,Grzegorz Pawlak,N-R14,211.8,odometer,05:01,12:19,21,931
2026-09-03,P-02,Anna Sadowska,S-R08,83.7,odometer,05:34,12:33,38,880
2026-09-03,P-03,Dariusz Kaczmarek,N-R03,113.1,odometer,05:18,11:57,32,946
2026-09-03,P-06,Katarzyna Wójcik,N-R21,66.2,odometer,05:45,11:31,35,842
2026-09-03,P-07,Zbigniew Michalski,S-R01,136.6,odometer,04:33,10:52,24,1003
2026-09-03,P-08,Rafał Dudek,N-R05,91.5,odometer,05:14,11:06,26,686
2026-09-03,P-08,Łukasz Szymański,N-R17,70.4,odometer,13:09,17:17,18,657
2026-09-03,P-09,Adam Mazur,N-R02,123.5,odometer,05:21,11:32,23,790
2026-09-03,P-09,Kamil Krawczyk,N-R19,102.8,odometer,13:16,18:53,26,507
2026-09-03,P-10,Radosław Kalinowski,S-R12,129.4,odometer,05:40,12:41,34,936
2026-09-03,P-11,Jacek Wieczorek,N-R11,87.8,odometer,05:48,12:03,32,781
2026-09-03,P-12,Henryk Walczak,S-R05,90.4,odometer,04:56,10:40,23,672
2026-09-03,P-12,Damian Stępień,S-R15,82.5,odometer,13:05,17:53,18,624
2026-09-03,P-13,Sebastian Jabłoński,N-R07,140.2,odometer,05:12,11:27,22,724
2026-09-03,P-14,Artur Pietrzak,N-R16,106.8,odometer,06:16,12:14,26,810
2026-09-03,P-15,Stanisław Czarnecki,S-R10,79.4,odometer,05:47,12:00,31,1008
2026-09-03,P-16,Monika Kubiak,N-R12,135.1,odometer,05:37,13:54,34,897
2026-09-03,P-17B,Waldemar Kasprzak,S-R06,120.6,odometer,05:23,11:58,25,728
2026-09-03,P-18,Ryszard Mróz,S-R11,93.6,odometer,05:54,13:27,36,658
2026-09-03,P-19,Konrad Szewczyk,N-R01,131.0,odometer,04:21,10:42,25,755
2026-09-03,P-20,Leszek Ostrowski,S-R07,139.5,odometer,05:09,11:48,25,830
2026-09-03,P-21,Michał Kowalczyk,N-R10,132.6,odometer,05:00,10:01,19,837
2026-09-03,P-22,Wojciech Nowicki,N-R06,104.9,odometer,05:15,11:10,32,895
2026-09-03,P-23,Jerzy Tomaszewski,S-R02,129.8,odometer,04:38,11:10,25,964
2026-09-03,P-24,Mariusz Grabowski,N-R04,163.9,odometer,05:02,12:10,20,748
2026-09-03,P-24,Przemysław Olszewski,N-R20,121.4,odometer,13:07,18:43,17,771
2026-09-03,P-25,Marcin Pawłowski,S-R04,142.5,odometer,05:05,11:19,23,838
2026-09-03,P-26,Agnieszka Lewandowska,N-R13,120.5,odometer,05:22,11:49,24,903
2026-09-03,P-27,Magdalena Jankowska,S-R13,89.4,odometer,05:27,10:32,28,962
2026-09-03,P-28,Bartosz Sikora,N-R18,95.8,odometer,05:55,11:33,27,665
2026-09-03,P-29,Dawid Majewski,S-R14,194.2,odometer,04:45,11:23,20,742
2026-09-03,P-30,Tadeusz Baran,N-R08,132.3,odometer,05:09,11:50,28,873
2026-09-03,P-31,Szymon Wróblewski,S-R09,132.3,odometer,04:55,11:51,29,843
2026-09-03,P-32,Andrzej Zając,S-R16,134.8,odometer,06:13,12:24,24,855
2026-09-03,P-33,Krzysztof Górski,N-R15,196.7,odometer,04:46,11:07,15,677
2026-09-03,P-34,Kinga Dziedzic,S-R17,128.9,odometer,04:22,10:50,27,924
2026-09-03,P-35,Marek Zawadzki,N-R22,108.3,odometer,04:43,09:54,23,959
2026-09-03,P-36,Ireneusz Wysocki,S-R18,112.4,odometer,05:00,11:08,25,675
2026-09-03,P-36,Patryk Borkowski,S-R19,103.2,odometer,12:49,17:46,20,770
2026-09-03,P-37,Piotr Adamczyk,N-R23,187.2,odometer,04:52,10:47,16,797
2026-09-04,P-01,Grzegorz Pawlak,N-R14,207.9,odometer,04:45,11:48,19,807
2026-09-04,P-02,Anna Sadowska,S-R08,89.0,odometer,05:43,12:59,37,914
2026-09-04,P-03,Konrad Szewczyk,N-R03,109.2,odometer,04:54,11:24,27,994
2026-09-04,P-04,Emil Sobczak,N-R09,135.8,odometer,05:10,11:01,27,831
2026-09-04,P-05,Janusz Kozłowski,S-R03,128.9,odometer,04:49,10:16,21,844
2026-09-04,P-06,Katarzyna Wójcik,N-R21,89.5,odometer,05:41,11:31,31,908
2026-09-04,P-07,Kinga Dziedzic,S-R01,108.8,odometer,04:52,09:45,24,1033
2026-09-04,P-08,Rafał Dudek,N-R05,85.0,odometer,05:01,09:45,20,710
2026-09-04,P-08,Łukasz Szymański,N-R17,78.5,odometer,12:57,17:40,19,721
2026-09-04,P-09,Adam Mazur,N-R02,135.0,odometer,05:10,11:20,14,722
2026-09-04,P-09,Kamil Krawczyk,N-R19,102.2,odometer,13:03,19:18,31,711
2026-09-04,P-10,Radosław Kalinowski,S-R12,96.7,odometer,05:54,13:31,35,695
2026-09-04,P-11,Jacek Wieczorek,N-R11,95.7,odometer,05:20,12:25,34,681
2026-09-04,P-12,Henryk Walczak,S-R05,87.0,odometer,05:03,10:53,23,672
2026-09-04,P-12,Damian Stępień,S-R15,75.0,odometer,13:14,18:01,19,529
2026-09-04,P-13,Sebastian Jabłoński,N-R07,146.0,odometer,05:08,11:37,23,633
2026-09-04,P-14,Artur Pietrzak,N-R16,81.3,odometer,06:03,10:50,24,569
2026-09-04,P-15,Stanisław Czarnecki,S-R10,90.6,odometer,05:29,10:15,25,935
2026-09-04,P-16,Monika Kubiak,N-R12,134.4,odometer,05:13,12:22,30,750
2026-09-04,P-17B,Waldemar Kasprzak,S-R06,111.3,odometer,05:12,11:19,28,931
2026-09-04,P-18,Ryszard Mróz,S-R11,101.5,odometer,05:20,12:34,36,717
2026-09-04,P-19,Robert Wróbel,N-R01,129.0,odometer,05:00,10:58,22,968
2026-09-04,P-20,Leszek Ostrowski,S-R07,133.5,odometer,05:10,12:00,28,924
2026-09-04,P-21,Michał Kowalczyk,N-R10,137.3,odometer,05:13,11:36,26,785
2026-09-04,P-22,Wojciech Nowicki,N-R06,105.0,odometer,05:17,11:24,28,760
2026-09-04,P-23,Jerzy Tomaszewski,S-R02,126.3,odometer,05:09,11:01,27,1049
2026-09-04,P-24,Mariusz Grabowski,N-R04,138.3,odometer,04:38,09:45,17,705
2026-09-04,P-24,Przemysław Olszewski,N-R20,121.8,odometer,13:37,18:50,19,765
2026-09-04,P-25,Marcin Pawłowski,S-R04,138.2,odometer,05:06,11:47,26,863
2026-09-04,P-26,Agnieszka Lewandowska,N-R13,120.1,odometer,05:40,11:38,27,842
2026-09-04,P-27,Magdalena Jankowska,S-R13,89.5,odometer,05:19,11:52,28,970
2026-09-04,P-28,Bartosz Sikora,N-R18,120.6,odometer,05:56,12:51,27,738
2026-09-04,P-29,Dawid Majewski,S-R14,237.0,odometer,05:22,12:34,16,779
2026-09-04,P-31,Szymon Wróblewski,S-R09,132.3,odometer,05:01,11:00,23,820
2026-09-04,P-32,Andrzej Zając,S-R16,112.7,odometer,05:58,11:56,26,951
2026-09-04,P-33,Krzysztof Górski,N-R15,188.6,odometer,05:06,11:14,19,878
2026-09-04,P-34,Wiesław Kołodziej,S-R17,115.3,odometer,04:44,10:33,24,1132
2026-09-04,P-35,Marek Zawadzki,N-R22,111.9,odometer,05:01,12:51,33,1169
2026-09-04,P-36,Ireneusz Wysocki,S-R18,138.0,odometer,05:11,12:03,22,902
2026-09-04,P-36,Patryk Borkowski,S-R19,94.4,odometer,13:17,18:50,24,809
2026-09-04,P-37,Piotr Adamczyk,N-R23,198.1,odometer,05:01,12:19,15,784
2026-09-04,P-38,Arkadiusz Lis,S-R20,206.5,odometer,05:20,13:20,18,860
2026-09-05,P-02,Anna Sadowska,S-R08,59.0,odometer,05:35,10:25,31,819
2026-09-05,P-03,Dariusz Kaczmarek,N-R03,97.6,odometer,04:29,09:42,26,942
2026-09-05,P-04,Emil Sobczak,N-R09,110.6,odometer,04:47,10:03,23,922
2026-09-05,P-05,Janusz Kozłowski,S-R03,95.6,odometer,04:40,10:08,25,847
2026-09-05,P-07,Zbigniew Michalski,S-R01,94.1,odometer,04:26,10:05,31,1235
2026-09-05,P-08,Rafał Dudek,N-R05,75.6,odometer,04:47,09:01,19,713
2026-09-05,P-09,Adam Mazur,N-R02,110.0,odometer,04:26,10:14,20,643
2026-09-05,P-11,Konrad Szewczyk,N-R11,70.8,odometer,05:31,10:16,24,913
2026-09-05,P-12,Henryk Walczak,S-R05,94.5,odometer,04:37,09:38,16,650
2026-09-05,P-13,Sebastian Jabłoński,N-R07,118.9,odometer,04:48,10:25,22,873
2026-09-05,P-16,Monika Kubiak,N-R12,120.4,odometer,05:13,11:23,26,829
2026-09-05,P-17B,Waldemar Kasprzak,S-R06,81.3,odometer,05:00,10:16,20,798
2026-09-05,P-19,Robert Wróbel,N-R01,111.7,odometer,04:25,09:34,18,883
2026-09-05,P-21,Michał Kowalczyk,N-R10,113.1,odometer,05:02,10:24,22,903
2026-09-05,P-22,Wojciech Nowicki,N-R06,91.5,odometer,04:54,10:25,26,722
2026-09-05,P-23,Jerzy Tomaszewski,S-R02,90.3,odometer,04:40,10:12,25,921
2026-09-05,P-25,Marcin Pawłowski,S-R04,103.5,odometer,04:36,09:45,21,858
2026-09-05,P-26,Agnieszka Lewandowska,N-R13,103.6,odometer,05:13,10:51,21,658
2026-09-05,P-30,Tadeusz Baran,N-R08,118.1,odometer,04:40,10:33,23,738
2026-09-05,P-31,Szymon Wróblewski,S-R09,106.5,odometer,04:41,10:02,24,796
2026-09-05,P-33,Krzysztof Górski,N-R15,147.1,odometer,04:49,10:00,16,722
2026-09-05,P-34,Kinga Dziedzic,S-R17,94.1,odometer,04:44,10:13,29,943
2026-09-05,P-35,Marek Zawadzki,N-R22,93.6,odometer,04:28,09:53,21,1004
2026-09-07,P-01,Grzegorz Pawlak,N-R14,205.6,odometer,05:16,12:43,19,734
2026-09-07,P-02,Anna Sadowska,S-R08,75.8,odometer,05:09,12:00,35,719
2026-09-07,P-03,Dariusz Kaczmarek,N-R03,132.9,odometer,04:54,11:18,25,1157
2026-09-07,P-04,Paweł Zieliński,N-R09,131.9,odometer,05:09,11:40,28,918
2026-09-07,P-05,Janusz Kozłowski,S-R03,127.7,odometer,04:59,11:16,25,777
2026-09-07,P-06,Katarzyna Wójcik,N-R21,80.4,odometer,06:07,11:46,32,947
2026-09-07,P-07,Zbigniew Michalski,S-R01,133.1,odometer,04:39,11:13,25,1125
2026-09-07,P-08,Rafał Dudek,N-R05,86.2,odometer,05:10,10:26,23,746
2026-09-07,P-08,Łukasz Szymański,N-R17,84.3,odometer,13:05,18:32,19,737
2026-09-07,P-09,Adam Mazur,N-R02,136.2,odometer,04:47,11:48,26,705
2026-09-07,P-09,Kamil Krawczyk,N-R19,110.7,odometer,12:58,18:41,20,722
2026-09-07,P-10,Joanna Król,S-R12,93.5,odometer,05:40,11:54,30,777
2026-09-07,P-12,Henryk Walczak,S-R05,96.9,odometer,04:54,10:51,21,780
2026-09-07,P-12,Damian Stępień,S-R15,77.3,odometer,12:57,17:32,20,718
2026-09-07,P-13,Sebastian Jabłoński,N-R07,138.7,odometer,04:58,11:44,28,899
2026-09-07,P-14,Artur Pietrzak,N-R16,93.8,odometer,05:57,11:32,26,923
2026-09-07,P-15,Stanisław Czarnecki,S-R10,91.1,odometer,06:00,12:16,27,964
2026-09-07,P-16,Monika Kubiak,N-R12,158.4,odometer,05:32,14:19,38,757
2026-09-07,P-17B,Waldemar Kasprzak,S-R06,122.0,odometer,05:25,12:19,26,1094
2026-09-07,P-18,Ryszard Mróz,S-R11,79.9,odometer,05:51,12:46,34,815
2026-09-07,P-19,Robert Wróbel,N-R01,137.6,odometer,04:56,11:15,23,780
2026-09-07,P-20,Leszek Ostrowski,S-R07,135.4,odometer,04:58,12:07,24,897
2026-09-07,P-21,Michał Kowalczyk,N-R10,142.1,odometer,05:26,12:34,26,864
2026-09-07,P-22,Wojciech Nowicki,N-R06,95.7,odometer,05:26,11:34,31,872
2026-09-07,P-23,Jerzy Tomaszewski,S-R02,131.0,odometer,04:39,11:19,26,1207
2026-09-07,P-25,Marcin Pawłowski,S-R04,140.2,odometer,04:33,11:25,29,739
2026-09-07,P-26,Konrad Szewczyk,N-R13,126.5,odometer,05:00,11:57,24,808
2026-09-07,P-27,Magdalena Jankowska,S-R13,99.0,odometer,05:22,12:16,29,903
2026-09-07,P-28,Bartosz Sikora,N-R18,106.1,odometer,05:38,12:32,31,914
2026-09-07,P-29,Dawid Majewski,S-R14,197.2,odometer,05:20,11:11,15,742
2026-09-07,P-30,Tadeusz Baran,N-R08,135.1,odometer,05:02,14:06,28,857
2026-09-07,P-31,Szymon Wróblewski,S-R09,131.0,odometer,05:10,12:27,27,919
2026-09-07,P-32,Andrzej Zając,S-R16,91.7,odometer,06:08,11:18,25,923
2026-09-07,P-33,Krzysztof Górski,N-R15,203.3,odometer,05:05,12:05,21,822
2026-09-07,P-34,Wiesław Kołodziej,S-R17,129.3,odometer,04:58,11:37,27,1080
2026-09-07,P-35,Marek Zawadzki,N-R22,114.1,odometer,05:00,11:31,24,1079
2026-09-07,P-36,Ireneusz Wysocki,S-R18,117.6,odometer,04:58,10:52,24,822
2026-09-07,P-36,Patryk Borkowski,S-R19,108.9,odometer,13:07,19:10,23,802
2026-09-07,P-37,Piotr Adamczyk,N-R23,214.8,odometer,05:12,12:41,18,717
2026-09-07,P-38,Arkadiusz Lis,S-R20,211.4,odometer,04:55,11:41,15,776
2026-09-08,P-01,Grzegorz Pawlak,N-R14,207.0,odometer,05:29,12:28,17,845
2026-09-08,P-02,Anna Sadowska,S-R08,87.4,odometer,05:37,12:16,37,867
2026-09-08,P-03,Dariusz Kaczmarek,N-R03,121.2,odometer,04:50,11:21,27,1064
2026-09-08,P-04,Paweł Zieliński,N-R09,134.5,odometer,04:38,11:34,29,820
2026-09-08,P-05,Janusz Kozłowski,S-R03,124.5,odometer,04:54,11:21,27,879
2026-09-08,P-06,Katarzyna Wójcik,N-R21,105.1,odometer,05:41,12:25,33,811
2026-09-08,P-07,Zbigniew Michalski,S-R01,110.8,odometer,05:00,11:58,29,1073
2026-09-08,P-08,Rafał Dudek,N-R05,89.6,odometer,04:55,10:20,22,712
2026-09-08,P-08,Łukasz Szymański,N-R17,77.7,odometer,12:58,17:22,16,651
2026-09-08,P-09,Adam Mazur,N-R02,133.2,odometer,05:19,11:45,27,682
2026-09-08,P-09,Kamil Krawczyk,N-R19,112.2,odometer,12:49,18:31,21,661
2026-09-08,P-10,Joanna Król,S-R12,85.0,odometer,06:08,11:50,32,678
2026-09-08,P-11,Jacek Wieczorek,N-R11,133.7,odometer,05:15,13:28,35,1048
2026-09-08,P-12,Henryk Walczak,S-R05,97.1,odometer,05:13,10:34,18,740
2026-09-08,P-12,Damian Stępień,S-R15,79.6,odometer,13:04,18:25,18,468
2026-09-08,P-13,Sebastian Jabłoński,N-R07,134.8,odometer,04:59,11:22,25,691
2026-09-08,P-14,Artur Pietrzak,N-R16,91.1,odometer,05:54,11:13,20,771
2026-09-08,P-15,Stanisław Czarnecki,S-R10,87.3,odometer,05:44,11:32,29,801
2026-09-08,P-16,Monika Kubiak,N-R12,138.4,odometer,04:47,12:25,37,778
2026-09-08,P-17B,Waldemar Kasprzak,S-R06,100.0,odometer,05:32,11:11,30,845
2026-09-08,P-18,Ryszard Mróz,S-R11,106.8,odometer,05:46,12:56,33,967
2026-09-08,P-19,Robert Wróbel,N-R01,135.0,odometer,04:52,11:01,23,725
2026-09-08,P-20,Leszek Ostrowski,S-R07,132.5,odometer,04:55,12:02,28,723
2026-09-08,P-21,Michał Kowalczyk,N-R10,139.2,odometer,05:26,12:05,25,744
2026-09-08,P-22,Wojciech Nowicki,N-R06,98.3,odometer,05:09,11:21,27,930
2026-09-08,P-23,Jerzy Tomaszewski,S-R02,118.0,odometer,04:55,11:24,25,973
2026-09-08,P-24,Mariusz Grabowski,N-R04,137.5,odometer,05:06,11:32,20,707
2026-09-08,P-24,Przemysław Olszewski,N-R20,125.7,odometer,13:09,19:33,16,722
2026-09-08,P-25,Marcin Pawłowski,S-R04,142.9,odometer,05:10,10:56,23,840
2026-09-08,P-26,Agnieszka Lewandowska,N-R13,120.9,odometer,05:16,11:46,26,766
2026-09-08,P-27,Magdalena Jankowska,S-R13,98.5,odometer,05:36,11:29,28,992
2026-09-08,P-28,Bartosz Sikora,N-R18,103.1,odometer,05:59,10:52,25,836
2026-09-08,P-29,Dawid Majewski,S-R14,218.6,odometer,04:52,11:25,16,682
2026-09-08,P-30,Tadeusz Baran,N-R08,129.5,odometer,05:22,10:51,21,799
2026-09-08,P-31,Szymon Wróblewski,S-R09,132.7,odometer,04:48,10:56,26,748
2026-09-08,P-32,Andrzej Zając,S-R16,117.0,odometer,06:00,12:18,24,705
2026-09-08,P-33,Krzysztof Górski,N-R15,202.5,odometer,04:33,11:03,15,883
2026-09-08,P-35,Marek Zawadzki,N-R22,118.4,odometer,04:56,11:37,26,943
2026-09-08,P-36,Kinga Dziedzic,S-R18,118.6,odometer,05:15,11:13,24,901
2026-09-08,P-36,Patryk Borkowski,S-R19,95.2,odometer,12:52,18:07,23,693
2026-09-08,P-38,Arkadiusz Lis,S-R20,201.8,odometer,05:04,12:08,21,954
2026-09-09,P-01,Grzegorz Pawlak,N-R14,222.8,odometer,04:39,11:53,19,1050
2026-09-09,P-02,Anna Sadowska,S-R08,78.1,odometer,05:36,11:41,39,855
2026-09-09,P-03,Dariusz Kaczmarek,N-R03,120.5,odometer,04:29,11:07,26,938
2026-09-09,P-04,Paweł Zieliński,N-R09,143.3,odometer,04:56,12:55,30,724
2026-09-09,P-05,Janusz Kozłowski,S-R03,127.7,odometer,04:48,11:52,28,930
2026-09-09,P-06,Konrad Szewczyk,N-R21,101.8,odometer,05:57,12:43,36,886
2026-09-09,P-07,Zbigniew Michalski,S-R01,129.5,odometer,04:50,10:30,24,1012
2026-09-09,P-08,Rafał Dudek,N-R05,88.8,odometer,04:59,10:07,26,678
2026-09-09,P-08,Emil Sobczak,N-R17,76.0,odometer,13:10,18:26,18,442
2026-09-09,P-09,Adam Mazur,N-R02,119.2,odometer,05:16,11:17,25,678
2026-09-09,P-09,Kamil Krawczyk,N-R19,110.9,odometer,13:05,18:35,23,745
2026-09-09,P-10,Joanna Król,S-R12,91.2,odometer,06:06,13:36,40,673
2026-09-09,P-11,Jacek Wieczorek,N-R11,89.3,odometer,05:20,11:47,34,919
2026-09-09,P-12,Henryk Walczak,S-R05,100.1,odometer,04:40,09:57,22,690
2026-09-09,P-12,Damian Stępień,S-R15,90.3,odometer,13:13,17:46,16,509
2026-09-09,P-13,Sebastian Jabłoński,N-R07,141.2,odometer,04:50,11:40,28,906
2026-09-09,P-14,Artur Pietrzak,N-R16,91.1,odometer,05:51,11:34,23,657
2026-09-09,P-15,Stanisław Czarnecki,S-R10,84.9,odometer,05:15,10:48,26,934
2026-09-09,P-16,Monika Kubiak,N-R12,135.4,odometer,05:21,13:19,36,990
2026-09-09,P-17B,Waldemar Kasprzak,S-R06,113.8,odometer,05:06,11:09,25,968
2026-09-09,P-19,Robert Wróbel,N-R01,140.5,odometer,05:16,11:58,26,815
2026-09-09,P-20,Leszek Ostrowski,S-R07,127.0,odometer,04:59,12:07,25,811
2026-09-09,P-21,Michał Kowalczyk,N-R10,137.9,odometer,05:17,11:44,24,767
2026-09-09,P-23,Jerzy Tomaszewski,S-R02,117.0,odometer,05:11,12:40,28,983
2026-09-09,P-24,Mariusz Grabowski,N-R04,149.7,odometer,05:04,12:03,22,650
2026-09-09,P-24,Przemysław Olszewski,N-R20,126.1,odometer,12:52,18:55,19,604
2026-09-09,P-25,Marcin Pawłowski,S-R04,141.2,odometer,04:52,11:03,23,759
2026-09-09,P-26,Agnieszka Lewandowska,N-R13,125.3,odometer,05:13,11:08,23,948
2026-09-09,P-28,Bartosz Sikora,N-R18,94.4,odometer,05:58,11:22,25,667
2026-09-09,P-29,Dawid Majewski,S-R14,210.6,odometer,04:49,11:16,16,840
2026-09-09,P-30,Tadeusz Baran,N-R08,133.1,odometer,05:13,12:06,28,832
2026-09-09,P-31,Szymon Wróblewski,S-R09,137.3,odometer,05:07,11:27,26,872
2026-09-09,P-32,Andrzej Zając,S-R16,121.7,odometer,05:57,11:40,23,933
2026-09-09,P-33,Krzysztof Górski,N-R15,188.0,odometer,04:47,11:02,18,860
2026-09-09,P-34,Radosław Kalinowski,S-R17,101.5,odometer,04:18,09:55,29,1000
2026-09-09,P-35,Marek Zawadzki,N-R22,113.3,odometer,04:22,09:59,23,1021
2026-09-09,P-36,Ireneusz Wysocki,S-R18,121.5,odometer,04:46,11:34,27,780
2026-09-09,P-36,Patryk Borkowski,S-R19,93.0,odometer,13:14,18:53,24,747
2026-09-09,P-38,Arkadiusz Lis,S-R20,240.6,odometer,05:12,12:55,16,793
2026-09-10,P-01,Grzegorz Pawlak,N-R14,204.2,odometer,05:15,11:52,18,984
2026-09-10,P-02,Anna Sadowska,S-R08,79.2,odometer,05:36,12:12,34,802
2026-09-10,P-03,Dariusz Kaczmarek,N-R03,119.5,odometer,04:37,10:40,31,1262
2026-09-10,P-04,Paweł Zieliński,N-R09,134.0,odometer,04:54,11:04,28,842
2026-09-10,P-05,Janusz Kozłowski,S-R03,119.8,odometer,05:06,11:01,23,962
2026-09-10,P-06,Katarzyna Wójcik,N-R21,76.4,odometer,05:56,11:56,37,762
2026-09-10,P-07,Zbigniew Michalski,S-R01,129.4,odometer,04:55,11:15,28,1076
2026-09-10,P-08,Rafał Dudek,N-R05,87.4,odometer,05:01,11:22,26,582
2026-09-10,P-08,Łukasz Szymański,N-R17,78.6,odometer,13:18,18:41,23,483
2026-09-10,P-09,Adam Mazur,N-R02,136.5,odometer,04:48,10:55,23,632
2026-09-10,P-09,Kamil Krawczyk,N-R19,110.5,odometer,13:24,18:55,23,573
2026-09-10,P-10,Joanna Król,S-R12,96.8,odometer,05:41,13:02,33,740
2026-09-10,P-11,Jacek Wieczorek,N-R11,110.9,odometer,05:13,12:18,36,837
2026-09-10,P-12,Henryk Walczak,S-R05,86.9,odometer,04:59,10:28,24,683
2026-09-10,P-12,Damian Stępień,S-R15,90.8,odometer,12:55,18:24,22,763
2026-09-10,P-13,Sebastian Jabłoński,N-R07,136.2,odometer,04:33,10:45,27,954
2026-09-10,P-14,Artur Pietrzak,N-R16,102.2,odometer,05:44,10:55,21,806
2026-09-10,P-15,Stanisław Czarnecki,S-R10,116.2,odometer,05:50,13:04,31,1003
2026-09-10,P-16,Monika Kubiak,N-R12,136.0,odometer,05:16,13:14,33,734
2026-09-10,P-17B,Waldemar Kasprzak,S-R06,114.7,odometer,05:38,12:09,29,828
2026-09-10,P-18,Ryszard Mróz,S-R11,99.3,odometer,05:36,12:01,33,1020
2026-09-10,P-19,Robert Wróbel,N-R01,138.2,odometer,04:53,11:56,23,843
2026-09-10,P-20,Leszek Ostrowski,S-R07,124.5,odometer,05:03,11:42,26,894
2026-09-10,P-21,Michał Kowalczyk,N-R10,141.6,odometer,05:16,11:44,27,797
2026-09-10,P-22,Wojciech Nowicki,N-R06,122.1,odometer,05:21,11:50,31,703
2026-09-10,P-24,Mariusz Grabowski,N-R04,140.9,odometer,04:57,10:24,20,809
2026-09-10,P-24,Przemysław Olszewski,N-R20,121.3,odometer,13:19,18:59,19,588
2026-09-10,P-25,Marcin Pawłowski,S-R04,136.9,odometer,05:07,11:58,24,869
2026-09-10,P-26,Agnieszka Lewandowska,N-R13,137.1,odometer,05:17,11:44,25,711
2026-09-10,P-28,Bartosz Sikora,N-R18,104.7,odometer,05:47,10:56,22,816
2026-09-10,P-29,Dawid Majewski,S-R14,234.7,odometer,04:58,12:23,17,718
2026-09-10,P-30,Tadeusz Baran,N-R08,132.7,odometer,05:10,12:28,26,838
2026-09-10,P-31,Szymon Wróblewski,S-R09,136.3,odometer,05:07,11:58,26,832
2026-09-10,P-32,Andrzej Zając,S-R16,91.8,odometer,06:26,11:40,25,589
2026-09-10,P-33,Krzysztof Górski,N-R15,207.5,odometer,05:13,12:33,20,686
2026-09-10,P-34,Wiesław Kołodziej,S-R17,150.4,odometer,04:43,11:39,25,1068
2026-09-10,P-35,Marek Zawadzki,N-R22,105.5,odometer,04:54,10:11,22,1215
2026-09-10,P-36,Ireneusz Wysocki,S-R18,127.6,odometer,05:27,12:31,26,823
2026-09-10,P-36,Patryk Borkowski,S-R19,92.5,odometer,13:03,18:09,23,827
2026-09-10,P-37,Piotr Adamczyk,N-R23,208.2,odometer,05:09,11:48,16,733
2026-09-10,P-38,Arkadiusz Lis,S-R20,197.2,odometer,05:09,11:54,18,1002
2026-09-11,P-01,Grzegorz Pawlak,N-R14,214.3,odometer,05:18,12:59,18,648
2026-09-11,P-02,Anna Sadowska,S-R08,89.6,odometer,05:43,11:48,36,675
2026-09-11,P-03,Dariusz Kaczmarek,N-R03,104.7,odometer,04:48,10:43,27,1038
2026-09-11,P-04,Paweł Zieliński,N-R09,136.3,odometer,04:56,11:22,27,890
2026-09-11,P-05,Janusz Kozłowski,S-R03,133.4,odometer,04:49,11:14,27,817
2026-09-11,P-06,Katarzyna Wójcik,N-R21,77.2,odometer,05:45,12:08,37,828
2026-09-11,P-07,Zbigniew Michalski,S-R01,121.9,odometer,05:17,11:31,28,957
2026-09-11,P-08,Rafał Dudek,N-R05,89.3,odometer,04:40,10:56,23,794
2026-09-11,P-08,Łukasz Szymański,N-R17,83.2,odometer,12:57,17:55,21,675
2026-09-11,P-09,Adam Mazur,N-R02,120.1,odometer,05:12,11:39,27,777
2026-09-11,P-09,Kamil Krawczyk,N-R19,111.5,odometer,12:57,18:52,25,693
2026-09-11,P-10,Joanna Król,S-R12,82.1,odometer,06:01,12:11,32,825
2026-09-11,P-11,Jacek Wieczorek,N-R11,91.8,odometer,05:28,12:14,31,714
2026-09-11,P-12,Henryk Walczak,S-R05,90.4,odometer,05:14,10:35,22,701
2026-09-11,P-12,Damian Stępień,S-R15,78.3,odometer,13:07,18:31,22,712
2026-09-11,P-13,Sebastian Jabłoński,N-R07,142.8,odometer,05:13,11:31,23,793
2026-09-11,P-14,Konrad Szewczyk,N-R16,90.8,odometer,05:29,11:26,26,646
2026-09-11,P-15,Stanisław Czarnecki,S-R10,112.4,odometer,05:39,13:52,37,944
2026-09-11,P-16,Monika Kubiak,N-R12,137.5,odometer,05:16,12:03,34,687
2026-09-11,P-17B,Waldemar Kasprzak,S-R06,100.1,odometer,05:18,12:26,27,932
2026-09-11,P-18,Ryszard Mróz,S-R11,97.6,odometer,05:41,11:52,28,846
2026-09-11,P-19,Robert Wróbel,N-R01,129.3,odometer,04:41,10:52,25,729
2026-09-11,P-20,Leszek Ostrowski,S-R07,124.7,odometer,05:06,11:20,28,870
2026-09-11,P-22,Wojciech Nowicki,N-R06,101.8,odometer,05:28,10:59,25,836
2026-09-11,P-23,Radosław Kalinowski,S-R02,119.6,odometer,04:50,11:25,29,749
2026-09-11,P-24,Mariusz Grabowski,N-R04,149.1,odometer,05:18,11:11,21,810
2026-09-11,P-24,Przemysław Olszewski,N-R20,134.2,odometer,13:09,19:12,18,643
2026-09-11,P-25,Marcin Pawłowski,S-R04,139.6,odometer,04:54,11:06,23,759
2026-09-11,P-26,Agnieszka Lewandowska,N-R13,122.1,odometer,05:29,12:04,26,767
2026-09-11,P-28,Bartosz Sikora,N-R18,98.7,odometer,06:17,11:20,21,813
2026-09-11,P-29,Dawid Majewski,S-R14,214.1,odometer,04:59,11:46,20,679
2026-09-11,P-30,Tadeusz Baran,N-R08,146.1,odometer,05:15,11:16,26,907
2026-09-11,P-31,Szymon Wróblewski,S-R09,136.8,odometer,05:04,12:11,27,774
2026-09-11,P-32,Andrzej Zając,S-R16,98.7,odometer,06:07,12:18,26,722
2026-09-11,P-33,Krzysztof Górski,N-R15,192.2,odometer,04:59,12:00,19,874
2026-09-11,P-34,Wiesław Kołodziej,S-R17,121.8,odometer,04:21,10:47,26,1161
2026-09-11,P-37,Piotr Adamczyk,N-R23,247.1,odometer,05:01,12:12,16,864
2026-09-11,P-38,Arkadiusz Lis,S-R20,237.7,odometer,05:27,13:09,17,825
2026-09-12,P-02,Anna Sadowska,S-R08,79.3,odometer,05:05,11:36,28,871
2026-09-12,P-03,Dariusz Kaczmarek,N-R03,103.4,odometer,04:12,09:44,23,1177
2026-09-12,P-04,Paweł Zieliński,N-R09,111.3,odometer,04:34,10:48,26,798
2026-09-12,P-07,Zbigniew Michalski,S-R01,114.1,odometer,04:44,11:08,26,1069
2026-09-12,P-08,Rafał Dudek,N-R05,82.7,odometer,04:08,08:37,21,687
2026-09-12,P-09,Adam Mazur,N-R02,110.9,odometer,04:30,09:51,21,695
2026-09-12,P-11,Jacek Wieczorek,N-R11,71.0,odometer,05:31,11:17,29,983
2026-09-12,P-12,Henryk Walczak,S-R05,105.7,odometer,04:43,10:36,23,639
2026-09-12,P-13,Sebastian Jabłoński,N-R07,116.0,odometer,04:29,09:29,20,749
2026-09-12,P-16,Monika Kubiak,N-R12,123.1,odometer,05:03,12:32,33,762
2026-09-12,P-17B,Waldemar Kasprzak,S-R06,86.5,odometer,05:02,10:17,26,811
2026-09-12,P-19,Robert Wróbel,N-R01,108.2,odometer,04:32,09:41,20,917
2026-09-12,P-20,Leszek Ostrowski,S-R07,115.6,odometer,04:45,10:44,23,834
2026-09-12,P-21,Michał Kowalczyk,N-R10,113.5,odometer,04:46,10:13,22,820
2026-09-12,P-22,Wojciech Nowicki,N-R06,78.1,odometer,05:26,10:53,24,896
2026-09-12,P-23,Jerzy Tomaszewski,S-R02,90.4,odometer,04:36,09:38,23,1170
2026-09-12,P-25,Marcin Pawłowski,S-R04,99.4,odometer,04:59,10:30,25,960
2026-09-12,P-26,Agnieszka Lewandowska,N-R13,94.3,odometer,05:10,11:13,24,683
2026-09-12,P-30,Tadeusz Baran,N-R08,117.9,odometer,04:33,10:52,27,925
2026-09-12,P-31,Szymon Wróblewski,S-R09,104.8,odometer,04:28,09:52,22,783
2026-09-12,P-33,Krzysztof Górski,N-R15,176.4,odometer,04:57,10:29,14,849
2026-09-12,P-34,Wiesław Kołodziej,S-R17,78.7,odometer,04:31,09:36,23,958
2026-09-12,P-35,Marek Zawadzki,N-R22,136.2,odometer,04:21,11:35,27,1267
