date,van_id,driver,route_id,odometer_km,gps_km,start_time,end_time,stops,max_load_kg
2026-10-05,P-01,Grzegorz Pawlak,N-R14,201.2,198.3,05:27,12:21,18,709
2026-10-05,P-02,Anna Sadowska,S-R08,75.3,46.6,05:26,11:24,34,993
2026-10-05,P-03,Dariusz Kaczmarek,N-R03,107.8,106.5,04:29,10:39,28,1044
2026-10-05,P-04,Paweł Zieliński,N-R09,143.2,140.9,05:06,12:04,27,835
2026-10-05,P-39,Janusz Kozłowski,S-R03,139.9,139.1,04:48,12:12,30,883
2026-10-05,P-06,Katarzyna Wójcik,N-R21,79.9,46.8,05:22,11:50,34,874
2026-10-05,P-07,Zbigniew Michalski,S-R01,108.1,107.9,04:41,10:50,26,957
2026-10-05,P-09,Adam Mazur,N-R02,119.3,118.3,04:37,10:53,24,712
2026-10-05,P-09,Kamil Krawczyk,N-R19,116.6,116.3,13:33,20:41,22,757
2026-10-05,P-10,Joanna Król,S-R12,93.3,77.9,05:38,11:52,35,841
2026-10-05,P-11,Jacek Wieczorek,N-R11,86.1,70.0,05:18,11:45,34,1001
2026-10-05,P-12,Henryk Walczak,S-R05,100.6,99.7,05:21,10:50,22,775
2026-10-05,P-12,Damian Stępień,S-R15,83.9,82.9,12:59,18:18,20,682
2026-10-05,P-13,Sebastian Jabłoński,N-R07,-146.6,146.4,05:10,12:47,29,807
2026-10-05,P-14,Artur Pietrzak,N-R16,85.8,84.8,05:49,10:58,22,759
2026-10-05,P-15,Stanisław Czarnecki,S-R10,92.7,92.0,05:49,11:50,31,934
2026-10-05,P-16,Monika Kubiak,N-R12,161.3,134.8,05:36,13:17,31,977
2026-10-05,P-17,Waldemar Kasprzak,S-R06,111.3,109.5,05:00,11:49,30,870
2026-10-05,P-18,Ryszard Mróz,S-R11,89.0,53.8,05:36,11:26,33,891
2026-10-05,P-19,Robert Wróbel,N-R01,134.4,131.9,05:08,11:14,21,893
2026-10-05,P-20,Leszek Ostrowski,S-R07,135.7,134.3,05:34,12:34,25,849
2026-10-05,P-21,Michał Kowalczyk,N-R10,0,,05:23,11:59,23,820
2026-10-05,P-22,Wojciech Nowicki,N-R06,106.8,105.9,05:36,12:08,27,970
2026-10-05,P-23,Jerzy Tomaszewski,S-R02,134.6,132.5,05:06,11:46,26,958
2026-10-05,P-24,Mariusz Grabowski,N-R04,141.9,,05:06,12:07,23,829
2026-10-05,P-24,Przemysław Olszewski,N-R20,117.4,117.4,13:15,18:20,17,614
2026-10-05,P-25,Marcin Pawłowski,S-R04,136.3,133.0,05:02,11:56,25,984
2026-10-05,P-27,Magdalena Jankowska,S-R13,108.4,107.7,05:37,12:37,29,901
2026-10-05,P-28,Bartosz Sikora,N-R18,114.6,114.9,06:03,11:56,25,629
2026-10-05,P-29,Dawid Majewski,S-R14,214.6,210.5,04:51,11:27,18,916
2026-10-05,P-30,Tadeusz Baran,N-R08,137.0,135.0,05:03,11:28,26,752
2026-10-05,P-31,Szymon Wróblewski,S-R09,135.1,134.0,05:10,12:01,25,733
2026-10-05,P-32,Andrzej Zając,S-R16,110.6,109.9,05:59,12:09,24,945
2026-10-05,P-33,Krzysztof Górski,N-R15,187.5,186.5,05:12,11:28,15,847
2026-10-05,P-34,Wiesław Kołodziej,S-R17,145.4,145.7,04:45,11:23,25,981
2026-10-05,P-35,Marek Zawadzki,N-R22,108.8,108.9,04:39,10:42,30,1110
2026-10-05,P-36,Ireneusz Wysocki,S-R18,113.0,110.7,04:35,10:29,22,948
2026-10-05,P-36,Patryk Borkowski,S-R19,96.6,95.5,13:06,19:30,24,751
2026-10-05,P-37,Piotr Adamczyk,N-R23,198.8,200.8,05:09,12:19,18,1011
2026-10-05,P-38,Arkadiusz Lis,S-R20,210.4,208.6,05:17,11:44,14,993
2026-10-06,P-01,Grzegorz Pawlak,N-R14,220.4,218.7,05:29,12:31,15,911
2026-10-06,P-02,Anna Sadowska,S-R08,72.4,71.6,05:34,10:26,25,922
2026-10-06,P-03,Dariusz Kaczmarek,N-R03,103.2,101.4,05:07,11:14,27,978
2026-10-06,P-04,Paweł Zieliński,N-R09,137.5,134.3,04:25,11:45,29,888
2026-10-06,P-39,Janusz Kozłowski,S-R03,123.7,123.2,05:16,11:18,28,765
2026-10-06,P-06,Katarzyna Wójcik,N-R21,77.4,53.0,05:39,12:25,33,848
2026-10-06,P-07,Zbigniew Michalski,S-R01,122.9,123.6,04:54,11:32,28,1063
2026-10-06,P-08,Rafał Dudek,N-R05,85.7,84.8,04:56,10:51,23,698
2026-10-06,P-08,Łukasz Szymański,N-R17,78.6,77.9,12:43,17:52,21,718
2026-10-06,P-09,Adam Mazur,N-R02,135.3,134.5,04:51,11:33,25,689
2026-10-06,P-09,Kamil Krawczyk,N-R19,112.1,111.6,13:08,18:54,24,551
2026-10-06,P-11,Jacek Wieczorek,N-R11,94.9,71.1,05:23,12:39,36,817
2026-10-06,P-12,Henryk Walczak,S-R05,95.8,95.0,04:54,11:06,22,651
2026-10-06,P-12,Damian Stępień,S-R15,86.0,85.3,13:08,17:22,19,531
2026-10-06,P-13,Sebastian Jabłoński,N-R07,140.8,139.8,04:57,11:53,27,1031
2026-10-06,P-14,Artur Pietrzak,N-R16,100.0,98.7,05:57,11:36,28,818
2026-10-06,P-15,Stanisław Czarnecki,S-R10,81.2,,05:36,11:22,28,834
2026-10-06,P-16,Monika Kubiak,N-R12,138.1,105.1,05:37,13:17,37,622
2026-10-06,P-17,Waldemar Kasprzak,S-R06,112.3,110.7,05:15,11:34,26,731
2026-10-06,P-19,Robert Wróbel,N-R01,143.3,142.3,04:37,11:05,22,808
2026-10-06,P-20,Leszek Ostrowski,S-R07,135.4,134.4,05:09,11:34,25,848
2026-10-06,P-21,Konrad Szewczyk,N-R10,132.7,131.1,05:19,12:01,33,795
2026-10-06,P-22,Wojciech Nowicki,N-R06,116.1,115.2,05:32,13:25,30,950
2026-10-06,P-23,Jerzy Tomaszewski,S-R02,122.1,122.2,04:34,11:25,25,1146
2026-10-06,P-24,Mariusz Grabowski,N-R04,147.5,145.6,05:06,10:39,18,593
2026-10-06,P-24,Przemysław Olszewski,N-R20,116.7,116.0,13:07,19:00,17,690
2026-10-06,P-25,Marcin Pawłowski,S-R04,140.0,137.5,04:58,12:52,29,875
2026-10-06,P-26,Agnieszka Lewandowska,N-R13,113.3,113.4,05:26,11:53,29,771
2026-10-06,P-27,Magdalena Jankowska,S-R13,87.9,87.0,05:30,11:21,29,952
2026-10-06,P-28,Bartosz Sikora,N-R18,124.7,123.5,05:57,11:53,21,636
2026-10-06,P-29,Dawid Majewski,S-R14,200.8,198.9,05:18,12:19,19,901
2026-10-06,P-30,Tadeusz Baran,N-R08,132.3,130.7,05:03,12:23,37,748
2026-10-06,P-31,Szymon Wróblewski,S-R09,135.3,134.9,04:42,11:10,26,849
2026-10-06,P-32,Andrzej Zając,S-R16,98.6,98.6,05:56,12:33,29,742
2026-10-06,P-33,Krzysztof Górski,N-R15,193.6,192.1,05:05,11:21,18,701
2026-10-06,P-36,Ireneusz Wysocki,S-R18,119.2,116.8,04:59,11:34,26,769
2026-10-06,P-36,Patryk Borkowski,S-R19,103.9,102.9,13:03,18:46,23,711
2026-10-06,P-37,Piotr Adamczyk,N-R23,219.9,219.6,05:08,11:41,18,799
2026-10-06,P-38,Arkadiusz Lis,S-R20,202.2,200.5,05:29,11:49,18,869
2026-10-07,P-01,Grzegorz Pawlak,N-R14,199.1,198.6,05:10,11:46,19,838
2026-10-07,P-02,Anna Sadowska,S-R08,87.0,51.7,05:36,12:56,33,891
2026-10-07,P-03,Dariusz Kaczmarek,N-R03,122.5,121.0,04:49,10:54,21,811
2026-10-07,P-04,Paweł Zieliński,N-R09,134.1,133.3,04:53,11:42,31,968
2026-10-07,P-39,Janusz Kozłowski,S-R03,126.4,126.3,05:15,11:25,24,783
2026-10-07,P-06,Katarzyna Wójcik,N-R21,92.4,69.9,05:40,11:39,35,711
2026-10-07,P-07,Radosław Kalinowski,S-R01,150.7,150.7,04:46,12:07,30,779
2026-10-07,P-08,Rafał Dudek,N-R05,87.4,87.1,04:59,09:45,23,718
2026-10-07,P-08,Łukasz Szymański,N-R17,82.8,82.4,13:01,18:13,21,666
2026-10-07,P-09,Adam Mazur,N-R02,126.5,126.8,05:05,11:17,26,697
2026-10-07,P-09,Kamil Krawczyk,N-R19,105.4,105.0,13:24,18:32,20,636
2026-10-07,P-10,Joanna Król,S-R12,116.9,90.1,05:50,15:10,31,736
2026-10-07,P-11,Jacek Wieczorek,N-R11,89.1,71.4,05:29,12:02,36,925
2026-10-07,P-12,Henryk Walczak,S-R05,106.3,105.8,05:07,10:36,22,640
2026-10-07,P-12,Damian Stępień,S-R15,75.7,74.0,12:43,17:39,21,730
2026-10-07,P-14,Artur Pietrzak,N-R16,83.5,83.5,05:43,11:11,27,857
2026-10-07,P-15,Stanisław Czarnecki,S-R10,94.1,92.5,05:38,11:42,30,1038
2026-10-07,P-16,Monika Kubiak,N-R12,133.9,133.2,04:45,12:46,36,821
2026-10-07,P-18,Ryszard Mróz,S-R11,115.8,73.7,05:47,13:12,37,966
2026-10-07,P-19,Robert Wróbel,N-R01,127.2,,04:51,10:53,22,690
2026-10-07,P-20,Leszek Ostrowski,S-R07,136.0,134.6,05:24,12:14,30,762
2026-10-07,P-21,Michał Kowalczyk,N-R10,140.3,137.7,05:06,11:30,25,888
2026-10-07,P-22,Wojciech Nowicki,N-R06,117.3,116.9,05:16,10:55,26,945
2026-10-07,P-23,Jerzy Tomaszewski,S-R02,134.1,132.8,05:10,12:14,30,1154
2026-10-07,P-24,Mariusz Grabowski,N-R04,135.8,134.2,04:54,11:13,21,716
2026-10-07,P-24,Przemysław Olszewski,N-R20,135.6,133.5,13:22,19:08,17,660
2026-10-07,P-25,Marcin Pawłowski,S-R04,136.4,134.9,05:02,11:10,26,823
2026-10-07,P-26,Agnieszka Lewandowska,N-R13,121.2,121.9,05:01,13:00,32,892
2026-10-07,P-27,Magdalena Jankowska,S-R13,125.9,125.7,05:35,12:10,26,1012
2026-10-07,P-28,Bartosz Sikora,N-R18,122.0,120.7,05:52,12:35,26,783
2026-10-07,P-29,Dawid Majewski,S-R14,218.4,218.5,04:53,12:07,15,806
2026-10-07,P-30,Tadeusz Baran,N-R08,131.2,130.6,05:25,11:49,22,846
2026-10-07,P-31,Szymon Wróblewski,S-R09,140.7,138.2,05:13,12:30,27,871
2026-10-07,P-32,Andrzej Zając,S-R16,120.3,121.2,05:55,12:21,26,753
2026-10-07,P-33,Krzysztof Górski,N-R15,191.2,189.9,05:04,11:03,16,698
2026-10-07,P-34,Wiesław Kołodziej,S-R17,157.3,158.1,04:30,11:53,29,949
2026-10-07,P-35,Marek Zawadzki,N-R22,113.4,112.1,04:48,11:03,26,1111
2026-10-07,P-36,Ireneusz Wysocki,S-R18,148.3,145.8,05:03,11:24,23,618
2026-10-07,P-36,Patryk Borkowski,S-R19,105.1,102.9,13:06,18:25,19,872
2026-10-07,P-37,Piotr Adamczyk,N-R23,216.1,214.8,05:05,11:47,17,629
2026-10-07,P-38,Arkadiusz Lis,S-R20,234.2,234.0,05:05,12:17,17,823
2026-10-08,P-01,Grzegorz Pawlak,N-R14,244.4,242.3,05:02,12:30,16,1054
2026-10-08,P-02,Anna Sadowska,S-R08,86.3,85.5,05:18,11:48,34,930
2026-10-08,P-03,Dariusz Kaczmarek,N-R03,116.7,116.1,04:49,11:42,29,1061
2026-10-08,P-04,Paweł Zieliński,N-R09,136.1,,05:04,12:25,31,940
2026-10-08,P-05,Janusz Kozłowski,S-R03,119.3,119.9,04:59,11:51,29,859
2026-10-08,P-06,Katarzyna Wójcik,N-R21,69.6,43.7,05:41,11:45,35,691
2026-10-08,P-07,Zbigniew Michalski,S-R01,115.9,115.5,05:00,11:09,29,994
2026-10-08,P-08,Rafał Dudek,N-R05,101.5,101.0,04:57,10:22,21,779
2026-10-08,P-08,Łukasz Szymański,N-R17,72.9,71.9,12:51,17:35,18,630
2026-10-08,P-09,Adam Mazur,N-R02,125.5,125.4,04:59,10:58,24,763
2026-10-08,P-09,Kamil Krawczyk,N-R19,111.9,110.9,12:44,18:10,21,663
2026-10-08,P-10,Joanna Król,S-R12,111.9,82.8,05:37,12:19,32,745
2026-10-08,P-11,Jacek Wieczorek,N-R11,128.1,128.2,05:30,13:28,33,907
2026-10-08,P-12,Henryk Walczak,S-R05,91.8,,04:57,10:20,24,797
2026-10-08,P-12,Damian Stępień,S-R15,88.6,88.5,12:51,17:58,21,726
2026-10-08,P-13,Sebastian Jabłoński,N-R07,135.1,134.8,05:13,12:15,29,915
2026-10-08,P-14,Artur Pietrzak,N-R16,107.8,106.2,05:35,11:19,23,768
2026-10-08,P-16,Monika Kubiak,N-R12,152.6,124.9,05:17,14:01,34,805
2026-10-08,P-17,Waldemar Kasprzak,S-R06,98.8,97.6,05:22,11:50,29,763
2026-10-08,P-18,Ryszard Mróz,S-R11,121.7,122.3,06:01,13:29,37,743
2026-10-08,P-19,Robert Wróbel,N-R01,135.5,135.5,04:31,11:51,20,875
2026-10-08,P-20,Leszek Ostrowski,S-R07,126.7,124.7,05:23,12:17,28,806
2026-10-08,P-21,Michał Kowalczyk,N-R10,134.3,132.1,05:09,12:02,27,904
2026-10-08,P-22,Wojciech Nowicki,N-R06,107.4,107.1,05:30,12:47,32,1042
2026-10-08,P-23,Jerzy Tomaszewski,S-R02,118.2,117.6,05:05,10:32,25,1257
2026-10-08,P-24,Mariusz Grabowski,N-R04,143.4,143.1,04:35,10:22,19,744
2026-10-08,P-24,Przemysław Olszewski,N-R20,122.7,121.7,13:20,18:33,20,633
2026-10-08,P-25,Marcin Pawłowski,S-R04,141.7,139.5,05:09,11:46,25,822
2026-10-08,P-27,Magdalena Jankowska,S-R13,86.1,86.4,05:38,10:35,29,1034
2026-10-08,P-29,Dawid Majewski,S-R14,265.3,265.1,04:42,12:53,16,992
2026-10-08,P-30,Tadeusz Baran,N-R08,132.8,129.7,05:20,11:59,26,814
2026-10-08,P-31,Szymon Wróblewski,S-R09,133.0,131.4,04:54,12:21,26,910
2026-10-08,P-32,Andrzej Zając,S-R16,101.8,101.7,06:14,12:02,27,876
2026-10-08,P-33,Krzysztof Górski,N-R15,189.9,187.6,04:52,11:47,18,785
2026-10-08,P-34,Wiesław Kołodziej,S-R17,126.6,125.3,05:14,11:50,24,1258
2026-10-08,P-35,Marek Zawadzki,N-R22,105.1,104.4,04:40,09:52,24,1145
2026-10-08,P-36,Ireneusz Wysocki,S-R18,114.4,112.7,05:23,11:13,26,787
2026-10-08,P-36,Patryk Borkowski,S-R19,99.9,98.8,12:48,17:45,19,686
2026-10-08,P-37,Piotr Adamczyk,N-R23,218.4,219.6,04:41,11:55,14,758
2026-10-08,P-38,Arkadiusz Lis,S-R20,210.6,209.5,05:09,12:23,19,977
2026-10-09,P-01,Grzegorz Pawlak,N-R14,206.5,205.1,05:01,11:52,19,809
2026-10-09,P-03,Dariusz Kaczmarek,N-R03,124.3,121.9,04:45,11:31,25,1029
2026-10-09,P-05,Janusz Kozłowski,S-R03,125.9,124.4,04:55,11:34,26,670
2026-10-09,P-07,Zbigniew Michalski,S-R01,144.1,144.2,04:51,13:32,40,1107
2026-10-09,P-08,Rafał Dudek,N-R05,83.2,81.7,05:04,09:32,21,622
2026-10-09,P-08,Łukasz Szymański,N-R17,80.4,79.4,13:05,18:58,19,638
2026-10-09,P-09,Adam Mazur,N-R02,130.3,130.1,05:13,11:23,25,687
2026-10-09,P-09,Kamil Krawczyk,N-R19,112.8,113.7,13:12,18:06,23,718
2026-10-09,P-10,Joanna Król,S-R12,88.3,88.2,05:36,11:35,32,657
2026-10-09,P-11,Jacek Wieczorek,N-R11,86.2,61.9,05:06,11:44,34,939
2026-10-09,P-12,Henryk Walczak,S-R05,91.8,91.1,05:05,11:01,25,755
2026-10-09,P-12,Damian Stępień,S-R15,96.6,95.1,13:13,19:02,21,678
2026-10-09,P-13,Sebastian Jabłoński,N-R07,135.1,134.2,05:15,11:05,26,680
2026-10-09,P-15,Stanisław Czarnecki,S-R10,107.8,107.0,05:40,11:46,29,839
2026-10-09,P-16,Monika Kubiak,N-R12,142.5,143.0,05:04,12:45,34,810
2026-10-09,P-17,Waldemar Kasprzak,S-R06,110.8,109.8,04:54,11:45,29,991
2026-10-09,P-18,Ryszard Mróz,S-R11,85.8,59.0,05:57,11:32,32,996
2026-10-09,P-19,Robert Wróbel,N-R01,136.4,134.2,05:02,11:57,22,996
2026-10-09,P-20,Leszek Ostrowski,S-R07,133.0,132.1,05:21,12:29,29,787
2026-10-09,P-21,Michał Kowalczyk,N-R10,148.6,147.9,05:36,12:37,26,836
2026-10-09,P-22,Wojciech Nowicki,N-R06,88.7,88.3,05:08,10:15,25,952
2026-10-09,P-23,Jerzy Tomaszewski,S-R02,123.0,121.8,05:03,12:54,27,1214
2026-10-09,P-24,Mariusz Grabowski,N-R04,145.6,144.5,05:23,11:06,21,720
2026-10-09,P-24,Przemysław Olszewski,N-R20,145.3,144.4,13:09,18:53,18,583
2026-10-09,P-25,Marcin Pawłowski,S-R04,140.5,139.9,04:52,11:37,25,925
2026-10-09,P-26,Agnieszka Lewandowska,N-R13,120.8,120.4,05:21,11:54,26,913
2026-10-09,P-28,Bartosz Sikora,N-R18,99.7,99.0,05:37,11:57,29,817
2026-10-09,P-29,Dawid Majewski,S-R14,226.3,226.4,04:49,11:57,16,632
2026-10-09,P-30,Tadeusz Baran,N-R08,131.9,131.5,05:13,11:43,27,874
2026-10-09,P-31,Szymon Wróblewski,S-R09,130.9,129.1,05:03,11:01,26,808
2026-10-09,P-32,Andrzej Zając,S-R16,124.5,123.4,06:07,13:12,27,843
2026-10-09,P-34,Wiesław Kołodziej,S-R17,115.0,113.1,04:36,10:00,24,983
2026-10-09,P-35,Marek Zawadzki,N-R22,130.8,130.7,05:02,12:23,31,1168
2026-10-09,P-36,Ireneusz Wysocki,S-R18,110.3,109.0,05:16,10:59,25,720
2026-10-09,P-36,Patryk Borkowski,S-R19,92.0,90.5,13:20,17:49,20,698
2026-10-09,P-37,Piotr Adamczyk,N-R23,226.5,225.5,04:59,11:36,14,858
2026-10-09,P-38,Arkadiusz Lis,S-R20,189.8,188.9,05:23,12:02,18,985
2026-10-10,P-02,Anna Sadowska,S-R08,71.0,39.8,05:14,11:30,31,988
2026-10-10,P-03,Dariusz Kaczmarek,N-R03,112.3,112.4,04:31,10:42,22,917
2026-10-10,P-04,Paweł Zieliński,N-R09,106.4,105.2,04:50,11:06,25,808
2026-10-10,P-05,Janusz Kozłowski,S-R03,93.0,93.3,04:36,10:21,25,754
2026-10-10,P-07,Zbigniew Michalski,S-R01,111.6,110.8,04:25,11:13,26,1087
2026-10-10,P-08,Rafał Dudek,N-R05,96.6,96.0,04:21,09:34,20,801
2026-10-10,P-09,Adam Mazur,N-R02,100.1,100.1,04:24,09:07,21,723
2026-10-10,P-11,Jacek Wieczorek,N-R11,77.0,61.2,04:50,10:32,29,1021
2026-10-10,P-12,Henryk Walczak,S-R05,85.4,84.5,04:34,09:06,20,621
2026-10-10,P-13,Sebastian Jabłoński,N-R07,114.9,113.1,04:51,09:40,22,886
2026-10-10,P-16,Monika Kubiak,N-R12,123.5,93.2,04:52,11:59,28,894
2026-10-10,P-17,Waldemar Kasprzak,S-R06,81.8,80.8,05:11,10:02,23,991
2026-10-10,P-19,Robert Wróbel,N-R01,107.4,105.5,04:48,09:56,22,754
2026-10-10,P-22,Wojciech Nowicki,N-R06,87.2,86.2,04:59,10:28,26,958
2026-10-10,P-23,Jerzy Tomaszewski,S-R02,87.2,86.2,04:34,09:15,22,1177
2026-10-10,P-24,Mariusz Grabowski,N-R04,111.7,110.6,04:36,09:57,19,772
2026-10-10,P-25,Marcin Pawłowski,S-R04,103.4,102.1,04:44,10:35,25,751
2026-10-10,P-26,Agnieszka Lewandowska,N-R13,111.6,111.3,05:29,11:07,20,759
2026-10-10,P-30,Tadeusz Baran,N-R08,120.2,119.2,04:32,10:57,25,854
2026-10-10,P-31,Szymon Wróblewski,S-R09,98.3,98.2,04:51,10:52,21,759
2026-10-10,P-33,Krzysztof Górski,N-R15,154.7,152.7,04:34,09:53,16,821
2026-10-10,P-35,Marek Zawadzki,N-R22,87.5,86.8,04:36,10:02,23,808
2026-10-12,P-02,Anna Sadowska,S-R08,82.3,59.9,05:40,13:04,35,752
2026-10-12,P-03,Dariusz Kaczmarek,N-R03,122.4,121.1,05:08,12:01,30,931
2026-10-12,P-04,Paweł Zieliński,N-R09,146.5,145.4,05:17,13:04,28,852
2026-10-12,P-07,Zbigniew Michalski,S-R01,120.3,120.4,04:35,10:54,28,1033
2026-10-12,P-08,Rafał Dudek,N-R05,93.0,90.9,05:06,10:18,23,698
2026-10-12,P-08,Łukasz Szymański,N-R17,69.4,69.4,13:16,18:05,20,578
2026-10-12,P-09,Adam Mazur,N-R02,129.8,129.4,04:37,11:17,23,771
2026-10-12,P-09,Kamil Krawczyk,N-R19,106.2,106.6,13:04,19:04,22,630
2026-10-12,P-10,Joanna Król,S-R12,106.3,86.3,05:46,12:03,35,717
2026-10-12,P-11,Jacek Wieczorek,N-R11,90.1,89.6,05:31,12:16,35,730
2026-10-12,P-12,Henryk Walczak,S-R05,96.7,96.5,04:53,10:23,19,602
2026-10-12,P-12,Damian Stępień,S-R15,75.7,75.1,12:56,18:05,20,687
2026-10-12,P-13,Sebastian Jabłoński,N-R07,143.3,140.7,05:14,12:28,25,857
2026-10-12,P-14,Artur Pietrzak,N-R16,90.6,89.1,06:06,12:06,23,913
2026-10-12,P-15,Stanisław Czarnecki,S-R10,86.7,85.4,05:39,12:06,29,881
2026-10-12,P-16,Monika Kubiak,N-R12,133.8,133.4,05:31,14:10,34,966
2026-10-12,P-17,Waldemar Kasprzak,S-R06,118.4,117.2,04:50,11:12,24,831
2026-10-12,P-18,Ryszard Mróz,S-R11,96.9,66.2,05:21,13:17,36,984
2026-10-12,P-19,Robert Wróbel,N-R01,135.7,133.0,04:55,11:19,24,876
2026-10-12,P-20,Leszek Ostrowski,S-R07,131.0,129.4,04:49,11:16,24,844
2026-10-12,P-21,Michał Kowalczyk,N-R10,137.4,137.1,05:05,11:51,28,917
2026-10-12,P-23,Jerzy Tomaszewski,S-R02,102.7,101.5,04:52,10:42,25,1084
2026-10-12,P-24,Mariusz Grabowski,N-R04,155.2,154.0,05:15,11:38,19,666
2026-10-12,P-24,Przemysław Olszewski,N-R20,122.8,122.4,13:25,18:55,18,567
2026-10-12,P-25,Marcin Pawłowski,S-R04,139.1,136.9,04:58,11:50,20,651
2026-10-12,P-26,Agnieszka Lewandowska,N-R13,114.3,113.5,05:29,11:00,23,676
2026-10-12,P-27,Magdalena Jankowska,S-R13,108.2,107.1,05:20,12:12,29,901
2026-10-12,P-29,Dawid Majewski,S-R14,204.1,204.6,04:45,11:17,15,826
2026-10-12,P-30,Tadeusz Baran,N-R08,126.4,123.9,05:39,12:12,26,792
2026-10-12,P-31,Szymon Wróblewski,S-R09,132.6,130.8,05:17,12:44,27,763
2026-10-12,P-32,Andrzej Zając,S-R16,123.8,123.0,06:16,13:18,24,781
2026-10-12,P-33,Krzysztof Górski,N-R15,196.8,195.9,04:52,11:42,19,880
2026-10-12,P-34,Wiesław Kołodziej,S-R17,125.1,124.3,04:32,11:06,26,1124
2026-10-12,P-35,Marek Zawadzki,N-R22,129.2,128.7,04:47,11:29,32,820
2026-10-12,P-36,Kinga Dziedzic,S-R18,123.9,121.6,04:47,11:32,25,776
2026-10-12,P-36,Patryk Borkowski,S-R19,91.9,90.9,13:16,18:14,21,788
2026-10-12,P-37,Piotr Adamczyk,N-R23,206.8,205.1,04:43,11:02,17,714
2026-10-12,P-38,Arkadiusz Lis,S-R20,189.0,188.1,05:13,11:33,18,831
2026-10-13,P-01,Grzegorz Pawlak,N-R14,192.8,192.5,05:02,11:18,18,836
2026-10-13,P-02,Anna Sadowska,S-R08,73.7,73.7,05:38,10:44,31,965
2026-10-13,P-03,Dariusz Kaczmarek,N-R03,134.5,133.7,04:10,11:09,27,986
2026-10-13,P-04,Paweł Zieliński,N-R09,135.1,135.8,04:54,12:00,31,708
2026-10-13,P-05,Janusz Kozłowski,S-R03,143.6,141.9,04:56,11:52,23,921
2026-10-13,P-07,Zbigniew Michalski,S-R01,116.7,115.2,05:01,11:18,29,1028
2026-10-13,P-08,Rafał Dudek,N-R05,96.7,97.1,05:03,10:16,24,651
2026-10-13,P-08,Łukasz Szymański,N-R17,79.6,78.8,13:16,17:52,19,664
2026-10-13,P-09,Adam Mazur,N-R02,112.8,112.5,04:54,10:15,21,614
2026-10-13,P-09,Kamil Krawczyk,N-R19,113.4,113.1,13:21,18:53,22,710
2026-10-13,P-10,Joanna Król,S-R12,85.7,72.2,05:37,12:13,38,898
2026-10-13,P-11,Jacek Wieczorek,N-R11,100.3,84.2,05:36,12:35,36,984
2026-10-13,P-12,Henryk Walczak,S-R05,104.2,102.8,05:08,11:16,23,546
2026-10-13,P-12,Damian Stępień,S-R15,83.5,83.0,13:02,17:55,19,755
2026-10-13,P-13,Sebastian Jabłoński,N-R07,136.0,135.4,05:05,11:40,27,830
2026-10-13,P-14,Artur Pietrzak,N-R16,89.1,88.7,05:22,12:00,29,831
2026-10-13,P-16,Monika Kubiak,N-R12,135.3,135.2,05:05,12:39,36,711
2026-10-13,P-17,Kinga Dziedzic,S-R06,122.9,122.9,05:11,11:55,25,922
2026-10-13,P-18,Radosław Kalinowski,S-R11,84.9,57.3,06:01,12:11,31,913
2026-10-13,P-19,Robert Wróbel,N-R01,134.5,132.8,04:43,10:54,23,822
2026-10-13,P-20,Leszek Ostrowski,S-R07,125.3,124.9,05:32,11:25,26,647
2026-10-13,P-21,Michał Kowalczyk,N-R10,144.0,144.0,05:32,12:13,24,745
2026-10-13,P-22,Wojciech Nowicki,N-R06,109.0,107.8,05:35,12:41,28,812
2026-10-13,P-23,Jerzy Tomaszewski,S-R02,122.7,121.6,04:34,11:20,26,1165
2026-10-13,P-24,Mariusz Grabowski,N-R04,139.1,138.2,05:32,10:39,18,663
2026-10-13,P-24,Przemysław Olszewski,N-R20,120.2,119.1,13:12,18:31,18,660
2026-10-13,P-25,Marcin Pawłowski,S-R04,140.4,139.5,05:00,11:26,27,894
2026-10-13,P-26,Agnieszka Lewandowska,N-R13,115.3,115.9,05:24,11:25,28,812
2026-10-13,P-27,Magdalena Jankowska,S-R13,88.9,89.1,05:24,10:53,27,1045
2026-10-13,P-28,Bartosz Sikora,N-R18,107.1,106.9,06:15,11:29,22,708
2026-10-13,P-30,Tadeusz Baran,N-R08,134.0,130.8,05:12,11:42,23,985
2026-10-13,P-31,Szymon Wróblewski,S-R09,134.2,133.1,04:41,11:08,26,770
2026-10-13,P-32,Andrzej Zając,S-R16,93.5,94.0,05:47,11:32,24,871
2026-10-13,P-33,Emil Sobczak,N-R15,192.9,192.2,05:09,11:10,15,791
2026-10-13,P-35,Marek Zawadzki,N-R22,118.5,117.2,04:24,11:39,26,820
2026-10-13,P-36,Ireneusz Wysocki,S-R18,122.7,121.2,04:53,11:29,25,780
2026-10-13,P-36,Patryk Borkowski,S-R19,110.2,109.4,13:16,20:17,24,784
2026-10-13,P-37,Piotr Adamczyk,N-R23,203.8,204.1,05:02,10:42,12,808
2026-10-13,P-38,Arkadiusz Lis,S-R20,217.6,214.5,04:57,11:45,20,932
2026-10-14,P-01,Grzegorz Pawlak,N-R14,218.9,215.8,05:09,12:21,21,929
2026-10-14,P-02,Anna Sadowska,S-R08,81.4,52.6,05:28,12:16,33,889
2026-10-14,P-03,Dariusz Kaczmarek,N-R03,119.1,118.1,04:55,11:18,26,873
2026-10-14,P-04,Paweł Zieliński,N-R09,136.1,135.8,05:04,11:53,28,712
2026-10-14,P-05,Janusz Kozłowski,S-R03,122.9,123.7,04:59,11:33,27,992
2026-10-14,P-07,Zbigniew Michalski,S-R01,120.5,120.8,04:51,11:30,27,1105
2026-10-14,P-08,Rafał Dudek,N-R05,94.6,92.9,04:55,11:07,24,640
2026-10-14,P-08,Łukasz Szymański,N-R17,77.4,76.5,13:16,17:46,17,653
2026-10-14,P-09,Adam Mazur,N-R02,116.7,117.2,05:12,11:54,27,774
2026-10-14,P-09,Kamil Krawczyk,N-R19,114.9,114.7,13:33,19:44,20,636
2026-10-14,P-10,Joanna Król,S-R12,97.7,68.7,06:01,12:40,30,670
2026-10-14,P-12,Henryk Walczak,S-R05,92.7,92.5,05:13,11:01,21,716
2026-10-14,P-12,Damian Stępień,S-R15,79.3,78.6,12:54,17:23,18,614
2026-10-14,P-13,Sebastian Jabłoński,N-R07,138.9,137.3,04:56,13:45,28,858
2026-10-14,P-14,Artur Pietrzak,N-R16,105.4,104.0,05:47,12:00,23,1038
2026-10-14,P-15,Stanisław Czarnecki,S-R10,100.7,99.9,05:48,11:50,27,809
2026-10-14,P-16,Monika Kubiak,N-R12,134.8,134.6,05:25,13:40,33,620
2026-10-14,P-17,Waldemar Kasprzak,S-R06,103.9,102.3,05:18,11:53,32,706
2026-10-14,P-18,Ryszard Mróz,S-R11,83.4,83.2,06:00,11:45,35,919
2026-10-14,P-19,Robert Wróbel,N-R01,131.8,129.8,05:03,11:08,22,716
2026-10-14,P-20,Leszek Ostrowski,S-R07,130.6,129.9,04:59,12:11,28,817
2026-10-14,P-21,Michał Kowalczyk,N-R10,144.7,143.6,05:13,11:38,25,930
2026-10-14,P-22,Wojciech Nowicki,N-R06,144.3,144.9,05:15,12:01,26,939
2026-10-14,P-23,Jerzy Tomaszewski,S-R02,124.6,124.3,04:56,11:53,28,1066
2026-10-14,P-24,Mariusz Grabowski,N-R04,135.1,133.4,04:42,10:15,20,713
2026-10-14,P-24,Przemysław Olszewski,N-R20,132.8,132.4,13:23,18:56,17,571
2026-10-14,P-25,Marcin Pawłowski,S-R04,143.1,141.4,04:51,11:34,27,807
2026-10-14,P-26,Agnieszka Lewandowska,N-R13,126.7,125.9,04:52,12:02,28,933
2026-10-14,P-27,Magdalena Jankowska,S-R13,104.7,103.8,05:26,11:25,28,853
2026-10-14,P-28,Bartosz Sikora,N-R18,123.1,124.1,06:08,13:10,26,745
2026-10-14,P-29,Dawid Majewski,S-R14,205.7,203.2,05:17,11:55,17,673
2026-10-14,P-30,Tadeusz Baran,N-R08,128.5,126.7,05:01,11:47,28,997
2026-10-14,P-31,Szymon Wróblewski,S-R09,136.7,134.7,05:06,12:16,26,665
2026-10-14,P-32,Andrzej Zając,S-R16,105.2,105.1,06:00,12:07,21,588
2026-10-14,P-33,Krzysztof Górski,N-R15,198.5,197.2,04:45,11:59,17,867
2026-10-14,P-34,Wiesław Kołodziej,S-R17,116.8,115.4,04:54,10:53,27,955
2026-10-14,P-35,Marek Zawadzki,N-R22,108.8,108.9,04:19,09:58,27,992
2026-10-14,P-36,Ireneusz Wysocki,S-R18,112.8,111.6,04:53,10:45,26,814
2026-10-14,P-36,Patryk Borkowski,S-R19,103.1,103.0,13:39,19:18,23,823
2026-10-14,P-37,Piotr Adamczyk,N-R23,263.8,264.1,05:18,13:30,16,777
2026-10-14,P-38,Arkadiusz Lis,S-R20,179.3,178.6,05:24,11:37,18,1129
2026-10-15,P-01,Grzegorz Pawlak,N-R14,195.4,192.5,05:15,11:47,20,878
2026-10-15,P-02,Anna Sadowska,S-R08,90.1,52.8,05:53,14:04,40,802
2026-10-15,P-03,Dariusz Kaczmarek,N-R03,127.2,125.4,04:42,11:17,28,762
2026-10-15,P-04,Paweł Zieliński,N-R09,133.5,132.5,05:14,11:19,26,750
2026-10-15,P-05,Janusz Kozłowski,S-R03,125.7,125.8,04:58,11:49,26,696
2026-10-15,P-06,Katarzyna Wójcik,N-R21,84.7,59.3,05:19,12:04,32,953
2026-10-15,P-07,Zbigniew Michalski,S-R01,120.1,119.3,04:52,10:59,26,987
2026-10-15,P-08,Rafał Dudek,N-R05,95.0,94.4,05:03,10:31,21,718
2026-10-15,P-08,Emil Sobczak,N-R17,69.1,68.3,13:04,17:47,21,673
2026-10-15,P-09,Adam Mazur,N-R02,112.6,113.3,05:07,11:33,24,679
2026-10-15,P-09,Kamil Krawczyk,N-R19,113.2,113.6,12:58,18:56,24,641
2026-10-15,P-10,Joanna Król,S-R12,97.4,73.5,05:59,13:29,35,828
2026-10-15,P-11,Jacek Wieczorek,N-R11,84.9,69.8,05:41,11:21,34,884
2026-10-15,P-12,Henryk Walczak,S-R05,99.1,98.0,04:55,10:34,22,747
2026-10-15,P-12,Damian Stępień,S-R15,79.2,78.7,12:48,17:21,19,671
2026-10-15,P-13,Sebastian Jabłoński,N-R07,142.7,142.0,04:56,11:35,25,782
2026-10-15,P-15,Stanisław Czarnecki,S-R10,103.1,103.2,05:46,12:41,32,947
2026-10-15,P-16,Monika Kubiak,N-R12,159.3,129.4,05:23,13:11,33,726
2026-10-15,P-18,Ryszard Mróz,S-R11,84.8,62.9,05:56,13:12,38,779
2026-10-15,P-19,Robert Wróbel,N-R01,140.1,139.4,04:57,11:52,24,808
2026-10-15,P-20,Leszek Ostrowski,S-R07,123.8,124.1,05:32,12:10,26,766
2026-10-15,P-21,Michał Kowalczyk,N-R10,136.7,134.9,05:27,11:55,28,910
2026-10-15,P-22,Wojciech Nowicki,N-R06,109.0,108.1,05:36,12:27,32,1033
2026-10-15,P-23,Jerzy Tomaszewski,S-R02,114.9,114.6,05:00,10:36,23,1009
2026-10-15,P-24,Mariusz Grabowski,N-R04,146.6,146.3,05:07,11:23,20,555
2026-10-15,P-24,Przemysław Olszewski,N-R20,131.3,130.4,13:17,19:04,17,583
2026-10-15,P-25,Marcin Pawłowski,S-R04,141.9,140.5,05:03,12:57,25,816
2026-10-15,P-26,Agnieszka Lewandowska,N-R13,115.9,114.8,05:34,12:52,28,748
2026-10-15,P-27,Magdalena Jankowska,S-R13,90.2,90.0,05:22,11:04,26,1055
2026-10-15,P-28,Bartosz Sikora,N-R18,106.0,104.0,05:49,11:57,23,688
2026-10-15,P-30,Tadeusz Baran,N-R08,128.6,128.1,04:55,11:45,29,778
2026-10-15,P-31,Szymon Wróblewski,S-R09,142.6,140.5,04:51,11:21,24,783
2026-10-15,P-32,Andrzej Zając,S-R16,103.9,103.9,05:36,12:17,28,890
2026-10-15,P-33,Krzysztof Górski,N-R15,190.2,189.2,04:39,11:24,18,806
2026-10-15,P-34,Wiesław Kołodziej,S-R17,117.7,117.6,04:38,10:53,25,966
2026-10-15,P-35,Marek Zawadzki,N-R22,117.0,116.9,04:41,10:42,26,805
2026-10-15,P-36,Radosław Kalinowski,S-R18,111.9,110.7,05:08,11:02,23,717
2026-10-15,P-36,Patryk Borkowski,S-R19,122.7,121.1,13:02,18:25,18,785
2026-10-15,P-37,Piotr Adamczyk,N-R23,203.5,203.0,04:55,12:35,18,935
2026-10-15,P-38,Arkadiusz Lis,S-R20,285.1,285.0,05:12,14:22,21,941
2026-10-16,P-01,Grzegorz Pawlak,N-R14,247.2,245.4,05:12,12:44,16,1001
2026-10-16,P-02,Anna Sadowska,S-R08,88.6,65.0,05:43,11:33,33,681
2026-10-16,P-03,Dariusz Kaczmarek,N-R03,125.6,122.4,05:06,12:10,29,925
2026-10-16,P-04,Konrad Szewczyk,N-R09,135.9,133.6,04:50,10:49,25,853
2026-10-16,P-05,Janusz Kozłowski,S-R03,132.0,133.1,05:09,11:54,25,892
2026-10-16,P-06,Katarzyna Wójcik,N-R21,73.8,53.3,05:31,11:28,35,950
2026-10-16,P-07,Zbigniew Michalski,S-R01,129.8,128.9,04:30,10:57,23,971
2026-10-16,P-08,Rafał Dudek,N-R05,90.7,90.7,05:06,10:00,22,774
2026-10-16,P-08,Łukasz Szymański,N-R17,78.7,77.4,13:09,19:16,31,586
2026-10-16,P-10,Joanna Król,S-R12,84.9,84.7,05:34,11:24,32,833
2026-10-16,P-11,Jacek Wieczorek,N-R11,98.1,97.8,05:39,12:55,30,930
2026-10-16,P-12,Henryk Walczak,S-R05,99.3,98.1,04:44,09:29,21,768
2026-10-16,P-12,Damian Stępień,S-R15,85.7,85.6,12:47,18:10,21,542
2026-10-16,P-13,Sebastian Jabłoński,N-R07,140.8,138.4,05:03,11:38,24,844
2026-10-16,P-14,Artur Pietrzak,N-R16,90.4,88.7,05:48,12:03,26,667
2026-10-16,P-15,Stanisław Czarnecki,S-R10,103.4,101.4,05:32,11:42,26,651
2026-10-16,P-16,Monika Kubiak,N-R12,133.0,131.9,04:56,12:31,34,701
2026-10-16,P-18,Ryszard Mróz,S-R11,104.9,63.8,05:48,12:44,32,902
2026-10-16,P-19,Robert Wróbel,N-R01,135.7,135.8,04:56,10:53,23,854
2026-10-16,P-20,Leszek Ostrowski,S-R07,125.3,125.7,05:15,11:16,27,897
2026-10-16,P-21,Michał Kowalczyk,N-R10,139.9,140.2,05:13,11:56,27,836
2026-10-16,P-22,Wojciech Nowicki,N-R06,108.4,107.6,05:24,11:45,28,900
2026-10-16,P-23,Jerzy Tomaszewski,S-R02,130.3,129.0,04:45,11:18,25,1038
2026-10-16,P-24,Mariusz Grabowski,N-R04,140.6,138.1,05:14,12:10,18,634
2026-10-16,P-24,Przemysław Olszewski,N-R20,121.3,120.4,13:04,18:56,18,575
2026-10-16,P-25,Marcin Pawłowski,S-R04,137.7,136.2,05:08,11:25,25,863
2026-10-16,P-26,Agnieszka Lewandowska,N-R13,117.1,116.5,05:50,12:10,25,734
2026-10-16,P-27,Magdalena Jankowska,S-R13,91.9,92.5,05:20,11:02,28,970
2026-10-16,P-28,Bartosz Sikora,N-R18,96.4,96.4,06:23,12:39,25,908
2026-10-16,P-30,Emil Sobczak,N-R08,141.2,139.2,05:18,11:28,27,859
2026-10-16,P-31,Szymon Wróblewski,S-R09,136.3,134.5,04:49,10:59,26,787
2026-10-16,P-33,Krzysztof Górski,N-R15,197.0,195.8,05:22,12:22,22,651
2026-10-16,P-34,Wiesław Kołodziej,S-R17,129.7,130.8,04:47,11:07,26,1236
2026-10-16,P-35,Marek Zawadzki,N-R22,104.9,104.7,04:28,10:33,25,1284
2026-10-16,P-36,Ireneusz Wysocki,S-R18,116.3,114.0,05:07,10:44,24,834
2026-10-16,P-36,Patryk Borkowski,S-R19,98.0,97.1,12:58,18:17,21,705
2026-10-16,P-37,Piotr Adamczyk,N-R23,209.0,211.0,05:11,11:19,15,515
2026-10-16,P-38,Kinga Dziedzic,S-R20,170.3,168.6,05:03,11:00,16,876
2026-10-17,P-02,Anna Sadowska,S-R08,58.7,43.3,05:03,10:00,26,679
2026-10-17,P-03,Dariusz Kaczmarek,N-R03,89.7,88.7,04:32,11:12,24,909
2026-10-17,P-04,Paweł Zieliński,N-R09,106.6,105.8,04:30,10:25,27,656
2026-10-17,P-05,Janusz Kozłowski,S-R03,93.3,93.0,04:58,09:46,24,856
2026-10-17,P-07,Zbigniew Michalski,S-R01,131.2,131.4,04:28,11:00,26,1190
2026-10-17,P-08,Rafał Dudek,N-R05,97.8,95.9,04:48,09:11,19,660
2026-10-17,P-09,Adam Mazur,N-R02,97.5,98.0,04:38,09:43,23,665
2026-10-17,P-11,Jacek Wieczorek,N-R11,85.7,84.8,04:56,11:58,30,935
2026-10-17,P-12,Henryk Walczak,S-R05,92.2,91.2,04:46,09:40,20,811
2026-10-17,P-13,Sebastian Jabłoński,N-R07,119.6,118.3,04:49,10:22,24,828
2026-10-17,P-16,Monika Kubiak,N-R12,126.5,125.7,05:11,13:05,31,896
2026-10-17,P-17,Waldemar Kasprzak,S-R06,70.7,70.2,04:58,09:31,24,902
2026-10-17,P-19,Robert Wróbel,N-R01,112.5,111.2,04:47,09:51,20,775
2026-10-17,P-22,Wojciech Nowicki,N-R06,94.8,93.7,05:10,10:34,26,974
2026-10-17,P-23,Jerzy Tomaszewski,S-R02,91.8,92.3,04:43,09:56,22,1100
2026-10-17,P-26,Agnieszka Lewandowska,N-R13,98.8,99.3,05:03,10:34,22,868
2026-10-17,P-33,Krzysztof Górski,N-R15,149.8,148.4,04:44,11:37,15,835
2026-10-17,P-34,Wiesław Kołodziej,S-R17,105.1,104.4,04:03,09:38,23,1145
2026-10-17,P-35,Marek Zawadzki,N-R22,92.1,92.2,04:39,09:55,26,1031
2026-10-17,P-36,Ireneusz Wysocki,S-R18,100.3,99.7,04:25,09:21,21,788
2026-10-19,P-01,Grzegorz Pawlak,N-R14,178.4,178.5,04:59,11:19,17,876
2026-10-19,P-02,Anna Sadowska,S-R08,74.4,55.6,05:30,12:07,33,940
2026-10-19,P-03,Dariusz Kaczmarek,N-R03,113.1,112.5,04:39,11:15,26,990
2026-10-19,P-04,Paweł Zieliński,N-R09,150.9,148.7,04:40,12:00,28,898
2026-10-19,P-05,Janusz Kozłowski,S-R03,123.8,122.3,05:09,11:32,26,928
2026-10-19,P-06,Katarzyna Wójcik,N-R21,93.0,54.7,05:35,11:48,31,895
2026-10-19,P-07,Zbigniew Michalski,S-R01,135.5,134.6,04:40,11:51,27,1146
2026-10-19,P-08,Rafał Dudek,N-R05,90.8,90.2,05:13,10:23,21,738
2026-10-19,P-08,Łukasz Szymański,N-R17,84.4,83.3,12:54,17:57,22,685
2026-10-19,P-09,Adam Mazur,N-R02,145.8,145.1,04:51,11:11,26,722
2026-10-19,P-09,Kamil Krawczyk,N-R19,114.8,114.4,12:59,18:44,18,658
2026-10-19,P-10,Joanna Król,S-R12,83.9,83.6,05:56,13:38,33,728
2026-10-19,P-11,Jacek Wieczorek,N-R11,94.8,76.9,05:29,12:40,36,938
2026-10-19,P-12,Henryk Walczak,S-R05,113.8,112.3,04:59,11:35,24,678
2026-10-19,P-12,Damian Stępień,S-R15,87.6,87.2,13:05,18:39,19,629
2026-10-19,P-13,Konrad Szewczyk,N-R07,134.9,133.8,04:59,11:22,25,796
2026-10-19,P-14,Artur Pietrzak,N-R16,97.4,96.6,05:49,11:03,19,769
2026-10-19,P-15,Stanisław Czarnecki,S-R10,85.3,84.8,05:35,11:35,29,1008
2026-10-19,P-16,Monika Kubiak,N-R12,139.2,89.0,05:08,13:02,35,610
2026-10-19,P-17,Waldemar Kasprzak,S-R06,112.7,111.9,05:07,12:20,30,799
2026-10-19,P-18,Kinga Dziedzic,S-R11,114.8,72.7,05:41,12:54,33,951
2026-10-19,P-19,Robert Wróbel,N-R01,133.4,131.5,04:59,12:06,22,640
2026-10-19,P-20,Leszek Ostrowski,S-R07,131.1,130.0,05:16,12:30,29,915
2026-10-19,P-22,Wojciech Nowicki,N-R06,115.0,113.8,05:19,11:22,28,986
2026-10-19,P-23,Jerzy Tomaszewski,S-R02,123.7,123.2,04:52,11:07,26,1034
2026-10-19,P-24,Mariusz Grabowski,N-R04,159.8,158.9,04:48,11:43,20,677
2026-10-19,P-24,Przemysław Olszewski,N-R20,125.4,125.2,13:18,19:08,18,731
2026-10-19,P-25,Marcin Pawłowski,S-R04,140.6,139.5,04:52,11:35,24,859
2026-10-19,P-26,Agnieszka Lewandowska,N-R13,125.4,124.4,05:26,12:33,29,791
2026-10-19,P-27,Magdalena Jankowska,S-R13,116.3,116.0,05:36,11:52,30,962
2026-10-19,P-28,Bartosz Sikora,N-R18,119.8,119.0,05:53,12:15,24,851
2026-10-19,P-29,Dawid Majewski,S-R14,222.2,219.5,04:54,12:08,19,802
2026-10-19,P-30,Tadeusz Baran,N-R08,130.1,129.2,05:01,11:55,27,829
2026-10-19,P-31,Szymon Wróblewski,S-R09,150.4,149.1,05:14,11:55,24,892
2026-10-19,P-32,Radosław Kalinowski,S-R16,99.6,99.8,06:22,12:31,26,806
2026-10-19,P-33,Krzysztof Górski,N-R15,192.8,190.4,05:22,12:20,18,777
2026-10-19,P-34,Wiesław Kołodziej,S-R17,132.5,131.4,04:57,11:46,23,1093
2026-10-19,P-35,Marek Zawadzki,N-R22,107.2,105.8,05:00,11:05,28,832
2026-10-19,P-36,Ireneusz Wysocki,S-R18,126.8,125.4,05:17,12:00,25,636
2026-10-19,P-36,Patryk Borkowski,S-R19,95.6,94.2,13:00,18:19,23,934
2026-10-19,P-37,Emil Sobczak,N-R23,201.6,201.1,04:48,11:26,15,799
2026-10-19,P-38,Arkadiusz Lis,S-R20,223.8,223.2,05:19,12:29,19,1083
2026-10-20,P-01,Grzegorz Pawlak,N-R14,197.6,197.2,05:29,12:18,16,825
2026-10-20,P-02,Anna Sadowska,S-R08,86.1,60.3,05:48,12:25,36,878
2026-10-20,P-03,Dariusz Kaczmarek,N-R03,110.5,109.9,04:35,09:51,20,1137
2026-10-20,P-04,Paweł Zieliński,N-R09,134.1,131.6,04:56,11:10,26,940
2026-10-20,P-05,Janusz Kozłowski,S-R03,120.3,119.2,04:50,10:43,27,983
2026-10-20,P-06,Katarzyna Wójcik,N-R21,92.3,66.1,05:59,12:57,32,956
2026-10-20,P-07,Zbigniew Michalski,S-R01,123.5,125.3,04:59,11:56,26,1130
2026-10-20,P-08,Rafał Dudek,N-R05,95.7,94.7,04:53,11:20,24,591
2026-10-20,P-08,Łukasz Szymański,N-R17,74.1,73.5,12:58,17:06,20,662
2026-10-20,P-09,Adam Mazur,N-R02,123.5,124.0,05:16,11:19,22,627
2026-10-20,P-09,Kamil Krawczyk,N-R19,115.4,115.4,12:52,18:25,21,677
2026-10-20,P-10,Joanna Król,S-R12,93.7,93.6,05:46,12:07,33,641
2026-10-20,P-11,Jacek Wieczorek,N-R11,103.9,70.6,05:33,12:05,30,768
2026-10-20,P-12,Henryk Walczak,S-R05,98.0,96.4,05:14,10:37,21,637
2026-10-20,P-12,Damian Stępień,S-R15,82.4,81.7,12:58,17:52,22,577
2026-10-20,P-13,Konrad Szewczyk,N-R07,135.6,134.3,05:05,12:16,27,853
2026-10-20,P-14,Artur Pietrzak,N-R16,105.1,103.2,05:32,11:37,26,949
2026-10-20,P-15,Stanisław Czarnecki,S-R10,114.3,112.8,05:29,12:22,26,1071
2026-10-20,P-16,Monika Kubiak,N-R12,173.7,146.4,05:03,14:33,35,839
2026-10-20,P-17,Waldemar Kasprzak,S-R06,97.7,96.3,04:48,11:02,30,1013
2026-10-20,P-18,Kinga Dziedzic,S-R11,81.5,81.1,05:52,11:55,36,806
2026-10-20,P-19,Robert Wróbel,N-R01,128.3,127.7,04:59,11:31,26,753
2026-10-20,P-20,Leszek Ostrowski,S-R07,126.8,125.4,05:24,11:30,26,858
2026-10-20,P-21,Michał Kowalczyk,N-R10,139.9,139.8,05:12,12:07,28,825
2026-10-20,P-22,Emil Sobczak,N-R06,104.5,103.6,05:37,12:17,30,906
2026-10-20,P-23,Jerzy Tomaszewski,S-R02,120.2,119.8,05:14,11:23,23,1099
2026-10-20,P-24,Mariusz Grabowski,N-R04,148.7,146.8,05:08,11:09,22,700
2026-10-20,P-24,Przemysław Olszewski,N-R20,121.9,122.1,13:14,18:48,20,700
2026-10-20,P-25,Marcin Pawłowski,S-R04,143.7,141.1,04:46,12:05,27,722
2026-10-20,P-26,Agnieszka Lewandowska,N-R13,119.8,119.1,05:07,12:03,26,863
2026-10-20,P-27,Magdalena Jankowska,S-R13,122.2,122.2,05:38,12:25,28,818
2026-10-20,P-28,Bartosz Sikora,N-R18,110.7,110.0,06:10,12:07,23,655
2026-10-20,P-29,Dawid Majewski,S-R14,194.4,192.1,04:39,10:33,15,768
2026-10-20,P-30,Tadeusz Baran,N-R08,127.2,126.0,05:16,13:06,29,881
2026-10-20,P-31,Szymon Wróblewski,S-R09,140.8,138.4,05:13,12:27,26,900
2026-10-20,P-32,Radosław Kalinowski,S-R16,101.7,102.3,06:02,11:06,22,879
2026-10-20,P-33,Krzysztof Górski,N-R15,190.3,187.9,04:57,11:44,18,785
2026-10-20,P-34,Wiesław Kołodziej,S-R17,132.8,132.7,04:08,11:05,28,1042
2026-10-20,P-35,Marek Zawadzki,N-R22,101.6,102.3,04:29,10:29,24,987
2026-10-20,P-36,Ireneusz Wysocki,S-R18,115.4,113.9,05:00,10:43,23,873
2026-10-20,P-36,Patryk Borkowski,S-R19,93.9,92.4,13:14,18:44,21,779
2026-10-20,P-37,Piotr Adamczyk,N-R23,196.7,195.9,05:05,11:08,19,899
2026-10-20,P-38,Arkadiusz Lis,S-R20,192.2,191.7,05:09,11:18,19,940
2026-10-21,P-01,Grzegorz Pawlak,N-R14,200.3,198.4,05:17,12:00,19,641
2026-10-21,P-02,Radosław Kalinowski,S-R08,82.9,81.7,05:54,13:07,33,809
2026-10-21,P-04,Paweł Zieliński,N-R09,135.2,133.8,05:05,11:30,29,950
2026-10-21,P-05,Janusz Kozłowski,S-R03,127.3,126.9,04:30,10:46,22,836
2026-10-21,P-06,Katarzyna Wójcik,N-R21,70.5,50.8,05:47,12:19,33,921
2026-10-21,P-07,Zbigniew Michalski,S-R01,118.6,119.6,04:54,11:07,30,1074
2026-10-21,P-08,Rafał Dudek,N-R05,86.0,84.7,04:50,10:03,20,703
2026-10-21,P-08,Łukasz Szymański,N-R17,74.1,73.6,13:06,17:45,19,546
2026-10-21,P-09,Adam Mazur,N-R02,118.5,118.6,04:45,11:06,24,714
2026-10-21,P-09,Kamil Krawczyk,N-R19,113.2,113.1,13:11,19:17,25,678
2026-10-21,P-11,Jacek Wieczorek,N-R11,105.7,104.7,05:30,12:00,34,1118
2026-10-21,P-12,Henryk Walczak,S-R05,94.5,93.8,05:04,10:33,22,713
2026-10-21,P-12,Damian Stępień,S-R15,83.6,83.1,12:53,18:29,23,787
2026-10-21,P-13,Konrad Szewczyk,N-R07,141.2,140.0,05:20,12:16,29,881
2026-10-21,P-15,Stanisław Czarnecki,S-R10,83.0,82.4,05:37,10:38,26,955
2026-10-21,P-16,Monika Kubiak,N-R12,135.1,135.4,05:11,12:52,36,876
2026-10-21,P-17,Waldemar Kasprzak,S-R06,109.4,108.3,05:06,12:06,30,697
2026-10-21,P-18,Kinga Dziedzic,S-R11,88.3,67.0,05:36,11:55,34,843
2026-10-21,P-19,Robert Wróbel,N-R01,129.9,128.2,04:52,11:25,26,881
2026-10-21,P-20,Leszek Ostrowski,S-R07,126.0,123.5,05:24,11:31,26,844
2026-10-21,P-21,Michał Kowalczyk,N-R10,140.2,137.8,05:14,11:44,29,786
2026-10-21,P-22,Wojciech Nowicki,N-R06,121.8,120.2,05:28,11:55,27,755
2026-10-21,P-24,Mariusz Grabowski,N-R04,141.8,140.8,05:14,11:17,23,692
2026-10-21,P-24,Przemysław Olszewski,N-R20,138.5,137.8,13:30,19:09,19,708
2026-10-21,P-25,Marcin Pawłowski,S-R04,144.4,143.3,05:03,11:49,24,755
2026-10-21,P-26,Agnieszka Lewandowska,N-R13,122.7,121.0,05:12,11:54,28,875
2026-10-21,P-27,Magdalena Jankowska,S-R13,104.0,103.5,05:24,12:01,31,806
2026-10-21,P-28,Bartosz Sikora,N-R18,112.1,112.4,06:01,12:01,26,766
2026-10-21,P-29,Dawid Majewski,S-R14,205.1,203.9,04:45,11:38,17,622
2026-10-21,P-30,Tadeusz Baran,N-R08,129.5,128.4,05:23,11:41,27,767
2026-10-21,P-31,Szymon Wróblewski,S-R09,133.7,132.2,04:55,10:21,17,977
2026-10-21,P-32,Andrzej Zając,S-R16,112.5,111.9,06:04,12:15,27,815
2026-10-21,P-33,Krzysztof Górski,N-R15,191.7,191.7,04:50,12:30,26,962
2026-10-21,P-34,Wiesław Kołodziej,S-R17,131.0,128.8,04:33,10:47,25,1218
2026-10-21,P-35,Marek Zawadzki,N-R22,116.6,116.9,04:51,11:12,24,1035
2026-10-21,P-36,Ireneusz Wysocki,S-R18,121.0,119.6,04:56,11:31,23,867
2026-10-21,P-36,Patryk Borkowski,S-R19,95.8,,13:05,18:26,24,932
2026-10-21,P-37,Emil Sobczak,N-R23,184.1,182.6,05:09,11:02,16,962
2026-10-21,P-38,Arkadiusz Lis,S-R20,247.3,246.6,05:06,13:06,22,692
2026-10-22,P-01,Grzegorz Pawlak,N-R14,234.9,231.6,04:58,11:52,18,895
2026-10-22,P-02,Kinga Dziedzic,S-R08,112.8,63.1,05:43,13:56,39,959
2026-10-22,P-03,Dariusz Kaczmarek,N-R03,108.7,107.3,04:42,10:24,25,1007
2026-10-22,P-04,Paweł Zieliński,N-R09,135.2,135.3,05:04,11:46,28,831
2026-10-22,P-06,Katarzyna Wójcik,N-R21,92.3,56.8,05:44,12:59,33,914
2026-10-22,P-07,Zbigniew Michalski,S-R01,150.8,150.5,04:38,11:26,27,1077
2026-10-22,P-08,Rafał Dudek,N-R05,84.4,82.4,05:23,11:02,21,695
2026-10-22,P-08,Łukasz Szymański,N-R17,92.9,91.3,12:51,18:04,19,739
2026-10-22,P-09,Adam Mazur,N-R02,139.2,140.6,05:00,11:40,27,747
2026-10-22,P-09,Kamil Krawczyk,N-R19,102.3,102.0,12:47,18:45,25,704
2026-10-22,P-10,Radosław Kalinowski,S-R12,89.4,63.9,05:52,12:05,30,570
2026-10-22,P-11,Jacek Wieczorek,N-R11,112.0,84.1,05:29,13:28,37,960
2026-10-22,P-12,Henryk Walczak,S-R05,87.1,85.3,05:08,10:42,25,797
2026-10-22,P-12,Damian Stępień,S-R15,84.0,83.1,13:13,18:20,21,591
2026-10-22,P-13,Konrad Szewczyk,N-R07,137.8,136.3,04:58,11:02,26,669
2026-10-22,P-14,Artur Pietrzak,N-R16,82.9,81.4,05:10,10:54,24,951
2026-10-22,P-15,Stanisław Czarnecki,S-R10,94.5,93.3,05:48,11:37,26,904
2026-10-22,P-16,Monika Kubiak,N-R12,162.5,128.1,05:22,14:29,39,772
2026-10-22,P-17,Waldemar Kasprzak,S-R06,124.9,123.2,05:12,12:28,28,1024
2026-10-22,P-18,Ryszard Mróz,S-R11,92.2,62.2,05:52,13:15,35,792
2026-10-22,P-19,Robert Wróbel,N-R01,137.7,136.6,05:20,11:29,23,876
2026-10-22,P-20,Leszek Ostrowski,S-R07,139.7,137.3,05:07,11:07,24,735
2026-10-22,P-21,Michał Kowalczyk,N-R10,136.5,137.1,05:26,11:51,22,826
2026-10-22,P-22,Wojciech Nowicki,N-R06,110.4,109.4,05:43,12:18,31,771
2026-10-22,P-23,Jerzy Tomaszewski,S-R02,117.7,117.1,05:02,11:08,28,995
2026-10-22,P-24,Mariusz Grabowski,N-R04,149.6,148.3,05:11,11:45,22,837
2026-10-22,P-24,Przemysław Olszewski,N-R20,122.3,121.3,13:18,19:12,17,629
2026-10-22,P-25,Marcin Pawłowski,S-R04,143.4,142.7,05:07,11:59,26,855
2026-10-22,P-27,Magdalena Jankowska,S-R13,100.6,100.7,05:34,11:13,23,972
2026-10-22,P-28,Bartosz Sikora,N-R18,106.5,105.6,06:24,11:32,17,843
2026-10-22,P-29,Dawid Majewski,S-R14,216.0,214.4,04:47,12:05,17,842
2026-10-22,P-30,Tadeusz Baran,N-R08,131.6,130.2,05:12,12:29,26,690
2026-10-22,P-31,Szymon Wróblewski,S-R09,139.5,138.4,05:03,11:36,29,725
2026-10-22,P-32,Andrzej Zając,S-R16,111.0,110.4,06:06,11:56,27,926
2026-10-22,P-33,Krzysztof Górski,N-R15,189.6,187.0,05:00,13:00,16,819
2026-10-22,P-35,Marek Zawadzki,N-R22,101.4,100.6,04:51,10:55,25,965
2026-10-22,P-36,Ireneusz Wysocki,S-R18,125.9,124.5,04:57,11:35,25,800
2026-10-22,P-36,Patryk Borkowski,S-R19,101.3,99.9,12:52,17:55,21,720
2026-10-22,P-37,Emil Sobczak,N-R23,208.0,206.9,05:06,11:36,18,817
2026-10-22,P-38,Arkadiusz Lis,S-R20,217.9,216.1,05:12,11:59,19,1019
2026-10-23,P-01,Grzegorz Pawlak,N-R14,271.4,269.6,05:11,14:10,20,874
2026-10-23,P-02,Anna Sadowska,S-R08,80.6,79.6,05:21,11:14,34,858
2026-10-23,P-03,Dariusz Kaczmarek,N-R03,148.1,146.6,04:47,11:57,26,1016
2026-10-23,P-04,Paweł Zieliński,N-R09,133.5,132.0,05:02,12:15,28,822
2026-10-23,P-05,Kinga Dziedzic,S-R03,135.9,135.1,04:58,11:36,27,728
2026-10-23,P-08,Rafał Dudek,N-R05,93.9,93.7,04:51,09:51,20,766
2026-10-23,P-08,Łukasz Szymański,N-R17,74.6,73.7,12:58,17:49,21,645
2026-10-23,P-09,Adam Mazur,N-R02,134.3,132.8,05:09,11:26,23,731
2026-10-23,P-09,Kamil Krawczyk,N-R19,112.2,110.4,13:13,20:13,22,672
2026-10-23,P-10,Joanna Król,S-R12,90.4,89.8,05:53,12:43,35,711
2026-10-23,P-11,Jacek Wieczorek,N-R11,91.3,90.6,05:36,12:33,33,882
2026-10-23,P-12,Henryk Walczak,S-R05,99.1,98.0,05:10,10:36,22,770
2026-10-23,P-12,Damian Stępień,S-R15,79.2,78.8,12:44,18:12,23,686
2026-10-23,P-13,Konrad Szewczyk,N-R07,141.1,139.9,05:09,11:54,27,946
2026-10-23,P-14,Artur Pietrzak,N-R16,109.6,109.0,05:36,11:36,27,755
2026-10-23,P-15,Stanisław Czarnecki,S-R10,89.9,89.2,05:54,11:57,31,934
2026-10-23,P-16,Monika Kubiak,N-R12,143.5,104.3,05:19,13:43,36,743
2026-10-23,P-18,Radosław Kalinowski,S-R11,85.3,60.5,05:34,11:34,37,857
2026-10-23,P-20,Leszek Ostrowski,S-R07,129.9,128.0,05:13,11:27,24,747
2026-10-23,P-21,Michał Kowalczyk,N-R10,141.8,141.4,04:58,11:00,24,776
2026-10-23,P-22,Wojciech Nowicki,N-R06,149.8,150.7,05:20,13:22,31,1063
2026-10-23,P-23,Jerzy Tomaszewski,S-R02,138.5,136.2,04:44,10:31,19,1013
2026-10-23,P-24,Mariusz Grabowski,N-R04,147.0,145.6,04:59,10:54,21,741
2026-10-23,P-24,Przemysław Olszewski,N-R20,124.3,122.0,13:18,18:30,19,605
2026-10-23,P-25,Marcin Pawłowski,S-R04,138.0,137.2,05:28,11:24,24,893
2026-10-23,P-26,Agnieszka Lewandowska,N-R13,137.7,137.1,05:24,11:50,25,769
2026-10-23,P-27,Magdalena Jankowska,S-R13,86.8,86.6,05:40,11:44,27,978
2026-10-23,P-28,Bartosz Sikora,N-R18,92.8,92.7,06:09,11:26,24,976
2026-10-23,P-29,Dawid Majewski,S-R14,191.8,191.6,04:52,11:13,17,919
2026-10-23,P-30,Tadeusz Baran,N-R08,128.3,125.2,05:21,12:04,30,742
2026-10-23,P-31,Szymon Wróblewski,S-R09,137.2,134.5,04:55,11:40,24,839
2026-10-23,P-32,Andrzej Zając,S-R16,102.4,101.9,06:00,11:56,23,729
2026-10-23,P-33,Krzysztof Górski,N-R15,184.2,183.5,05:09,11:58,21,775
2026-10-23,P-34,Wiesław Kołodziej,S-R17,121.0,120.6,04:36,10:39,25,1035
2026-10-23,P-35,Marek Zawadzki,N-R22,105.5,105.5,04:48,11:41,25,895
2026-10-23,P-36,Ireneusz Wysocki,S-R18,121.2,118.8,05:14,11:34,25,806
2026-10-23,P-36,Patryk Borkowski,S-R19,111.9,109.8,13:10,18:48,22,850
2026-10-23,P-37,Emil Sobczak,N-R23,219.8,218.8,05:13,12:26,14,936
2026-10-24,P-02,Anna Sadowska,S-R08,59.5,58.6,05:21,10:18,30,886
2026-10-24,P-04,Paweł Zieliński,N-R09,114.2,113.1,04:15,11:25,26,849
2026-10-24,P-05,Janusz Kozłowski,S-R03,100.1,100.0,04:46,09:57,20,863
2026-10-24,P-07,Zbigniew Michalski,S-R01,139.8,140.7,04:17,11:09,26,945
2026-10-24,P-08,Rafał Dudek,N-R05,83.6,84.0,04:39,09:25,18,604
2026-10-24,P-09,Adam Mazur,N-R02,100.8,100.7,04:55,10:33,23,738
2026-10-24,P-11,Jacek Wieczorek,N-R11,74.6,59.0,05:14,10:15,31,916
2026-10-24,P-12,Henryk Walczak,S-R05,82.1,81.4,04:38,09:13,19,660
2026-10-24,P-13,Konrad Szewczyk,N-R07,120.7,120.0,04:14,09:47,24,911
2026-10-24,P-16,Monika Kubiak,N-R12,117.5,88.9,05:05,12:06,31,899
2026-10-24,P-17,Waldemar Kasprzak,S-R06,80.8,79.2,04:55,09:41,25,787
2026-10-24,P-19,Robert Wróbel,N-R01,116.5,116.0,04:25,10:12,20,920
2026-10-24,P-21,Michał Kowalczyk,N-R10,113.5,112.3,04:39,10:30,25,879
2026-10-24,P-23,Jerzy Tomaszewski,S-R02,94.5,93.9,04:56,10:10,22,1191
2026-10-24,P-25,Marcin Pawłowski,S-R04,109.6,108.7,04:22,09:39,23,770
2026-10-24,P-26,Agnieszka Lewandowska,N-R13,101.6,101.1,05:05,10:55,24,854
2026-10-24,P-30,Tadeusz Baran,N-R08,118.3,117.5,04:57,10:39,20,929
2026-10-24,P-31,Szymon Wróblewski,S-R09,109.0,108.2,04:35,09:51,24,785
2026-10-24,P-33,Krzysztof Górski,N-R15,150.8,149.5,04:28,09:28,14,813
2026-10-24,P-34,Wiesław Kołodziej,S-R17,80.4,79.6,04:15,09:17,25,982
2026-10-24,P-35,Marek Zawadzki,N-R22,96.4,95.3,04:03,09:15,23,1075
2026-10-24,P-36,Ireneusz Wysocki,S-R18,122.3,121.1,04:48,10:40,20,871
2026-10-26,P-01,Grzegorz Pawlak,N-R14,221.7,222.7,05:14,12:48,19,1034
2026-10-26,P-02,Anna Sadowska,S-R08,83.6,46.2,05:49,13:07,35,670
2026-10-26,P-03,Dariusz Kaczmarek,N-R03,111.8,110.3,05:15,12:15,27,1026
2026-10-26,P-04,Paweł Zieliński,N-R09,138.4,136.3,05:24,12:51,31,867
2026-10-26,P-05,Kinga Dziedzic,S-R03,126.1,126.3,05:02,11:45,25,835
2026-10-26,P-06,Katarzyna Wójcik,N-R21,104.3,75.0,05:39,12:31,32,964
2026-10-26,P-07,Radosław Kalinowski,S-R01,133.2,133.0,05:02,12:56,31,1068
2026-10-26,P-08,Rafał Dudek,N-R05,95.3,93.9,05:16,10:50,25,713
2026-10-26,P-08,Łukasz Szymański,N-R17,73.1,72.8,13:20,18:19,22,664
2026-10-26,P-09,Adam Mazur,N-R02,128.3,129.3,05:14,11:22,22,533
2026-10-26,P-09,Kamil Krawczyk,N-R19,114.3,113.3,12:57,19:25,23,700
2026-10-26,P-10,Joanna Król,S-R12,103.4,104.2,05:48,13:17,32,802
2026-10-26,P-11,Jacek Wieczorek,N-R11,97.3,79.7,05:31,13:28,38,834
2026-10-26,P-12,Henryk Walczak,S-R05,91.7,91.4,04:58,09:46,18,634
2026-10-26,P-12,Damian Stępień,S-R15,81.0,79.7,13:08,18:21,23,631
2026-10-26,P-14,Artur Pietrzak,N-R16,94.4,93.1,05:49,10:55,22,646
2026-10-26,P-15,Stanisław Czarnecki,S-R10,87.5,86.4,06:09,12:11,31,714
2026-10-26,P-16,Monika Kubiak,N-R12,138.6,138.3,05:08,12:44,34,685
2026-10-26,P-17,Waldemar Kasprzak,S-R06,108.7,105.8,05:14,11:24,24,1104
2026-10-26,P-18,Ryszard Mróz,S-R11,94.6,71.4,05:44,12:34,37,773
2026-10-26,P-19,Robert Wróbel,N-R01,137.2,135.3,04:46,12:08,25,755
2026-10-26,P-20,Leszek Ostrowski,S-R07,134.0,131.8,05:16,12:04,26,873
2026-10-26,P-21,Michał Kowalczyk,N-R10,134.6,134.0,05:21,12:38,27,803
2026-10-26,P-22,Wojciech Nowicki,N-R06,125.1,124.5,05:21,12:28,28,972
2026-10-26,P-23,Jerzy Tomaszewski,S-R02,113.6,112.7,04:46,11:13,27,1194
2026-10-26,P-24,Mariusz Grabowski,N-R04,147.5,145.8,04:42,11:20,21,712
2026-10-26,P-24,Przemysław Olszewski,N-R20,124.3,123.3,13:09,18:04,16,546
2026-10-26,P-25,Marcin Pawłowski,S-R04,139.4,136.9,05:03,11:53,24,886
2026-10-26,P-27,Magdalena Jankowska,S-R13,97.0,96.8,05:28,11:51,31,899
2026-10-26,P-28,Bartosz Sikora,N-R18,91.4,91.6,05:58,11:21,20,719
2026-10-26,P-29,Dawid Majewski,S-R14,213.1,211.6,04:51,11:51,16,785
2026-10-26,P-30,Tadeusz Baran,N-R08,138.0,135.8,05:09,12:17,26,761
2026-10-26,P-31,Szymon Wróblewski,S-R09,137.7,135.1,05:06,12:39,31,835
2026-10-26,P-32,Andrzej Zając,S-R16,115.6,116.7,06:01,13:18,23,866
2026-10-26,P-33,Krzysztof Górski,N-R15,186.7,183.5,05:11,12:02,19,780
2026-10-26,P-34,Wiesław Kołodziej,S-R17,102.7,102.0,04:44,11:42,32,901
2026-10-26,P-35,Marek Zawadzki,N-R22,144.2,144.0,04:46,11:33,29,1045
2026-10-26,P-36,Ireneusz Wysocki,S-R18,110.7,109.1,05:18,11:01,24,735
2026-10-26,P-36,Patryk Borkowski,S-R19,93.7,93.1,12:53,18:12,22,719
2026-10-26,P-37,Emil Sobczak,N-R23,214.0,212.5,05:17,12:07,16,715
2026-10-26,P-38,Arkadiusz Lis,S-R20,208.6,210.5,04:50,11:35,17,754
2026-10-27,P-03,Dariusz Kaczmarek,N-R03,129.9,127.9,04:47,11:24,27,972
2026-10-27,P-04,Paweł Zieliński,N-R09,140.7,139.8,05:01,12:09,25,907
2026-10-27,P-05,Janusz Kozłowski,S-R03,125.2,124.2,05:14,11:47,27,903
2026-10-27,P-07,Zbigniew Michalski,S-R01,131.2,131.8,04:37,11:31,31,1061
2026-10-27,P-08,Rafał Dudek,N-R05,97.0,96.7,04:59,11:55,22,748
2026-10-27,P-08,Łukasz Szymański,N-R17,73.1,72.0,12:51,18:28,19,606
2026-10-27,P-10,Joanna Król,S-R12,97.7,97.3,05:44,11:48,31,513
2026-10-27,P-11,Jacek Wieczorek,N-R11,75.6,75.8,05:43,11:32,30,735
2026-10-27,P-12,Henryk Walczak,S-R05,101.7,100.8,05:21,10:39,21,752
2026-10-27,P-12,Kinga Dziedzic,S-R15,76.8,76.5,12:51,17:19,13,766
2026-10-27,P-14,Artur Pietrzak,N-R16,91.1,90.4,05:55,11:50,30,733
2026-10-27,P-15,Stanisław Czarnecki,S-R10,92.2,90.2,05:53,11:47,25,952
2026-10-27,P-16,Monika Kubiak,N-R12,137.9,138.7,04:56,11:52,32,845
2026-10-27,P-17,Waldemar Kasprzak,S-R06,115.1,114.2,05:17,12:05,26,979
2026-10-27,P-18,Radosław Kalinowski,S-R11,79.3,55.8,06:05,12:28,31,895
2026-10-27,P-19,Robert Wróbel,N-R01,126.1,125.3,04:55,10:33,15,869
2026-10-27,P-20,Leszek Ostrowski,S-R07,126.3,126.0,04:54,11:35,25,858
2026-10-27,P-21,Michał Kowalczyk,N-R10,142.8,140.7,05:25,12:14,26,906
2026-10-27,P-22,Wojciech Nowicki,N-R06,110.3,109.1,05:15,12:21,32,912
2026-10-27,P-23,Jerzy Tomaszewski,S-R02,117.9,116.7,04:47,11:46,27,1230
2026-10-27,P-24,Mariusz Grabowski,N-R04,142.9,141.5,04:56,11:28,22,591
2026-10-27,P-24,Przemysław Olszewski,N-R20,125.8,124.6,13:19,18:37,20,680
2026-10-27,P-26,Agnieszka Lewandowska,N-R13,113.5,114.0,05:35,12:36,26,852
2026-10-27,P-27,Magdalena Jankowska,S-R13,89.3,89.1,05:42,11:57,27,834
2026-10-27,P-28,Bartosz Sikora,N-R18,98.1,99.0,05:58,11:48,27,803
2026-10-27,P-29,Dawid Majewski,S-R14,197.9,197.4,05:10,11:58,17,975
2026-10-27,P-30,Tadeusz Baran,N-R08,136.7,135.8,05:24,11:24,22,904
2026-10-27,P-31,Szymon Wróblewski,S-R09,130.2,129.7,05:02,10:59,24,817
2026-10-27,P-32,Andrzej Zając,S-R16,114.2,112.6,06:08,11:40,23,900
2026-10-27,P-33,Krzysztof Górski,N-R15,203.8,203.5,05:01,11:58,20,823
2026-10-27,P-34,Wiesław Kołodziej,S-R17,119.7,119.8,04:19,09:57,22,1003
2026-10-27,P-35,Marek Zawadzki,N-R22,113.3,112.4,04:23,10:45,26,869
2026-10-27,P-36,Ireneusz Wysocki,S-R18,110.8,108.6,05:06,11:28,25,919
2026-10-27,P-36,Patryk Borkowski,S-R19,106.5,104.9,13:00,18:45,24,679
2026-10-27,P-37,Emil Sobczak,N-R23,203.6,204.0,04:59,12:05,16,869
2026-10-27,P-38,Arkadiusz Lis,S-R20,199.0,197.0,05:12,11:57,20,773
2026-10-28,P-02,Anna Sadowska,S-R08,80.2,58.8,05:50,12:48,35,1007
2026-10-28,P-03,Dariusz Kaczmarek,N-R03,113.9,110.9,04:41,10:46,29,709
2026-10-28,P-04,Konrad Szewczyk,N-R09,139.6,138.0,04:42,11:12,29,819
2026-10-28,P-06,Katarzyna Wójcik,N-R21,78.5,77.9,05:56,11:31,35,888
2026-10-28,P-07,Zbigniew Michalski,S-R01,129.5,128.4,04:46,11:57,23,1054
2026-10-28,P-08,Rafał Dudek,N-R05,85.3,85.2,04:52,09:37,22,753
2026-10-28,P-08,Łukasz Szymański,N-R17,74.6,73.5,13:07,17:18,19,601
2026-10-28,P-09,Adam Mazur,N-R02,126.0,125.6,04:55,10:53,23,518
2026-10-28,P-09,Kamil Krawczyk,N-R19,103.0,103.8,13:22,19:31,24,663
2026-10-28,P-10,Joanna Król,S-R12,98.0,74.2,06:05,11:46,22,748
2026-10-28,P-11,Jacek Wieczorek,N-R11,79.7,61.1,05:40,11:34,35,935
2026-10-28,P-12,Henryk Walczak,S-R05,84.1,83.8,05:07,09:38,19,800
2026-10-28,P-12,Damian Stępień,S-R15,81.3,80.5,12:58,18:27,22,554
2026-10-28,P-13,Emil Sobczak,N-R07,148.8,147.1,05:11,11:44,26,799
2026-10-28,P-14,Artur Pietrzak,N-R16,90.2,88.1,06:17,10:53,22,850
2026-10-28,P-16,Monika Kubiak,N-R12,137.1,136.5,05:14,12:38,35,651
2026-10-28,P-17,Waldemar Kasprzak,S-R06,120.5,119.6,05:20,11:58,27,942
2026-10-28,P-18,Kinga Dziedzic,S-R11,89.6,66.9,06:22,12:04,33,876
2026-10-28,P-19,Robert Wróbel,N-R01,135.7,132.6,05:06,11:45,27,886
2026-10-28,P-20,Leszek Ostrowski,S-R07,129.3,127.5,05:19,12:24,27,882
2026-10-28,P-21,Michał Kowalczyk,N-R10,139.1,138.4,05:23,12:44,27,843
2026-10-28,P-22,Wojciech Nowicki,N-R06,135.7,134.1,05:43,12:56,30,829
2026-10-28,P-23,Jerzy Tomaszewski,S-R02,123.9,122.8,04:38,10:55,25,1057
2026-10-28,P-24,Mariusz Grabowski,N-R04,139.1,138.5,04:58,10:34,19,670
2026-10-28,P-24,Przemysław Olszewski,N-R20,120.9,121.5,13:28,18:40,20,711
2026-10-28,P-25,Marcin Pawłowski,S-R04,142.6,140.1,05:31,12:54,28,744
2026-10-28,P-26,Agnieszka Lewandowska,N-R13,118.8,119.1,05:18,11:35,28,957
2026-10-28,P-27,Magdalena Jankowska,S-R13,102.5,103.0,05:31,12:42,30,1004
2026-10-28,P-28,Bartosz Sikora,N-R18,118.7,117.8,05:30,11:38,25,908
2026-10-28,P-29,Dawid Majewski,S-R14,195.8,195.9,05:10,11:34,15,794
2026-10-28,P-30,Tadeusz Baran,N-R08,138.6,137.8,05:08,11:28,27,747
2026-10-28,P-31,Szymon Wróblewski,S-R09,146.2,145.0,04:57,12:05,27,749
2026-10-28,P-32,Radosław Kalinowski,S-R16,145.3,146.8,06:11,13:03,21,841
2026-10-28,P-33,Krzysztof Górski,N-R15,189.5,186.8,04:39,11:06,17,877
2026-10-28,P-34,Wiesław Kołodziej,S-R17,110.7,110.6,04:44,11:38,27,1011
2026-10-28,P-36,Ireneusz Wysocki,S-R18,110.9,108.5,04:54,10:17,24,934
2026-10-28,P-36,Patryk Borkowski,S-R19,104.3,103.6,13:07,18:19,21,926
2026-10-28,P-37,Piotr Adamczyk,N-R23,193.1,191.0,04:56,10:46,15,820
2026-10-28,P-38,Arkadiusz Lis,S-R20,214.2,211.5,05:09,11:42,17,894
2026-10-29,P-02,Anna Sadowska,S-R08,74.5,52.9,05:35,11:30,36,797
2026-10-29,P-03,Dariusz Kaczmarek,N-R03,112.8,111.1,05:03,12:01,22,947
2026-10-29,P-04,Paweł Zieliński,N-R09,134.2,132.1,05:06,11:39,27,890
2026-10-29,P-05,Janusz Kozłowski,S-R03,122.3,123.2,05:25,11:25,23,881
2026-10-29,P-06,Katarzyna Wójcik,N-R21,84.4,59.4,05:37,11:14,33,821
2026-10-29,P-07,Zbigniew Michalski,S-R01,118.5,118.6,04:44,11:05,26,1113
2026-10-29,P-08,Rafał Dudek,N-R05,84.4,83.0,05:18,10:07,19,664
2026-10-29,P-08,Łukasz Szymański,N-R17,75.3,75.3,12:43,18:43,25,709
2026-10-29,P-09,Adam Mazur,N-R02,122.7,121.2,05:14,11:26,25,761
2026-10-29,P-09,Kamil Krawczyk,N-R19,128.5,128.3,13:06,20:01,24,733
2026-10-29,P-11,Jacek Wieczorek,N-R11,86.2,68.8,05:02,11:55,34,1048
2026-10-29,P-12,Henryk Walczak,S-R05,99.1,97.6,05:07,11:33,22,650
2026-10-29,P-12,Damian Stępień,S-R15,76.8,76.5,13:03,18:08,22,563
2026-10-29,P-13,Konrad Szewczyk,N-R07,136.0,135.4,05:08,12:46,29,913
2026-10-29,P-14,Artur Pietrzak,N-R16,130.9,130.1,05:56,12:02,24,636
2026-10-29,P-16,Monika Kubiak,N-R12,135.9,137.2,05:35,13:54,40,848
2026-10-29,P-17,Waldemar Kasprzak,S-R06,111.0,108.3,05:10,11:41,26,896
2026-10-29,P-18,Kinga Dziedzic,S-R11,94.5,71.9,05:44,12:37,34,851
2026-10-29,P-19,Robert Wróbel,N-R01,128.5,127.3,04:37,10:02,20,793
2026-10-29,P-20,Leszek Ostrowski,S-R07,126.7,124.8,05:00,10:48,26,863
2026-10-29,P-21,Michał Kowalczyk,N-R10,134.7,135.2,05:04,11:22,26,873
2026-10-29,P-22,Wojciech Nowicki,N-R06,113.3,113.0,05:39,12:18,26,951
2026-10-29,P-23,Jerzy Tomaszewski,S-R02,126.4,125.0,05:12,11:36,24,1079
2026-10-29,P-24,Mariusz Grabowski,N-R04,152.3,152.3,05:20,11:02,17,760
2026-10-29,P-24,Przemysław Olszewski,N-R20,122.5,121.6,13:28,18:46,19,668
2026-10-29,P-25,Marcin Pawłowski,S-R04,141.2,140.4,04:45,11:36,23,931
2026-10-29,P-26,Agnieszka Lewandowska,N-R13,115.1,114.9,05:30,12:04,26,749
2026-10-29,P-27,Magdalena Jankowska,S-R13,106.5,105.6,05:45,12:34,30,979
2026-10-29,P-28,Bartosz Sikora,N-R18,90.8,90.7,06:01,11:58,24,841
2026-10-29,P-29,Dawid Majewski,S-R14,219.6,218.8,04:42,11:35,20,781
2026-10-29,P-30,Tadeusz Baran,N-R08,132.9,130.5,05:09,12:01,27,909
2026-10-29,P-32,Radosław Kalinowski,S-R16,94.1,94.2,05:53,11:47,26,887
2026-10-29,P-33,Krzysztof Górski,N-R15,201.3,199.7,04:40,11:37,18,810
2026-10-29,P-35,Marek Zawadzki,N-R22,136.4,134.7,04:46,11:39,28,1022
2026-10-29,P-36,Ireneusz Wysocki,S-R18,119.6,117.9,04:37,10:19,24,812
2026-10-29,P-36,Patryk Borkowski,S-R19,100.8,99.4,13:12,18:56,22,725
2026-10-29,P-37,Emil Sobczak,N-R23,221.4,221.5,04:52,11:27,17,981
2026-10-29,P-38,Arkadiusz Lis,S-R20,205.8,203.9,04:55,11:41,17,1071
2026-10-30,P-02,Anna Sadowska,S-R08,124.3,90.5,05:37,12:54,36,782
2026-10-30,P-03,Dariusz Kaczmarek,N-R03,112.3,110.5,05:10,11:14,26,1156
2026-10-30,P-04,Paweł Zieliński,N-R09,139.5,138.0,05:15,12:17,31,958
2026-10-30,P-05,Kinga Dziedzic,S-R03,130.7,131.6,05:10,11:18,25,735
2026-10-30,P-07,Zbigniew Michalski,S-R01,124.9,125.6,04:36,10:56,28,923
2026-10-30,P-08,Konrad Szewczyk,N-R05,96.8,96.5,05:08,10:37,21,732
2026-10-30,P-08,Łukasz Szymański,N-R17,72.5,72.4,13:06,17:48,21,612
2026-10-30,P-11,Jacek Wieczorek,N-R11,86.5,69.6,05:15,11:17,34,929
2026-10-30,P-12,Radosław Kalinowski,S-R05,99.5,99.0,04:57,10:55,23,617
2026-10-30,P-12,Damian Stępień,S-R15,84.8,84.2,13:15,17:46,19,639
2026-10-30,P-13,Emil Sobczak,N-R07,135.9,135.6,05:11,11:42,27,777
2026-10-30,P-14,Artur Pietrzak,N-R16,106.0,105.8,05:56,11:01,21,769
2026-10-30,P-15,Stanisław Czarnecki,S-R10,76.7,75.6,05:39,11:48,29,907
2026-10-30,P-16,Monika Kubiak,N-R12,132.1,130.6,05:04,12:53,33,657
2026-10-30,P-17,Waldemar Kasprzak,S-R06,109.9,108.9,05:18,12:09,26,900
2026-10-30,P-18,Ryszard Mróz,S-R11,100.4,75.5,05:39,11:56,33,919
2026-10-30,P-19,Robert Wróbel,N-R01,130.2,128.6,04:47,10:33,22,769
2026-10-30,P-20,Leszek Ostrowski,S-R07,127.6,126.1,05:11,11:12,26,850
2026-10-30,P-21,Michał Kowalczyk,N-R10,133.6,132.3,05:41,12:01,26,829
2026-10-30,P-22,Wojciech Nowicki,N-R06,100.9,101.2,05:25,11:34,28,763
2026-10-30,P-23,Jerzy Tomaszewski,S-R02,129.4,128.1,04:58,12:21,26,971
2026-10-30,P-24,Mariusz Grabowski,N-R04,150.7,149.7,04:57,11:33,23,597
2026-10-30,P-24,Przemysław Olszewski,N-R20,125.2,124.4,13:22,19:18,21,723
2026-10-30,P-25,Marcin Pawłowski,S-R04,137.8,135.5,04:54,10:59,26,1003
2026-10-30,P-26,Agnieszka Lewandowska,N-R13,119.7,120.1,05:01,11:48,28,887
2026-10-30,P-27,Magdalena Jankowska,S-R13,93.9,93.6,05:28,11:29,28,902
2026-10-30,P-28,Bartosz Sikora,N-R18,115.1,115.8,05:46,12:23,29,850
2026-10-30,P-29,Dawid Majewski,S-R14,203.8,201.0,04:58,11:44,17,835
2026-10-30,P-30,Tadeusz Baran,N-R08,166.2,164.7,05:27,13:44,25,901
2026-10-30,P-31,Szymon Wróblewski,S-R09,131.8,128.5,05:08,11:56,28,835
2026-10-30,P-32,Andrzej Zając,S-R16,126.3,126.1,05:53,12:09,23,914
2026-10-30,P-33,Krzysztof Górski,N-R15,192.6,192.0,05:15,12:06,18,823
2026-10-30,P-34,Wiesław Kołodziej,S-R17,134.4,134.5,04:48,11:54,29,995
2026-10-30,P-35,Marek Zawadzki,N-R22,107.2,106.5,04:34,10:46,26,1184
2026-10-30,P-36,Ireneusz Wysocki,S-R18,127.4,126.0,04:40,10:29,22,935
2026-10-30,P-36,Patryk Borkowski,S-R19,98.1,97.8,13:25,18:19,21,619
2026-10-30,P-37,Piotr Adamczyk,N-R23,226.4,226.0,05:18,13:38,18,768
2026-10-30,P-38,Arkadiusz Lis,S-R20,209.5,209.4,05:02,11:51,24,976
2026-10-31,P-02,Radosław Kalinowski,S-R08,71.7,46.8,05:15,10:07,27,859
2026-10-31,P-03,Dariusz Kaczmarek,N-R03,103.3,101.7,04:27,11:03,24,963
2026-10-31,P-04,Paweł Zieliński,N-R09,110.2,108.7,04:39,09:54,24,839
2026-10-31,P-05,Janusz Kozłowski,S-R03,94.9,93.9,04:49,09:48,21,877
2026-10-31,P-07,Zbigniew Michalski,S-R01,98.7,99.1,04:12,09:53,21,1190
2026-10-31,P-08,Rafał Dudek,N-R05,79.5,78.8,04:53,09:51,19,794
2026-10-31,P-09,Adam Mazur,N-R02,107.6,107.1,05:00,10:47,21,776
2026-10-31,P-12,Henryk Walczak,S-R05,83.6,82.7,04:22,09:57,25,767
2026-10-31,P-13,Konrad Szewczyk,N-R07,116.6,114.8,04:33,11:51,26,734
2026-10-31,P-16,Monika Kubiak,N-R12,124.3,122.8,05:03,11:57,31,687
2026-10-31,P-19,Robert Wróbel,N-R01,114.8,114.8,04:19,09:41,20,829
2026-10-31,P-21,Michał Kowalczyk,N-R10,113.3,111.5,04:58,11:00,20,763
2026-10-31,P-23,Jerzy Tomaszewski,S-R02,97.4,97.1,04:20,09:52,25,1158
2026-10-31,P-24,Mariusz Grabowski,N-R04,115.0,112.7,04:35,09:49,18,777
2026-10-31,P-25,Marcin Pawłowski,S-R04,101.1,99.6,04:39,10:25,21,851
2026-10-31,P-26,Agnieszka Lewandowska,N-R13,92.3,90.6,05:16,10:28,21,510
2026-10-31,P-30,Tadeusz Baran,N-R08,114.8,113.3,04:24,10:31,22,927
2026-10-31,P-31,Szymon Wróblewski,S-R09,107.5,106.7,04:41,11:05,23,874
2026-10-31,P-33,Krzysztof Górski,N-R15,153.4,152.9,04:17,09:15,14,840
2026-10-31,P-34,Wiesław Kołodziej,S-R17,82.0,82.6,04:19,09:41,23,986
2026-10-31,P-35,Marek Zawadzki,N-R22,94.5,94.1,04:19,09:21,25,941
2026-10-31,P-36,Ireneusz Wysocki,S-R18,110.3,108.6,04:58,11:03,21,859
2026-11-02,P-01,Grzegorz Pawlak,N-R14,205.0,204.1,05:31,12:39,21,861
2026-11-02,P-02,Radosław Kalinowski,S-R08,90.8,60.4,05:39,12:20,33,890
2026-11-02,P-04,Paweł Zieliński,N-R09,142.3,140.2,05:01,12:49,25,912
2026-11-02,P-05,Janusz Kozłowski,S-R03,134.8,133.9,05:00,11:34,26,922
2026-11-02,P-06,Katarzyna Wójcik,N-R21,78.5,48.6,05:37,12:16,35,873
2026-11-02,P-07,Zbigniew Michalski,S-R01,126.9,125.6,04:33,11:00,24,1115
2026-11-02,P-08,Rafał Dudek,N-R05,97.6,96.9,05:19,10:36,22,733
2026-11-02,P-08,Łukasz Szymański,N-R17,75.6,75.1,12:55,18:46,20,575
2026-11-02,P-09,Adam Mazur,N-R02,123.6,122.9,04:58,11:11,25,654
2026-11-02,P-09,Konrad Szewczyk,N-R19,103.2,102.9,13:23,18:35,19,625
2026-11-02,P-10,Joanna Król,S-R12,92.1,71.4,06:08,13:05,34,619
2026-11-02,P-11,Jacek Wieczorek,N-R11,86.7,60.4,05:50,12:59,35,983
2026-11-02,P-12,Henryk Walczak,S-R05,93.6,92.2,05:05,09:42,22,680
2026-11-02,P-12,Damian Stępień,S-R15,77.6,76.9,13:00,17:43,14,713
2026-11-02,P-13,Emil Sobczak,N-R07,135.9,132.7,04:54,11:52,25,741
2026-11-02,P-14,Artur Pietrzak,N-R16,94.5,93.6,05:52,11:24,22,892
2026-11-02,P-15,Stanisław Czarnecki,S-R10,87.6,85.9,05:28,11:11,30,851
2026-11-02,P-16,Monika Kubiak,N-R12,163.6,132.0,05:22,14:06,36,952
2026-11-02,P-17,Waldemar Kasprzak,S-R06,105.4,104.8,05:17,11:43,29,999
2026-11-02,P-18,Ryszard Mróz,S-R11,83.7,66.6,05:54,13:59,32,867
2026-11-02,P-19,Robert Wróbel,N-R01,142.6,141.0,04:39,11:36,25,930
2026-11-02,P-20,Leszek Ostrowski,S-R07,134.0,134.8,04:54,11:40,29,742
2026-11-02,P-21,Michał Kowalczyk,N-R10,138.0,136.2,05:12,11:40,24,787
2026-11-02,P-22,Wojciech Nowicki,N-R06,115.5,115.7,05:14,13:13,38,959
2026-11-02,P-23,Jerzy Tomaszewski,S-R02,118.1,116.8,04:44,11:19,29,1128
2026-11-02,P-24,Mariusz Grabowski,N-R04,159.0,159.1,04:59,13:01,22,557
2026-11-02,P-24,Przemysław Olszewski,N-R20,127.6,127.3,13:19,18:23,19,734
2026-11-02,P-25,Marcin Pawłowski,S-R04,139.7,139.1,04:52,11:33,26,795
2026-11-02,P-26,Agnieszka Lewandowska,N-R13,120.5,121.2,05:22,11:50,29,915
2026-11-02,P-27,Kinga Dziedzic,S-R13,89.7,89.4,05:38,12:19,30,918
2026-11-02,P-28,Bartosz Sikora,N-R18,144.7,145.2,06:30,13:44,28,858
2026-11-02,P-29,Dawid Majewski,S-R14,206.4,207.7,04:59,11:38,16,993
2026-11-02,P-30,Tadeusz Baran,N-R08,134.2,132.4,04:52,12:03,27,859
2026-11-02,P-31,Szymon Wróblewski,S-R09,137.5,135.3,05:14,12:22,27,875
2026-11-02,P-33,Krzysztof Górski,N-R15,194.6,195.1,04:53,12:05,16,924
2026-11-02,P-34,Wiesław Kołodziej,S-R17,111.3,110.8,04:51,11:09,27,1109
2026-11-02,P-35,Marek Zawadzki,N-R22,112.2,110.5,04:18,10:48,27,917
2026-11-02,P-36,Ireneusz Wysocki,S-R18,115.6,113.2,04:51,10:45,23,847
2026-11-02,P-36,Patryk Borkowski,S-R19,114.6,113.2,13:10,19:14,22,688
2026-11-02,P-37,Piotr Adamczyk,N-R23,223.0,222.9,04:58,12:03,17,908
2026-11-02,P-38,Arkadiusz Lis,S-R20,226.6,223.9,04:55,12:06,18,997
2026-11-03,P-01,Grzegorz Pawlak,N-R14,185.1,184.5,05:13,11:19,17,835
2026-11-03,P-02,Radosław Kalinowski,S-R08,83.9,49.8,05:38,11:59,35,768
2026-11-03,P-03,Dariusz Kaczmarek,N-R03,153.2,151.2,04:42,12:31,32,946
2026-11-03,P-04,Paweł Zieliński,N-R09,136.1,134.6,05:32,13:09,32,944
2026-11-03,P-05,Janusz Kozłowski,S-R03,135.3,134.6,05:06,12:17,27,888
2026-11-03,P-06,Katarzyna Wójcik,N-R21,83.9,50.3,05:47,12:06,32,1004
2026-11-03,P-07,Zbigniew Michalski,S-R01,126.1,125.5,04:58,11:15,27,908
2026-11-03,P-08,Rafał Dudek,N-R05,99.1,97.9,04:42,10:34,22,730
2026-11-03,P-08,Łukasz Szymański,N-R17,76.4,75.9,13:07,17:09,19,559
2026-11-03,P-09,Adam Mazur,N-R02,118.7,118.0,04:54,10:51,24,610
2026-11-03,P-09,Konrad Szewczyk,N-R19,102.3,101.6,13:08,19:58,23,664
2026-11-03,P-10,Joanna Król,S-R12,92.0,91.6,05:31,12:38,34,634
2026-11-03,P-11,Jacek Wieczorek,N-R11,92.9,76.0,05:32,12:16,33,979
2026-11-03,P-12,Henryk Walczak,S-R05,85.0,84.0,04:56,09:45,19,692
2026-11-03,P-12,Damian Stępień,S-R15,92.5,90.4,12:56,18:35,22,628
2026-11-03,P-13,Sebastian Jabłoński,N-R07,137.6,138.4,05:18,11:22,25,925
2026-11-03,P-14,Artur Pietrzak,N-R16,99.1,,06:03,12:15,28,812
2026-11-03,P-16,Emil Sobczak,N-R12,163.4,138.5,05:29,14:26,33,919
2026-11-03,P-17,Waldemar Kasprzak,S-R06,123.1,121.7,05:22,11:41,26,996
2026-11-03,P-18,Ryszard Mróz,S-R11,80.4,62.0,05:48,11:34,34,948
2026-11-03,P-19,Robert Wróbel,N-R01,134.7,134.3,04:47,10:23,20,896
2026-11-03,P-20,Leszek Ostrowski,S-R07,131.7,130.0,05:01,11:56,25,820
2026-11-03,P-21,Michał Kowalczyk,N-R10,135.0,132.8,05:15,12:31,28,739
2026-11-03,P-22,Wojciech Nowicki,N-R06,94.7,93.6,05:34,12:42,34,853
2026-11-03,P-23,Jerzy Tomaszewski,S-R02,136.3,135.5,04:47,11:20,27,1035
2026-11-03,P-24,Mariusz Grabowski,N-R04,153.6,152.3,05:07,11:31,20,630
2026-11-03,P-24,Przemysław Olszewski,N-R20,140.5,139.9,13:16,18:53,17,646
2026-11-03,P-25,Marcin Pawłowski,S-R04,138.4,136.9,04:59,11:34,24,763
2026-11-03,P-26,Agnieszka Lewandowska,N-R13,132.4,133.3,05:33,13:04,27,662
2026-11-03,P-27,Kinga Dziedzic,S-R13,113.3,112.9,05:19,11:58,28,759
2026-11-03,P-28,Bartosz Sikora,N-R18,92.2,91.1,06:05,11:53,27,817
2026-11-03,P-29,Dawid Majewski,S-R14,237.0,236.9,05:03,11:57,16,835
2026-11-03,P-30,Tadeusz Baran,N-R08,129.6,128.2,05:25,13:07,33,811
2026-11-03,P-31,Szymon Wróblewski,S-R09,133.6,133.0,04:50,11:43,25,836
2026-11-03,P-33,Krzysztof Górski,N-R15,185.8,183.4,04:55,11:08,19,801
2026-11-03,P-34,Wiesław Kołodziej,S-R17,122.6,122.1,04:47,11:30,31,991
2026-11-03,P-35,Marek Zawadzki,N-R22,105.6,103.7,04:51,11:08,26,1128
2026-11-03,P-36,Ireneusz Wysocki,S-R18,115.1,113.5,05:10,11:01,21,907
2026-11-03,P-36,Patryk Borkowski,S-R19,111.4,109.3,13:18,19:40,24,785
2026-11-03,P-37,Piotr Adamczyk,N-R23,204.1,201.9,05:03,11:36,16,777
2026-11-03,P-38,Arkadiusz Lis,S-R20,181.3,179.2,05:00,11:24,17,833
2026-11-04,P-01,Grzegorz Pawlak,N-R14,213.0,211.3,05:32,12:54,20,905
2026-11-04,P-02,Radosław Kalinowski,S-R08,81.6,53.2,05:47,12:36,34,843
2026-11-04,P-03,Dariusz Kaczmarek,N-R03,104.6,102.0,04:47,10:48,25,1076
2026-11-04,P-04,Konrad Szewczyk,N-R09,135.6,133.7,05:05,12:15,28,833
2026-11-04,P-05,Janusz Kozłowski,S-R03,125.7,126.4,05:00,12:05,27,867
2026-11-04,P-06,Katarzyna Wójcik,N-R21,92.5,91.4,05:45,12:59,33,740
2026-11-04,P-07,Zbigniew Michalski,S-R01,110.9,111.3,04:57,11:54,28,1013
2026-11-04,P-08,Rafał Dudek,N-R05,99.8,99.8,04:46,10:22,23,798
2026-11-04,P-08,Łukasz Szymański,N-R17,73.0,72.5,13:05,17:52,19,663
2026-11-04,P-09,Adam Mazur,N-R02,119.1,119.0,05:00,10:07,16,692
2026-11-04,P-09,Emil Sobczak,N-R19,103.4,103.0,13:12,18:39,22,679
2026-11-04,P-10,Joanna Król,S-R12,120.8,98.3,05:56,13:37,36,705
2026-11-04,P-11,Jacek Wieczorek,N-R11,80.9,63.7,05:27,11:41,34,959
2026-11-04,P-12,Henryk Walczak,S-R05,104.6,103.3,04:55,10:42,20,783
2026-11-04,P-12,Damian Stępień,S-R15,88.5,87.8,12:59,17:58,19,574
2026-11-04,P-14,Artur Pietrzak,N-R16,86.0,83.9,05:45,10:54,25,606
2026-11-04,P-15,Stanisław Czarnecki,S-R10,93.2,92.4,06:10,12:35,33,651
2026-11-04,P-16,Monika Kubiak,N-R12,170.6,135.7,05:07,13:15,34,660
2026-11-04,P-17,Waldemar Kasprzak,S-R06,108.9,108.3,04:54,10:36,30,786
2026-11-04,P-18,Ryszard Mróz,S-R11,107.7,107.9,05:45,13:15,35,918
2026-11-04,P-19,Robert Wróbel,N-R01,138.3,137.4,04:41,10:57,22,734
2026-11-04,P-20,Leszek Ostrowski,S-R07,140.8,139.6,05:05,11:41,25,734
2026-11-04,P-21,Michał Kowalczyk,N-R10,137.0,136.2,05:19,11:33,23,838
2026-11-04,P-22,Wojciech Nowicki,N-R06,117.6,116.3,05:15,12:05,32,850
2026-11-04,P-23,Jerzy Tomaszewski,S-R02,115.5,115.0,04:40,11:20,27,946
2026-11-04,P-24,Mariusz Grabowski,N-R04,131.1,130.3,05:02,11:41,20,685
2026-11-04,P-24,Przemysław Olszewski,N-R20,130.4,129.4,13:19,18:45,19,749
2026-11-04,P-25,Marcin Pawłowski,S-R04,145.1,141.7,04:53,11:38,26,845
2026-11-04,P-26,Agnieszka Lewandowska,N-R13,138.5,138.3,05:06,11:58,25,914
2026-11-04,P-27,Kinga Dziedzic,S-R13,116.1,116.4,05:40,11:51,25,714
2026-11-04,P-28,Bartosz Sikora,N-R18,160.3,160.0,06:05,13:25,23,674
2026-11-04,P-29,Dawid Majewski,S-R14,188.2,188.3,04:50,11:12,15,889
2026-11-04,P-30,Tadeusz Baran,N-R08,135.3,134.1,05:23,12:58,28,839
2026-11-04,P-31,Szymon Wróblewski,S-R09,135.3,133.6,05:18,11:25,23,946
2026-11-04,P-33,Krzysztof Górski,N-R15,192.4,191.1,04:56,11:35,16,803
2026-11-04,P-34,Wiesław Kołodziej,S-R17,110.1,109.3,04:40,10:54,26,956
2026-11-04,P-35,Marek Zawadzki,N-R22,108.0,108.1,04:33,10:07,25,1069
2026-11-04,P-36,Ireneusz Wysocki,S-R18,118.3,116.5,04:53,10:46,25,880
2026-11-04,P-36,Patryk Borkowski,S-R19,110.6,109.2,13:15,18:40,23,832
2026-11-04,P-37,Piotr Adamczyk,N-R23,205.7,205.8,04:41,10:46,17,691
2026-11-04,P-38,Arkadiusz Lis,S-R20,176.5,176.9,05:04,11:14,16,1034
2026-11-05,P-01,Grzegorz Pawlak,N-R14,180.8,181.3,04:51,11:37,20,797
2026-11-05,P-02,Radosław Kalinowski,S-R08,99.8,97.1,05:36,13:24,35,896
2026-11-05,P-03,Dariusz Kaczmarek,N-R03,107.5,106.2,04:44,11:03,28,1038
2026-11-05,P-04,Paweł Zieliński,N-R09,135.7,135.7,04:55,11:44,28,702
2026-11-05,P-05,Janusz Kozłowski,S-R03,125.9,125.9,04:55,11:38,26,705
2026-11-05,P-06,Katarzyna Wójcik,N-R21,88.3,70.1,05:48,12:30,31,910
2026-11-05,P-08,Rafał Dudek,N-R05,78.8,77.5,04:49,10:09,22,605
2026-11-05,P-08,Łukasz Szymański,N-R17,83.7,82.1,13:15,18:25,23,645
2026-11-05,P-09,Adam Mazur,N-R02,130.2,128.2,04:51,11:21,22,666
2026-11-05,P-09,Konrad Szewczyk,N-R19,104.2,103.5,13:36,18:50,20,642
2026-11-05,P-10,Joanna Król,S-R12,96.4,76.8,05:43,11:57,33,536
2026-11-05,P-11,Jacek Wieczorek,N-R11,99.4,72.2,05:38,13:01,34,1000
2026-11-05,P-12,Kinga Dziedzic,S-R05,91.9,91.9,05:00,11:01,23,676
2026-11-05,P-12,Damian Stępień,S-R15,81.6,80.7,12:55,17:40,19,671
2026-11-05,P-13,Sebastian Jabłoński,N-R07,136.3,136.7,05:08,10:22,23,786
2026-11-05,P-16,Emil Sobczak,N-R12,147.7,121.3,05:40,13:06,36,871
2026-11-05,P-17,Waldemar Kasprzak,S-R06,122.1,120.2,05:05,11:25,29,964
2026-11-05,P-18,Ryszard Mróz,S-R11,91.8,69.4,06:11,13:11,35,817
2026-11-05,P-19,Robert Wróbel,N-R01,131.3,129.5,05:00,11:40,23,938
2026-11-05,P-20,Leszek Ostrowski,S-R07,128.3,127.7,05:05,11:44,22,825
2026-11-05,P-21,Michał Kowalczyk,N-R10,141.8,140.0,05:23,12:11,24,858
2026-11-05,P-22,Wojciech Nowicki,N-R06,122.8,120.8,05:32,12:44,27,997
2026-11-05,P-23,Jerzy Tomaszewski,S-R02,125.0,123.2,04:49,12:05,29,1066
2026-11-05,P-24,Mariusz Grabowski,N-R04,138.2,138.1,05:02,10:36,23,626
2026-11-05,P-24,Przemysław Olszewski,N-R20,116.9,116.3,13:04,18:35,19,716
2026-11-05,P-25,Marcin Pawłowski,S-R04,139.7,139.9,04:53,11:11,25,876
2026-11-05,P-26,Agnieszka Lewandowska,N-R13,113.7,113.5,05:07,11:10,28,867
2026-11-05,P-27,Magdalena Jankowska,S-R13,116.3,115.9,05:15,11:23,28,893
2026-11-05,P-28,Bartosz Sikora,N-R18,102.0,101.4,05:57,11:51,29,735
2026-11-05,P-29,Dawid Majewski,S-R14,210.4,208.4,05:02,11:35,16,792
2026-11-05,P-30,Tadeusz Baran,N-R08,135.8,135.4,05:05,11:31,25,810
2026-11-05,P-33,Krzysztof Górski,N-R15,193.3,191.5,05:04,12:06,19,894
2026-11-05,P-34,Wiesław Kołodziej,S-R17,105.8,105.8,04:50,11:03,26,1182
2026-11-05,P-35,Marek Zawadzki,N-R22,118.4,117.8,04:34,11:33,28,1101
2026-11-05,P-36,Ireneusz Wysocki,S-R18,128.2,126.1,05:14,11:35,24,931
2026-11-05,P-36,Patryk Borkowski,S-R19,99.1,97.1,13:23,19:14,23,832
2026-11-05,P-37,Piotr Adamczyk,N-R23,234.3,233.7,05:07,12:28,18,955
2026-11-05,P-38,Arkadiusz Lis,S-R20,209.7,208.0,05:06,11:57,18,895
2026-11-06,P-01,Grzegorz Pawlak,N-R14,217.1,217.9,05:04,11:59,19,742
2026-11-06,P-02,Radosław Kalinowski,S-R08,103.4,58.9,05:23,12:26,32,818
2026-11-06,P-03,Dariusz Kaczmarek,N-R03,105.4,104.5,04:26,09:49,23,969
2026-11-06,P-04,Paweł Zieliński,N-R09,133.2,132.5,05:14,12:54,34,916
2026-11-06,P-05,Janusz Kozłowski,S-R03,120.8,120.1,05:28,11:35,26,739
2026-11-06,P-08,Rafał Dudek,N-R05,93.6,93.4,04:47,09:39,21,701
2026-11-06,P-08,Łukasz Szymański,N-R17,74.2,73.2,13:04,17:29,19,699
2026-11-06,P-09,Adam Mazur,N-R02,124.4,123.5,04:37,10:41,23,713
2026-11-06,P-09,Konrad Szewczyk,N-R19,108.6,108.3,13:16,18:38,23,618
2026-11-06,P-11,Jacek Wieczorek,N-R11,81.1,58.5,05:27,11:10,33,910
2026-11-06,P-12,Henryk Walczak,S-R05,98.0,97.3,05:22,11:07,23,700
2026-11-06,P-12,Damian Stępień,S-R15,72.3,70.9,13:08,18:03,20,627
2026-11-06,P-13,Sebastian Jabłoński,N-R07,147.6,146.0,05:09,11:41,26,978
2026-11-06,P-14,Artur Pietrzak,N-R16,100.4,100.3,06:10,11:52,26,857
2026-11-06,P-15,Stanisław Czarnecki,S-R10,89.0,87.9,05:33,11:38,32,998
2026-11-06,P-16,Emil Sobczak,N-R12,135.6,110.6,04:59,12:28,35,751
2026-11-06,P-17,Waldemar Kasprzak,S-R06,103.1,101.3,05:28,11:34,29,891
2026-11-06,P-18,Ryszard Mróz,S-R11,105.4,64.3,05:55,12:07,30,1031
2026-11-06,P-19,Robert Wróbel,N-R01,132.5,130.3,04:59,11:07,21,745
2026-11-06,P-20,Kinga Dziedzic,S-R07,129.0,128.1,05:05,11:17,25,779
2026-11-06,P-21,Michał Kowalczyk,N-R10,142.1,140.2,05:31,11:36,25,896
2026-11-06,P-22,Wojciech Nowicki,N-R06,111.9,111.2,05:26,12:12,30,779
2026-11-06,P-23,Jerzy Tomaszewski,S-R02,122.3,120.4,04:50,11:49,29,1027
2026-11-06,P-24,Mariusz Grabowski,N-R04,152.1,151.4,05:28,11:20,18,677
2026-11-06,P-24,Przemysław Olszewski,N-R20,118.7,117.4,13:06,18:21,19,757
2026-11-06,P-26,Agnieszka Lewandowska,N-R13,122.8,121.9,05:30,11:55,27,708
2026-11-06,P-27,Magdalena Jankowska,S-R13,100.5,99.2,05:16,11:57,27,930
2026-11-06,P-28,Bartosz Sikora,N-R18,101.4,101.6,05:55,11:42,28,945
2026-11-06,P-29,Dawid Majewski,S-R14,191.8,192.5,04:50,11:04,12,629
2026-11-06,P-30,Tadeusz Baran,N-R08,131.1,129.1,04:50,11:34,27,882
2026-11-06,P-31,Szymon Wróblewski,S-R09,133.6,131.1,05:01,11:59,30,670
2026-11-06,P-32,Andrzej Zając,S-R16,127.0,127.0,06:08,12:30,24,814
2026-11-06,P-33,Krzysztof Górski,N-R15,206.2,204.0,04:58,12:00,20,770
2026-11-06,P-34,Wiesław Kołodziej,S-R17,109.6,109.7,04:23,10:24,26,1028
2026-11-06,P-35,Marek Zawadzki,N-R22,122.6,120.5,04:27,11:02,25,1042
2026-11-06,P-36,Ireneusz Wysocki,S-R18,110.9,109.7,05:07,10:03,22,998
2026-11-06,P-36,Patryk Borkowski,S-R19,122.2,119.8,13:15,20:00,25,877
2026-11-06,P-37,Piotr Adamczyk,N-R23,205.1,203.1,05:14,11:51,16,916
2026-11-07,P-02,Radosław Kalinowski,S-R08,61.8,36.9,05:05,10:51,31,763
2026-11-07,P-03,Dariusz Kaczmarek,N-R03,125.5,126.1,04:33,10:55,26,1066
2026-11-07,P-04,Paweł Zieliński,N-R09,108.4,106.9,04:25,10:37,24,777
2026-11-07,P-05,Janusz Kozłowski,S-R03,97.8,97.9,04:58,10:34,22,748
2026-11-07,P-07,Zbigniew Michalski,S-R01,119.2,119.4,04:48,10:35,26,1037
2026-11-07,P-08,Rafał Dudek,N-R05,78.6,78.2,04:32,09:21,20,619
2026-11-07,P-09,Adam Mazur,N-R02,99.1,99.1,04:27,09:15,20,638
2026-11-07,P-11,Jacek Wieczorek,N-R11,83.3,60.8,05:21,10:59,30,851
2026-11-07,P-12,Henryk Walczak,S-R05,105.8,105.1,04:54,10:16,19,760
2026-11-07,P-13,Sebastian Jabłoński,N-R07,119.9,119.4,04:46,11:16,25,830
2026-11-07,P-16,Emil Sobczak,N-R12,114.5,113.9,05:09,12:13,31,712
2026-11-07,P-19,Robert Wróbel,N-R01,114.5,113.1,04:25,11:11,20,744
2026-11-07,P-21,Michał Kowalczyk,N-R10,116.6,115.7,05:02,10:09,22,819
2026-11-07,P-24,Mariusz Grabowski,N-R04,135.8,132.9,04:56,10:15,16,806
2026-11-07,P-25,Marcin Pawłowski,S-R04,100.4,100.1,04:36,09:19,23,875
2026-11-07,P-26,Agnieszka Lewandowska,N-R13,98.4,98.3,04:58,09:54,20,883
2026-11-07,P-31,Szymon Wróblewski,S-R09,99.9,98.1,04:53,09:50,24,822
2026-11-07,P-33,Krzysztof Górski,N-R15,147.9,146.0,04:43,10:00,17,786
2026-11-07,P-34,Wiesław Kołodziej,S-R17,90.5,89.7,04:42,09:34,20,1107
2026-11-07,P-35,Marek Zawadzki,N-R22,95.5,94.6,04:23,10:28,22,1129
2026-11-09,P-01,Grzegorz Pawlak,N-R14,176.6,175.8,05:06,11:31,17,789
2026-11-09,P-02,Radosław Kalinowski,S-R08,80.8,48.3,05:31,12:07,35,968
2026-11-09,P-03,Dariusz Kaczmarek,N-R03,125.0,122.9,04:48,11:17,25,1099
2026-11-09,P-04,Konrad Szewczyk,N-R09,139.1,137.8,04:59,12:00,28,923
2026-11-09,P-05,Janusz Kozłowski,S-R03,122.5,124.1,04:53,11:15,26,885
2026-11-09,P-06,Katarzyna Wójcik,N-R21,89.4,66.0,06:04,12:44,34,824
2026-11-09,P-07,Zbigniew Michalski,S-R01,126.3,126.2,05:09,12:41,26,1099
2026-11-09,P-08,Rafał Dudek,N-R05,103.2,102.6,05:03,11:10,21,713
2026-11-09,P-08,Łukasz Szymański,N-R17,81.7,80.7,12:54,17:31,20,557
2026-11-09,P-09,Adam Mazur,N-R02,130.5,129.1,04:50,11:15,23,708
2026-11-09,P-09,Emil Sobczak,N-R19,115.0,113.8,13:20,19:43,23,667
2026-11-09,P-10,Joanna Król,S-R12,87.8,87.2,05:30,11:29,34,693
2026-11-09,P-11,Jacek Wieczorek,N-R11,95.6,63.6,05:20,11:46,32,976
2026-11-09,P-12,Henryk Walczak,S-R05,95.6,95.9,05:00,10:57,22,677
2026-11-09,P-12,Kinga Dziedzic,S-R15,78.9,78.4,12:47,17:28,18,662
2026-11-09,P-13,Sebastian Jabłoński,N-R07,139.2,138.4,04:53,12:08,28,806
2026-11-09,P-14,Artur Pietrzak,N-R16,90.0,88.9,05:36,11:10,24,708
2026-11-09,P-15,Stanisław Czarnecki,S-R10,77.6,77.3,05:33,10:49,26,953
2026-11-09,P-17,Waldemar Kasprzak,S-R06,115.8,113.7,05:05,11:22,26,1053
2026-11-09,P-18,Ryszard Mróz,S-R11,78.2,52.8,05:42,11:53,35,740
2026-11-09,P-19,Robert Wróbel,N-R01,126.5,125.0,05:01,11:31,26,876
2026-11-09,P-20,Leszek Ostrowski,S-R07,135.7,136.5,05:23,12:27,26,886
2026-11-09,P-21,Michał Kowalczyk,N-R10,138.8,137.6,05:07,11:40,25,764
2026-11-09,P-22,Wojciech Nowicki,N-R06,89.9,89.7,05:26,11:35,32,901
2026-11-09,P-23,Jerzy Tomaszewski,S-R02,123.0,121.8,04:57,11:33,31,1205
2026-11-09,P-24,Mariusz Grabowski,N-R04,142.0,140.9,05:06,11:14,20,823
2026-11-09,P-24,Przemysław Olszewski,N-R20,134.7,132.5,13:18,19:10,17,701
2026-11-09,P-25,Marcin Pawłowski,S-R04,138.3,134.8,05:03,11:52,28,761
2026-11-09,P-26,Agnieszka Lewandowska,N-R13,116.1,115.8,05:10,11:15,23,787
2026-11-09,P-27,Magdalena Jankowska,S-R13,87.1,87.2,05:32,11:40,29,832
2026-11-09,P-28,Bartosz Sikora,N-R18,88.4,88.1,06:16,12:10,28,755
2026-11-09,P-29,Dawid Majewski,S-R14,204.2,202.0,04:48,11:30,16,821
2026-11-09,P-30,Tadeusz Baran,N-R08,126.4,125.3,05:22,12:06,27,859
2026-11-09,P-31,Szymon Wróblewski,S-R09,142.9,141.3,05:11,12:27,27,874
2026-11-09,P-32,Andrzej Zając,S-R16,103.7,102.9,05:52,11:23,23,764
2026-11-09,P-33,Krzysztof Górski,N-R15,188.1,187.1,05:13,11:43,19,839
2026-11-09,P-34,Wiesław Kołodziej,S-R17,117.8,118.0,04:40,11:56,29,1023
2026-11-09,P-35,Marek Zawadzki,N-R22,115.7,115.5,04:52,10:41,27,1025
2026-11-09,P-36,Ireneusz Wysocki,S-R18,112.0,110.4,04:34,10:40,25,752
2026-11-09,P-36,Patryk Borkowski,S-R19,117.1,116.4,13:20,18:56,20,799
2026-11-09,P-37,Piotr Adamczyk,N-R23,196.1,195.1,04:58,11:07,16,784
2026-11-09,P-38,Arkadiusz Lis,S-R20,195.9,195.3,05:24,11:38,16,729
2026-11-10,P-01,Grzegorz Pawlak,N-R14,187.5,186.2,05:29,11:34,18,755
2026-11-10,P-02,Radosław Kalinowski,S-R08,74.4,50.2,05:44,11:52,36,806
2026-11-10,P-03,Dariusz Kaczmarek,N-R03,104.6,104.7,04:53,12:40,35,1052
2026-11-10,P-04,Paweł Zieliński,N-R09,136.2,135.1,05:05,12:32,29,946
2026-11-10,P-05,Janusz Kozłowski,S-R03,128.1,126.4,04:52,11:35,25,912
2026-11-10,P-06,Katarzyna Wójcik,N-R21,78.3,57.6,06:00,13:11,39,855
2026-11-10,P-07,Zbigniew Michalski,S-R01,122.7,123.4,04:41,10:54,25,977
2026-11-10,P-09,Adam Mazur,N-R02,133.1,132.3,04:51,11:58,26,701
2026-11-10,P-09,Konrad Szewczyk,N-R19,122.0,120.7,13:04,19:15,23,737
2026-11-10,P-10,Joanna Król,S-R12,99.3,84.0,05:28,11:13,29,722
2026-11-10,P-11,Jacek Wieczorek,N-R11,86.5,70.5,05:26,11:35,33,921
2026-11-10,P-12,Henryk Walczak,S-R05,95.7,95.1,04:49,10:15,19,727
2026-11-10,P-12,Damian Stępień,S-R15,81.0,80.0,12:58,18:03,20,714
2026-11-10,P-13,Sebastian Jabłoński,N-R07,139.9,137.8,05:00,12:19,29,983
2026-11-10,P-14,Artur Pietrzak,N-R16,98.6,98.1,05:27,11:35,25,871
2026-11-10,P-15,Stanisław Czarnecki,S-R10,98.6,97.9,05:53,11:32,25,927
2026-11-10,P-16,Emil Sobczak,N-R12,133.2,133.2,05:20,12:10,34,660
2026-11-10,P-17,Waldemar Kasprzak,S-R06,140.5,139.0,05:06,12:15,28,923
2026-11-10,P-18,Ryszard Mróz,S-R11,97.5,66.2,05:54,12:16,32,883
2026-11-10,P-19,Robert Wróbel,N-R01,135.2,133.8,05:14,11:11,24,892
2026-11-10,P-20,Leszek Ostrowski,S-R07,136.8,134.3,05:13,12:26,28,726
2026-11-10,P-22,Wojciech Nowicki,N-R06,101.2,100.7,05:37,12:04,29,969
2026-11-10,P-23,Jerzy Tomaszewski,S-R02,126.3,124.7,04:56,11:26,26,914
2026-11-10,P-24,Mariusz Grabowski,N-R04,145.1,144.2,04:53,11:21,22,821
2026-11-10,P-24,Przemysław Olszewski,N-R20,137.5,136.8,13:11,19:20,20,565
2026-11-10,P-25,Marcin Pawłowski,S-R04,143.4,140.9,04:38,11:49,26,839
2026-11-10,P-26,Agnieszka Lewandowska,N-R13,123.1,123.3,05:02,11:38,28,833
2026-11-10,P-27,Kinga Dziedzic,S-R13,122.6,121.4,05:29,11:43,29,963
2026-11-10,P-29,Dawid Majewski,S-R14,217.5,217.7,04:43,11:26,19,729
2026-11-10,P-30,Tadeusz Baran,N-R08,128.9,128.4,05:01,11:37,25,916
2026-11-10,P-31,Szymon Wróblewski,S-R09,133.4,,05:11,11:21,24,783
2026-11-10,P-32,Andrzej Zając,S-R16,107.6,107.3,06:03,11:51,26,763
2026-11-10,P-33,Krzysztof Górski,N-R15,195.3,193.1,05:02,11:19,18,839
2026-11-10,P-34,Wiesław Kołodziej,S-R17,117.3,117.6,05:07,11:35,27,1185
2026-11-10,P-35,Marek Zawadzki,N-R22,119.4,117.7,05:01,11:24,31,891
2026-11-10,P-36,Ireneusz Wysocki,S-R18,113.5,112.9,05:01,11:42,25,837
2026-11-10,P-36,Patryk Borkowski,S-R19,100.8,99.0,13:30,19:13,21,858
2026-11-10,P-37,Piotr Adamczyk,N-R23,184.6,183.9,05:22,11:38,23,754
2026-11-10,P-38,Arkadiusz Lis,S-R20,183.4,183.4,04:51,11:28,16,964
2026-11-11,P-01,Grzegorz Pawlak,N-R14,219.2,219.4,05:28,12:10,14,689
2026-11-11,P-02,Radosław Kalinowski,S-R08,77.3,76.3,05:13,12:16,37,872
2026-11-11,P-03,Dariusz Kaczmarek,N-R03,114.9,114.2,04:29,10:58,24,907
2026-11-11,P-04,Paweł Zieliński,N-R09,140.2,138.2,05:03,11:52,27,763
2026-11-11,P-05,Janusz Kozłowski,S-R03,122.0,121.1,05:12,11:17,24,776
2026-11-11,P-06,Katarzyna Wójcik,N-R21,74.7,50.3,05:52,12:27,36,777
2026-11-11,P-07,Zbigniew Michalski,S-R01,130.6,130.8,05:09,11:39,27,1180
2026-11-11,P-08,Rafał Dudek,N-R05,91.7,91.8,05:06,10:47,24,607
2026-11-11,P-08,Łukasz Szymański,N-R17,89.3,88.4,12:56,18:57,21,667
2026-11-11,P-09,Adam Mazur,N-R02,134.4,135.2,04:44,12:44,27,641
2026-11-11,P-09,Konrad Szewczyk,N-R19,113.6,114.7,13:08,18:30,21,673
2026-11-11,P-10,Joanna Król,S-R12,86.2,71.7,05:46,12:14,32,693
2026-11-11,P-11,Jacek Wieczorek,N-R11,109.7,75.6,05:13,12:34,34,1018
2026-11-11,P-12,Henryk Walczak,S-R05,91.3,91.4,05:17,10:39,23,660
2026-11-11,P-12,Damian Stępień,S-R15,88.0,87.2,13:02,18:08,21,627
2026-11-11,P-13,Sebastian Jabłoński,N-R07,142.0,141.4,05:13,11:50,27,811
2026-11-11,P-14,Artur Pietrzak,N-R16,87.1,86.2,05:41,12:48,24,942
2026-11-11,P-15,Stanisław Czarnecki,S-R10,91.7,90.2,05:33,11:18,26,1008
2026-11-11,P-16,Emil Sobczak,N-R12,148.4,121.2,04:51,13:09,37,902
2026-11-11,P-18,Ryszard Mróz,S-R11,86.0,85.5,05:48,12:31,40,892
2026-11-11,P-19,Robert Wróbel,N-R01,140.8,139.8,04:23,11:09,23,807
2026-11-11,P-20,Leszek Ostrowski,S-R07,133.9,133.4,05:14,12:06,24,834
2026-11-11,P-21,Michał Kowalczyk,N-R10,139.2,139.6,05:11,11:13,26,799
2026-11-11,P-23,Jerzy Tomaszewski,S-R02,124.8,124.1,05:06,12:04,28,1039
2026-11-11,P-24,Mariusz Grabowski,N-R04,170.1,167.8,05:16,11:28,20,655
2026-11-11,P-24,Przemysław Olszewski,N-R20,124.4,122.5,13:42,20:36,17,486
2026-11-11,P-25,Marcin Pawłowski,S-R04,139.4,137.3,04:57,11:41,26,761
2026-11-11,P-26,Agnieszka Lewandowska,N-R13,135.2,135.4,05:44,12:33,27,770
2026-11-11,P-28,Bartosz Sikora,N-R18,138.5,139.0,05:54,14:08,35,763
2026-11-11,P-29,Dawid Majewski,S-R14,245.7,246.5,05:12,12:51,13,822
2026-11-11,P-30,Tadeusz Baran,N-R08,131.7,129.6,05:04,10:55,24,839
2026-11-11,P-31,Szymon Wróblewski,S-R09,130.4,129.1,04:39,10:53,27,763
2026-11-11,P-32,Andrzej Zając,S-R16,125.1,123.8,06:13,12:39,27,808
2026-11-11,P-33,Krzysztof Górski,N-R15,203.6,201.7,05:05,11:49,18,784
2026-11-11,P-35,Marek Zawadzki,N-R22,113.1,112.6,04:36,10:56,28,1148
2026-11-11,P-36,Ireneusz Wysocki,S-R18,129.3,128.3,05:02,11:15,24,872
2026-11-11,P-36,Patryk Borkowski,S-R19,96.5,96.0,13:18,18:25,21,829
2026-11-11,P-37,Piotr Adamczyk,N-R23,197.9,197.3,05:12,11:39,19,738
2026-11-11,P-38,Arkadiusz Lis,S-R20,185.9,184.2,05:05,11:22,18,850
2026-11-12,P-01,Grzegorz Pawlak,N-R14,217.0,218.3,05:17,11:45,18,833
2026-11-12,P-02,Radosław Kalinowski,S-R08,97.8,55.9,05:56,13:14,36,940
2026-11-12,P-03,Dariusz Kaczmarek,N-R03,115.1,113.3,04:45,11:22,25,1047
2026-11-12,P-04,Paweł Zieliński,N-R09,140.2,137.9,05:05,12:43,28,785
2026-11-12,P-05,Janusz Kozłowski,S-R03,122.9,122.3,05:31,11:35,27,962
2026-11-12,P-06,Katarzyna Wójcik,N-R21,74.6,53.2,05:44,11:24,33,916
2026-11-12,P-08,Rafał Dudek,N-R05,83.4,82.8,05:12,10:01,20,635
2026-11-12,P-08,Łukasz Szymański,N-R17,74.9,74.0,12:50,18:10,20,695
2026-11-12,P-09,Adam Mazur,N-R02,135.3,134.8,04:39,10:55,22,661
2026-11-12,P-09,Konrad Szewczyk,N-R19,124.1,123.9,13:14,19:28,21,693
2026-11-12,P-10,Joanna Król,S-R12,99.7,75.2,05:51,14:55,37,676
2026-11-12,P-12,Henryk Walczak,S-R05,92.7,92.8,05:19,11:15,24,677
2026-11-12,P-12,Damian Stępień,S-R15,79.4,78.9,13:11,19:07,21,547
2026-11-12,P-13,Sebastian Jabłoński,N-R07,139.9,139.0,05:02,11:57,29,818
2026-11-12,P-14,Artur Pietrzak,N-R16,106.7,106.1,05:56,12:12,28,750
2026-11-12,P-15,Stanisław Czarnecki,S-R10,105.5,104.5,05:22,11:26,27,1038
2026-11-12,P-16,Emil Sobczak,N-R12,169.4,140.1,05:16,13:54,34,739
2026-11-12,P-17,Waldemar Kasprzak,S-R06,134.4,132.9,04:49,11:32,30,926
2026-11-12,P-18,Ryszard Mróz,S-R11,95.1,95.2,05:46,11:55,32,746
2026-11-12,P-19,Robert Wróbel,N-R01,126.4,126.4,04:49,10:56,25,776
2026-11-12,P-20,Leszek Ostrowski,S-R07,137.6,137.0,05:30,11:34,27,800
2026-11-12,P-21,Michał Kowalczyk,N-R10,137.2,135.8,05:13,10:45,18,875
2026-11-12,P-22,Wojciech Nowicki,N-R06,105.3,104.6,05:40,12:01,26,827
2026-11-12,P-23,Jerzy Tomaszewski,S-R02,108.9,108.3,05:00,10:40,25,1102
2026-11-12,P-24,Mariusz Grabowski,N-R04,136.6,134.7,04:32,09:44,18,581
2026-11-12,P-24,Przemysław Olszewski,N-R20,118.6,117.9,13:11,18:32,19,573
2026-11-12,P-25,Marcin Pawłowski,S-R04,137.4,134.9,04:43,11:01,24,921
2026-11-12,P-26,Agnieszka Lewandowska,N-R13,127.0,126.6,05:07,11:32,27,857
2026-11-12,P-27,Kinga Dziedzic,S-R13,90.7,90.6,05:23,11:10,28,809
2026-11-12,P-29,Dawid Majewski,S-R14,184.5,184.5,05:02,11:13,17,884
2026-11-12,P-30,Tadeusz Baran,N-R08,137.0,136.6,05:16,11:47,26,938
2026-11-12,P-31,Szymon Wróblewski,S-R09,133.7,131.7,05:14,11:44,25,858
2026-11-12,P-32,Andrzej Zając,S-R16,117.9,117.6,05:50,11:50,26,791
2026-11-12,P-33,Krzysztof Górski,N-R15,206.8,205.0,05:02,12:23,17,848
2026-11-12,P-34,Wiesław Kołodziej,S-R17,117.8,116.9,04:42,11:02,28,1197
2026-11-12,P-35,Marek Zawadzki,N-R22,112.0,112.6,04:56,11:47,36,1074
2026-11-12,P-36,Ireneusz Wysocki,S-R18,114.0,112.1,05:16,10:44,16,782
2026-11-12,P-36,Patryk Borkowski,S-R19,95.3,93.8,13:13,18:14,24,875
2026-11-12,P-37,Piotr Adamczyk,N-R23,208.7,210.0,05:12,12:02,15,690
2026-11-12,P-38,Arkadiusz Lis,S-R20,201.5,199.0,05:06,12:12,18,1026
2026-11-13,P-01,Grzegorz Pawlak,N-R14,201.4,199.9,05:31,12:38,16,760
2026-11-13,P-02,Radosław Kalinowski,S-R08,74.3,50.3,05:33,12:23,38,861
2026-11-13,P-03,Dariusz Kaczmarek,N-R03,103.4,102.0,05:00,10:58,25,1082
2026-11-13,P-04,Paweł Zieliński,N-R09,137.8,136.0,05:06,12:06,26,815
2026-11-13,P-05,Janusz Kozłowski,S-R03,119.4,118.9,05:06,10:31,23,883
2026-11-13,P-06,Katarzyna Wójcik,N-R21,82.9,82.8,05:27,12:08,36,736
2026-11-13,P-07,Zbigniew Michalski,S-R01,163.5,163.6,04:43,11:45,27,837
2026-11-13,P-08,Rafał Dudek,N-R05,95.1,94.0,05:06,10:43,23,774
2026-11-13,P-08,Łukasz Szymański,N-R17,86.7,86.4,13:25,18:15,21,535
2026-11-13,P-09,Adam Mazur,N-R02,124.3,123.3,04:53,11:05,23,701
2026-11-13,P-09,Konrad Szewczyk,N-R19,119.6,119.5,13:14,19:39,21,609
2026-11-13,P-10,Joanna Król,S-R12,93.6,67.1,05:34,12:37,32,757
2026-11-13,P-11,Jacek Wieczorek,N-R11,99.8,76.7,05:45,13:01,37,839
2026-11-13,P-12,Henryk Walczak,S-R05,93.0,92.0,05:05,10:57,23,635
2026-11-13,P-12,Damian Stępień,S-R15,91.9,91.2,12:48,17:20,21,497
2026-11-13,P-13,Sebastian Jabłoński,N-R07,141.4,140.0,05:11,12:17,27,823
2026-11-13,P-14,Artur Pietrzak,N-R16,89.0,87.9,05:35,10:50,25,994
2026-11-13,P-15,Stanisław Czarnecki,S-R10,84.4,84.6,05:26,11:18,32,909
2026-11-13,P-18,Ryszard Mróz,S-R11,92.7,58.9,05:29,11:22,30,1000
2026-11-13,P-19,Robert Wróbel,N-R01,137.5,135.2,04:54,11:58,27,777
2026-11-13,P-20,Leszek Ostrowski,S-R07,127.8,126.4,05:10,11:45,27,619
2026-11-13,P-21,Michał Kowalczyk,N-R10,138.8,138.5,05:07,11:44,25,793
2026-11-13,P-22,Wojciech Nowicki,N-R06,107.9,107.2,05:21,12:29,29,846
2026-11-13,P-23,Jerzy Tomaszewski,S-R02,130.3,127.5,04:56,11:45,26,1133
2026-11-13,P-24,Mariusz Grabowski,N-R04,148.1,146.6,05:15,11:51,19,745
2026-11-13,P-24,Przemysław Olszewski,N-R20,125.4,125.5,13:13,18:42,19,512
2026-11-13,P-25,Marcin Pawłowski,S-R04,148.2,147.0,04:59,11:49,25,841
2026-11-13,P-26,Agnieszka Lewandowska,N-R13,120.0,119.6,05:13,10:52,26,653
2026-11-13,P-27,Kinga Dziedzic,S-R13,110.2,108.8,05:33,11:38,27,903
2026-11-13,P-28,Bartosz Sikora,N-R18,105.2,105.0,06:21,11:15,22,857
2026-11-13,P-29,Dawid Majewski,S-R14,225.5,225.0,04:44,13:27,19,723
2026-11-13,P-30,Tadeusz Baran,N-R08,127.9,125.7,05:27,11:34,26,861
2026-11-13,P-31,Szymon Wróblewski,S-R09,146.6,143.8,05:06,11:32,28,804
2026-11-13,P-32,Andrzej Zając,S-R16,97.3,98.2,06:07,12:08,29,622
2026-11-13,P-33,Krzysztof Górski,N-R15,191.0,189.3,05:00,11:24,21,919
2026-11-13,P-34,Wiesław Kołodziej,S-R17,129.5,129.3,04:27,11:05,25,1048
2026-11-13,P-35,Marek Zawadzki,N-R22,114.0,112.5,04:53,11:16,26,1186
2026-11-13,P-36,Ireneusz Wysocki,S-R18,111.3,110.1,04:47,10:32,24,956
2026-11-13,P-36,Patryk Borkowski,S-R19,110.2,108.2,13:15,19:06,23,782
2026-11-13,P-37,Piotr Adamczyk,N-R23,187.4,186.0,04:48,11:16,17,872
2026-11-13,P-38,Arkadiusz Lis,S-R20,198.8,198.8,05:17,12:13,18,893
2026-11-14,P-03,Dariusz Kaczmarek,N-R03,105.8,105.1,04:51,10:29,25,1100
2026-11-14,P-04,Paweł Zieliński,N-R09,113.5,111.6,04:17,08:39,13,780
2026-11-14,P-05,Janusz Kozłowski,S-R03,99.9,99.5,04:32,09:52,20,757
2026-11-14,P-07,Zbigniew Michalski,S-R01,97.8,98.4,04:37,09:50,22,1120
2026-11-14,P-08,Rafał Dudek,N-R05,88.2,87.6,04:33,09:23,19,666
2026-11-14,P-09,Adam Mazur,N-R02,111.4,111.8,04:53,10:21,22,742
2026-11-14,P-11,Jacek Wieczorek,N-R11,72.1,51.2,05:31,11:09,29,822
2026-11-14,P-12,Henryk Walczak,S-R05,83.2,82.3,04:47,10:19,19,658
2026-11-14,P-16,Emil Sobczak,N-R12,121.2,81.1,05:00,11:51,31,684
2026-11-14,P-19,Robert Wróbel,N-R01,107.7,107.0,04:43,10:06,20,775
2026-11-14,P-20,Leszek Ostrowski,S-R07,109.1,108.0,04:35,10:18,21,821
2026-11-14,P-21,Michał Kowalczyk,N-R10,115.5,114.2,04:57,10:25,20,830
2026-11-14,P-22,Wojciech Nowicki,N-R06,76.5,76.1,05:06,09:45,26,923
2026-11-14,P-24,Mariusz Grabowski,N-R04,102.2,101.1,04:33,09:22,15,704
2026-11-14,P-25,Marcin Pawłowski,S-R04,100.5,98.6,04:39,10:07,26,693
2026-11-14,P-26,Agnieszka Lewandowska,N-R13,92.8,92.5,04:54,10:34,22,827
2026-11-14,P-31,Szymon Wróblewski,S-R09,99.1,96.8,05:04,10:01,20,704
2026-11-14,P-33,Krzysztof Górski,N-R15,158.6,,04:45,11:01,15,776
2026-11-14,P-34,Wiesław Kołodziej,S-R17,97.8,96.8,04:18,09:20,21,1041
2026-11-14,P-35,Marek Zawadzki,N-R22,99.7,99.7,04:28,09:42,23,954
2026-11-14,P-36,Ireneusz Wysocki,S-R18,94.2,93.1,04:33,10:57,20,920
2026-11-09,P-01,Grzegorz Pawlak,N-R14,176.6,175.8,05:06,11:31,17,789
2026-11-09,P-02,Radosław Kalinowski,S-R08,80.8,48.3,05:31,12:07,35,968
2026-11-09,P-03,Dariusz Kaczmarek,N-R03,125.0,122.9,04:48,11:17,25,1099
2026-11-09,P-04,Konrad Szewczyk,N-R09,139.1,137.8,04:59,12:00,28,923
2026-11-09,P-05,Janusz Kozłowski,S-R03,122.5,124.1,04:53,11:15,26,885
2026-11-09,P-06,Katarzyna Wójcik,N-R21,89.4,66.0,06:04,12:44,34,824
2026-11-09,P-07,Zbigniew Michalski,S-R01,126.3,126.2,05:09,12:41,26,1099
2026-11-09,P-08,Rafał Dudek,N-R05,103.2,102.6,05:03,11:10,21,713
2026-11-09,P-08,Łukasz Szymański,N-R17,81.7,80.7,12:54,17:31,20,557
2026-11-09,P-09,Adam Mazur,N-R02,130.5,129.1,04:50,11:15,23,708
2026-11-09,P-09,Emil Sobczak,N-R19,115.0,113.8,13:20,19:43,23,667
2026-11-09,P-10,Joanna Król,S-R12,87.8,87.2,05:30,11:29,34,693
2026-11-09,P-11,Jacek Wieczorek,N-R11,95.6,63.6,05:20,11:46,32,976
2026-11-09,P-12,Henryk Walczak,S-R05,95.6,95.9,05:00,10:57,22,677
2026-11-09,P-12,Kinga Dziedzic,S-R15,78.9,78.4,12:47,17:28,18,662
2026-11-09,P-13,Sebastian Jabłoński,N-R07,139.2,138.4,04:53,12:08,28,806
2026-11-09,P-14,Artur Pietrzak,N-R16,90.0,88.9,05:36,11:10,24,708
2026-11-09,P-15,Stanisław Czarnecki,S-R10,77.6,77.3,05:33,10:49,26,953
2026-11-09,P-17,Waldemar Kasprzak,S-R06,115.8,113.7,05:05,11:22,26,1053
2026-11-09,P-18,Ryszard Mróz,S-R11,78.2,52.8,05:42,11:53,35,740
2026-11-09,P-19,Robert Wróbel,N-R01,126.5,125.0,05:01,11:31,26,876
2026-11-09,P-20,Leszek Ostrowski,S-R07,135.7,136.5,05:23,12:27,26,886
2026-11-09,P-21,Michał Kowalczyk,N-R10,138.8,137.6,05:07,11:40,25,764
2026-11-09,P-22,Wojciech Nowicki,N-R06,89.9,89.7,05:26,11:35,32,901
2026-11-09,P-23,Jerzy Tomaszewski,S-R02,123.0,121.8,04:57,11:33,31,1205
2026-11-09,P-24,Mariusz Grabowski,N-R04,142.0,140.9,05:06,11:14,20,823
2026-11-09,P-24,Przemysław Olszewski,N-R20,134.7,132.5,13:18,19:10,17,701
2026-11-09,P-25,Marcin Pawłowski,S-R04,138.3,134.8,05:03,11:52,28,761
2026-11-09,P-26,Agnieszka Lewandowska,N-R13,116.1,115.8,05:10,11:15,23,787
2026-11-09,P-27,Magdalena Jankowska,S-R13,87.1,87.2,05:32,11:40,29,832
2026-11-09,P-28,Bartosz Sikora,N-R18,88.4,88.1,06:16,12:10,28,755
2026-11-09,P-29,Dawid Majewski,S-R14,204.2,202.0,04:48,11:30,16,821
2026-11-09,P-30,Tadeusz Baran,N-R08,126.4,125.3,05:22,12:06,27,859
2026-11-09,P-31,Szymon Wróblewski,S-R09,142.9,141.3,05:11,12:27,27,874
2026-11-09,P-32,Andrzej Zając,S-R16,103.7,102.9,05:52,11:23,23,764
2026-11-09,P-33,Krzysztof Górski,N-R15,188.1,187.1,05:13,11:43,19,839
2026-11-09,P-34,Wiesław Kołodziej,S-R17,117.8,118.0,04:40,11:56,29,1023
2026-11-09,P-35,Marek Zawadzki,N-R22,115.7,115.5,04:52,10:41,27,1025
2026-11-09,P-36,Ireneusz Wysocki,S-R18,112.0,110.4,04:34,10:40,25,752
2026-11-09,P-36,Patryk Borkowski,S-R19,117.1,116.4,13:20,18:56,20,799
2026-11-09,P-37,Piotr Adamczyk,N-R23,196.1,195.1,04:58,11:07,16,784
2026-11-09,P-38,Arkadiusz Lis,S-R20,195.9,195.3,05:24,11:38,16,729
2026-11-10,P-01,Grzegorz Pawlak,N-R14,187.5,186.2,05:29,11:34,18,755
2026-11-10,P-02,Radosław Kalinowski,S-R08,74.4,50.2,05:44,11:52,36,806
2026-11-10,P-03,Dariusz Kaczmarek,N-R03,104.6,104.7,04:53,12:40,35,1052
2026-11-10,P-04,Paweł Zieliński,N-R09,136.2,135.1,05:05,12:32,29,946
2026-11-10,P-05,Janusz Kozłowski,S-R03,128.1,126.4,04:52,11:35,25,912
2026-11-10,P-06,Katarzyna Wójcik,N-R21,78.3,57.6,06:00,13:11,39,855
2026-11-10,P-07,Zbigniew Michalski,S-R01,122.7,123.4,04:41,10:54,25,977
2026-11-10,P-09,Adam Mazur,N-R02,133.1,132.3,04:51,11:58,26,701
2026-11-10,P-09,Konrad Szewczyk,N-R19,122.0,120.7,13:04,19:15,23,737
2026-11-10,P-10,Joanna Król,S-R12,99.3,84.0,05:28,11:13,29,722
2026-11-10,P-11,Jacek Wieczorek,N-R11,86.5,70.5,05:26,11:35,33,921
2026-11-10,P-12,Henryk Walczak,S-R05,95.7,95.1,04:49,10:15,19,727
2026-11-10,P-12,Damian Stępień,S-R15,81.0,80.0,12:58,18:03,20,714
2026-11-10,P-13,Sebastian Jabłoński,N-R07,139.9,137.8,05:00,12:19,29,983
2026-11-10,P-14,Artur Pietrzak,N-R16,98.6,98.1,05:27,11:35,25,871
2026-11-10,P-15,Stanisław Czarnecki,S-R10,98.6,97.9,05:53,11:32,25,927
2026-11-10,P-16,Emil Sobczak,N-R12,133.2,133.2,05:20,12:10,34,660
2026-11-10,P-17,Waldemar Kasprzak,S-R06,140.5,139.0,05:06,12:15,28,923
2026-11-10,P-18,Ryszard Mróz,S-R11,97.5,66.2,05:54,12:16,32,883
2026-11-10,P-19,Robert Wróbel,N-R01,135.2,133.8,05:14,11:11,24,892
2026-11-10,P-20,Leszek Ostrowski,S-R07,136.8,134.3,05:13,12:26,28,726
2026-11-10,P-22,Wojciech Nowicki,N-R06,101.2,100.7,05:37,12:04,29,969
2026-11-10,P-23,Jerzy Tomaszewski,S-R02,126.3,124.7,04:56,11:26,26,914
2026-11-10,P-24,Mariusz Grabowski,N-R04,145.1,144.2,04:53,11:21,22,821
2026-11-10,P-24,Przemysław Olszewski,N-R20,137.5,136.8,13:11,19:20,20,565
2026-11-10,P-25,Marcin Pawłowski,S-R04,143.4,140.9,04:38,11:49,26,839
2026-11-10,P-26,Agnieszka Lewandowska,N-R13,123.1,123.3,05:02,11:38,28,833
2026-11-10,P-27,Kinga Dziedzic,S-R13,122.6,121.4,05:29,11:43,29,963
2026-11-10,P-29,Dawid Majewski,S-R14,217.5,217.7,04:43,11:26,19,729
2026-11-10,P-30,Tadeusz Baran,N-R08,128.9,128.4,05:01,11:37,25,916
2026-11-10,P-31,Szymon Wróblewski,S-R09,133.4,,05:11,11:21,24,783
2026-11-10,P-32,Andrzej Zając,S-R16,107.6,107.3,06:03,11:51,26,763
2026-11-10,P-33,Krzysztof Górski,N-R15,195.3,193.1,05:02,11:19,18,839
2026-11-10,P-34,Wiesław Kołodziej,S-R17,117.3,117.6,05:07,11:35,27,1185
2026-11-10,P-35,Marek Zawadzki,N-R22,119.4,117.7,05:01,11:24,31,891
2026-11-10,P-36,Ireneusz Wysocki,S-R18,113.5,112.9,05:01,11:42,25,837
2026-11-10,P-36,Patryk Borkowski,S-R19,100.8,99.0,13:30,19:13,21,858
2026-11-10,P-37,Piotr Adamczyk,N-R23,184.6,183.9,05:22,11:38,23,754
2026-11-10,P-38,Arkadiusz Lis,S-R20,183.4,183.4,04:51,11:28,16,964
2026-11-11,P-01,Grzegorz Pawlak,N-R14,219.2,219.4,05:28,12:10,14,689
2026-11-11,P-02,Radosław Kalinowski,S-R08,77.3,76.3,05:13,12:16,37,872
2026-11-11,P-03,Dariusz Kaczmarek,N-R03,114.9,114.2,04:29,10:58,24,907
2026-11-11,P-04,Paweł Zieliński,N-R09,140.2,138.2,05:03,11:52,27,763
2026-11-11,P-05,Janusz Kozłowski,S-R03,122.0,121.1,05:12,11:17,24,776
2026-11-11,P-06,Katarzyna Wójcik,N-R21,74.7,50.3,05:52,12:27,36,777
2026-11-11,P-07,Zbigniew Michalski,S-R01,130.6,130.8,05:09,11:39,27,1180
2026-11-11,P-08,Rafał Dudek,N-R05,91.7,91.8,05:06,10:47,24,607
2026-11-11,P-08,Łukasz Szymański,N-R17,89.3,88.4,12:56,18:57,21,667
2026-11-11,P-09,Adam Mazur,N-R02,134.4,135.2,04:44,12:44,27,641
2026-11-11,P-09,Konrad Szewczyk,N-R19,113.6,114.7,13:08,18:30,21,673
2026-11-11,P-10,Joanna Król,S-R12,86.2,71.7,05:46,12:14,32,693
2026-11-11,P-11,Jacek Wieczorek,N-R11,109.7,75.6,05:13,12:34,34,1018
2026-11-11,P-12,Henryk Walczak,S-R05,91.3,91.4,05:17,10:39,23,660
2026-11-11,P-12,Damian Stępień,S-R15,88.0,87.2,13:02,18:08,21,627
2026-11-11,P-13,Sebastian Jabłoński,N-R07,142.0,141.4,05:13,11:50,27,811
2026-11-11,P-14,Artur Pietrzak,N-R16,87.1,86.2,05:41,12:48,24,942
2026-11-11,P-15,Stanisław Czarnecki,S-R10,91.7,90.2,05:33,11:18,26,1008
2026-11-11,P-16,Emil Sobczak,N-R12,148.4,121.2,04:51,13:09,37,902
2026-11-11,P-18,Ryszard Mróz,S-R11,86.0,85.5,05:48,12:31,40,892
2026-11-11,P-19,Robert Wróbel,N-R01,140.8,139.8,04:23,11:09,23,807
2026-11-11,P-20,Leszek Ostrowski,S-R07,133.9,133.4,05:14,12:06,24,834
2026-11-11,P-21,Michał Kowalczyk,N-R10,139.2,139.6,05:11,11:13,26,799
2026-11-11,P-23,Jerzy Tomaszewski,S-R02,124.8,124.1,05:06,12:04,28,1039
2026-11-11,P-24,Mariusz Grabowski,N-R04,170.1,167.8,05:16,11:28,20,655
2026-11-11,P-24,Przemysław Olszewski,N-R20,124.4,122.5,13:42,20:36,17,486
2026-11-11,P-25,Marcin Pawłowski,S-R04,139.4,137.3,04:57,11:41,26,761
2026-11-11,P-26,Agnieszka Lewandowska,N-R13,135.2,135.4,05:44,12:33,27,770
2026-11-11,P-28,Bartosz Sikora,N-R18,138.5,139.0,05:54,14:08,35,763
2026-11-11,P-29,Dawid Majewski,S-R14,245.7,246.5,05:12,12:51,13,822
2026-11-11,P-30,Tadeusz Baran,N-R08,131.7,129.6,05:04,10:55,24,839
2026-11-11,P-31,Szymon Wróblewski,S-R09,130.4,129.1,04:39,10:53,27,763
2026-11-11,P-32,Andrzej Zając,S-R16,125.1,123.8,06:13,12:39,27,808
2026-11-11,P-33,Krzysztof Górski,N-R15,203.6,201.7,05:05,11:49,18,784
2026-11-11,P-35,Marek Zawadzki,N-R22,113.1,112.6,04:36,10:56,28,1148
2026-11-11,P-36,Ireneusz Wysocki,S-R18,129.3,128.3,05:02,11:15,24,872
2026-11-11,P-36,Patryk Borkowski,S-R19,96.5,96.0,13:18,18:25,21,829
2026-11-11,P-37,Piotr Adamczyk,N-R23,197.9,197.3,05:12,11:39,19,738
2026-11-11,P-38,Arkadiusz Lis,S-R20,185.9,184.2,05:05,11:22,18,850
2026-11-12,P-01,Grzegorz Pawlak,N-R14,217.0,218.3,05:17,11:45,18,833
2026-11-12,P-02,Radosław Kalinowski,S-R08,97.8,55.9,05:56,13:14,36,940
2026-11-12,P-03,Dariusz Kaczmarek,N-R03,115.1,113.3,04:45,11:22,25,1047
2026-11-12,P-04,Paweł Zieliński,N-R09,140.2,137.9,05:05,12:43,28,785
2026-11-12,P-05,Janusz Kozłowski,S-R03,122.9,122.3,05:31,11:35,27,962
2026-11-12,P-06,Katarzyna Wójcik,N-R21,74.6,53.2,05:44,11:24,33,916
2026-11-12,P-08,Rafał Dudek,N-R05,83.4,82.8,05:12,10:01,20,635
2026-11-12,P-08,Łukasz Szymański,N-R17,74.9,74.0,12:50,18:10,20,695
2026-11-12,P-09,Adam Mazur,N-R02,135.3,134.8,04:39,10:55,22,661
2026-11-12,P-09,Konrad Szewczyk,N-R19,124.1,123.9,13:14,19:28,21,693
2026-11-12,P-10,Joanna Król,S-R12,99.7,75.2,05:51,14:55,37,676
2026-11-12,P-12,Henryk Walczak,S-R05,92.7,92.8,05:19,11:15,24,677
2026-11-12,P-12,Damian Stępień,S-R15,79.4,78.9,13:11,19:07,21,547
2026-11-12,P-13,Sebastian Jabłoński,N-R07,139.9,139.0,05:02,11:57,29,818
2026-11-12,P-14,Artur Pietrzak,N-R16,106.7,106.1,05:56,12:12,28,750
2026-11-12,P-15,Stanisław Czarnecki,S-R10,105.5,104.5,05:22,11:26,27,1038
2026-11-12,P-16,Emil Sobczak,N-R12,169.4,140.1,05:16,13:54,34,739
2026-11-12,P-17,Waldemar Kasprzak,S-R06,134.4,132.9,04:49,11:32,30,926
2026-11-12,P-18,Ryszard Mróz,S-R11,95.1,95.2,05:46,11:55,32,746
2026-11-12,P-19,Robert Wróbel,N-R01,126.4,126.4,04:49,10:56,25,776
2026-11-12,P-20,Leszek Ostrowski,S-R07,137.6,137.0,05:30,11:34,27,800
2026-11-12,P-21,Michał Kowalczyk,N-R10,137.2,135.8,05:13,10:45,18,875
2026-11-12,P-22,Wojciech Nowicki,N-R06,105.3,104.6,05:40,12:01,26,827
2026-11-12,P-23,Jerzy Tomaszewski,S-R02,108.9,108.3,05:00,10:40,25,1102
2026-11-12,P-24,Mariusz Grabowski,N-R04,136.6,134.7,04:32,09:44,18,581
2026-11-12,P-24,Przemysław Olszewski,N-R20,118.6,117.9,13:11,18:32,19,573
2026-11-12,P-25,Marcin Pawłowski,S-R04,137.4,134.9,04:43,11:01,24,921
2026-11-12,P-26,Agnieszka Lewandowska,N-R13,127.0,126.6,05:07,11:32,27,857
2026-11-12,P-27,Kinga Dziedzic,S-R13,90.7,90.6,05:23,11:10,28,809
2026-11-12,P-29,Dawid Majewski,S-R14,184.5,184.5,05:02,11:13,17,884
2026-11-12,P-30,Tadeusz Baran,N-R08,137.0,136.6,05:16,11:47,26,938
2026-11-12,P-31,Szymon Wróblewski,S-R09,133.7,131.7,05:14,11:44,25,858
2026-11-12,P-32,Andrzej Zając,S-R16,117.9,117.6,05:50,11:50,26,791
2026-11-12,P-33,Krzysztof Górski,N-R15,206.8,205.0,05:02,12:23,17,848
2026-11-12,P-34,Wiesław Kołodziej,S-R17,117.8,116.9,04:42,11:02,28,1197
2026-11-12,P-35,Marek Zawadzki,N-R22,112.0,112.6,04:56,11:47,36,1074
2026-11-12,P-36,Ireneusz Wysocki,S-R18,114.0,112.1,05:16,10:44,16,782
2026-11-12,P-36,Patryk Borkowski,S-R19,95.3,93.8,13:13,18:14,24,875
2026-11-12,P-37,Piotr Adamczyk,N-R23,208.7,210.0,05:12,12:02,15,690
2026-11-12,P-38,Arkadiusz Lis,S-R20,201.5,199.0,05:06,12:12,18,1026
2026-11-13,P-01,Grzegorz Pawlak,N-R14,201.4,199.9,05:31,12:38,16,760
2026-11-13,P-02,Radosław Kalinowski,S-R08,74.3,50.3,05:33,12:23,38,861
2026-11-13,P-03,Dariusz Kaczmarek,N-R03,103.4,102.0,05:00,10:58,25,1082
2026-11-13,P-04,Paweł Zieliński,N-R09,137.8,136.0,05:06,12:06,26,815
2026-11-13,P-05,Janusz Kozłowski,S-R03,119.4,118.9,05:06,10:31,23,883
2026-11-13,P-06,Katarzyna Wójcik,N-R21,82.9,82.8,05:27,12:08,36,736
2026-11-13,P-07,Zbigniew Michalski,S-R01,163.5,163.6,04:43,11:45,27,837
2026-11-13,P-08,Rafał Dudek,N-R05,95.1,94.0,05:06,10:43,23,774
2026-11-13,P-08,Łukasz Szymański,N-R17,86.7,86.4,13:25,18:15,21,535
2026-11-13,P-09,Adam Mazur,N-R02,124.3,123.3,04:53,11:05,23,701
2026-11-13,P-09,Konrad Szewczyk,N-R19,119.6,119.5,13:14,19:39,21,609
2026-11-13,P-10,Joanna Król,S-R12,93.6,67.1,05:34,12:37,32,757
2026-11-13,P-11,Jacek Wieczorek,N-R11,99.8,76.7,05:45,13:01,37,839
2026-11-13,P-12,Henryk Walczak,S-R05,93.0,92.0,05:05,10:57,23,635
2026-11-13,P-12,Damian Stępień,S-R15,91.9,91.2,12:48,17:20,21,497
2026-11-13,P-13,Sebastian Jabłoński,N-R07,141.4,140.0,05:11,12:17,27,823
2026-11-13,P-14,Artur Pietrzak,N-R16,89.0,87.9,05:35,10:50,25,994
2026-11-13,P-15,Stanisław Czarnecki,S-R10,84.4,84.6,05:26,11:18,32,909
2026-11-13,P-18,Ryszard Mróz,S-R11,92.7,58.9,05:29,11:22,30,1000
2026-11-13,P-19,Robert Wróbel,N-R01,137.5,135.2,04:54,11:58,27,777
2026-11-13,P-20,Leszek Ostrowski,S-R07,127.8,126.4,05:10,11:45,27,619
2026-11-13,P-21,Michał Kowalczyk,N-R10,138.8,138.5,05:07,11:44,25,793
2026-11-13,P-22,Wojciech Nowicki,N-R06,107.9,107.2,05:21,12:29,29,846
2026-11-13,P-23,Jerzy Tomaszewski,S-R02,130.3,127.5,04:56,11:45,26,1133
2026-11-13,P-24,Mariusz Grabowski,N-R04,148.1,146.6,05:15,11:51,19,745
2026-11-13,P-24,Przemysław Olszewski,N-R20,125.4,125.5,13:13,18:42,19,512
2026-11-13,P-25,Marcin Pawłowski,S-R04,148.2,147.0,04:59,11:49,25,841
2026-11-13,P-26,Agnieszka Lewandowska,N-R13,120.0,119.6,05:13,10:52,26,653
2026-11-13,P-27,Kinga Dziedzic,S-R13,110.2,108.8,05:33,11:38,27,903
2026-11-13,P-28,Bartosz Sikora,N-R18,105.2,105.0,06:21,11:15,22,857
2026-11-13,P-29,Dawid Majewski,S-R14,225.5,225.0,04:44,13:27,19,723
2026-11-13,P-30,Tadeusz Baran,N-R08,127.9,125.7,05:27,11:34,26,861
2026-11-13,P-31,Szymon Wróblewski,S-R09,146.6,143.8,05:06,11:32,28,804
2026-11-13,P-32,Andrzej Zając,S-R16,97.3,98.2,06:07,12:08,29,622
2026-11-13,P-33,Krzysztof Górski,N-R15,191.0,189.3,05:00,11:24,21,919
2026-11-13,P-34,Wiesław Kołodziej,S-R17,129.5,129.3,04:27,11:05,25,1048
2026-11-13,P-35,Marek Zawadzki,N-R22,114.0,112.5,04:53,11:16,26,1186
2026-11-13,P-36,Ireneusz Wysocki,S-R18,111.3,110.1,04:47,10:32,24,956
2026-11-13,P-36,Patryk Borkowski,S-R19,110.2,108.2,13:15,19:06,23,782
2026-11-13,P-37,Piotr Adamczyk,N-R23,187.4,186.0,04:48,11:16,17,872
2026-11-13,P-38,Arkadiusz Lis,S-R20,198.8,198.8,05:17,12:13,18,893
2026-11-14,P-03,Dariusz Kaczmarek,N-R03,105.8,105.1,04:51,10:29,25,1100
2026-11-14,P-04,Paweł Zieliński,N-R09,113.5,111.6,04:17,08:39,13,780
2026-11-14,P-05,Janusz Kozłowski,S-R03,99.9,99.5,04:32,09:52,20,757
2026-11-14,P-07,Zbigniew Michalski,S-R01,97.8,98.4,04:37,09:50,22,1120
2026-11-14,P-08,Rafał Dudek,N-R05,88.2,87.6,04:33,09:23,19,666
2026-11-14,P-09,Adam Mazur,N-R02,111.4,111.8,04:53,10:21,22,742
2026-11-14,P-11,Jacek Wieczorek,N-R11,72.1,51.2,05:31,11:09,29,822
2026-11-14,P-12,Henryk Walczak,S-R05,83.2,82.3,04:47,10:19,19,658
2026-11-14,P-16,Emil Sobczak,N-R12,121.2,81.1,05:00,11:51,31,684
2026-11-14,P-19,Robert Wróbel,N-R01,107.7,107.0,04:43,10:06,20,775
2026-11-14,P-20,Leszek Ostrowski,S-R07,109.1,108.0,04:35,10:18,21,821
2026-11-14,P-21,Michał Kowalczyk,N-R10,115.5,114.2,04:57,10:25,20,830
2026-11-14,P-22,Wojciech Nowicki,N-R06,76.5,76.1,05:06,09:45,26,923
2026-11-14,P-24,Mariusz Grabowski,N-R04,102.2,101.1,04:33,09:22,15,704
2026-11-14,P-25,Marcin Pawłowski,S-R04,100.5,98.6,04:39,10:07,26,693
2026-11-14,P-26,Agnieszka Lewandowska,N-R13,92.8,92.5,04:54,10:34,22,827
2026-11-14,P-31,Szymon Wróblewski,S-R09,99.1,96.8,05:04,10:01,20,704
2026-11-14,P-33,Krzysztof Górski,N-R15,158.6,,04:45,11:01,15,776
2026-11-14,P-34,Wiesław Kołodziej,S-R17,97.8,96.8,04:18,09:20,21,1041
2026-11-14,P-35,Marek Zawadzki,N-R22,99.7,99.7,04:28,09:42,23,954
2026-11-14,P-36,Ireneusz Wysocki,S-R18,94.2,93.1,04:33,10:57,20,920
